{"features":[{"geometry":{"type":"Polygon","coordinates":[[[-71.67216723260218,43.05506622840365],[-71.67465129696848,43.05574277510027],[-71.67469167591103,43.055672181824825],[-71.6747406073241,43.05560455939299],[-71.67479769108725,43.055540465927926],[-71.6748624546583,43.05548042715088],[-71.67493436903187,43.05542493728057],[-71.67501284014587,43.055374450933044],[-71.67509722483963,43.05532938492119],[-71.67402478283779,43.05446481738167],[-71.67315110590613,43.05474188868545],[-71.67216723260218,43.05506622840365]]],"crs":null},"id":658984,"type":"Feature","properties":{"town":"Weare","name":"CamaID: 412-186-0039","pid":"000412000186000039","streetaddress":"26 EASTMAN WAY","townid":"4224","displayid":"412-186-0039","nh_gis_id":"064224-000412000186000039","objectid":658984}},{"geometry":{"type":"Polygon","coordinates":[[[-71.65861248999438,43.0552621418314],[-71.65873309468779,43.05575023427628],[-71.66029381812639,43.05554642522185],[-71.6611226908755,43.055422559015874],[-71.66112582798038,43.05541383291698],[-71.66112153669143,43.055398772860286],[-71.66106844521194,43.05535749746904],[-71.66091442601073,43.05523578230916],[-71.66077527223393,43.055118312008304],[-71.6605298939227,43.054862251964025],[-71.6603692280366,43.05467636255574],[-71.66019647610896,43.05442999338244],[-71.65848438553051,43.054675253180626],[-71.6584852859095,43.05467985491609],[-71.65860611685189,43.05523296776318],[-71.65861248999438,43.0552621418314]]],"crs":null},"id":658985,"type":"Feature","properties":{"town":"Weare","name":"CamaID: 412-028-0000","pid":"000412000028000000","streetaddress":"34 WORTHLEY ROAD","townid":"4224","displayid":"412-028-0000","nh_gis_id":"064224-000412000028000000","objectid":658985}},{"geometry":{"type":"Polygon","coordinates":[[[-71.67043343746232,43.056251832766776],[-71.67101724902962,43.056393476323464],[-71.67125409730677,43.05537630443345],[-71.66995074122117,43.050074602146196],[-71.66990430941422,43.05009985777137],[-71.66969292958264,43.05021750602474],[-71.66943731167989,43.050421621799394],[-71.66929513380596,43.05055113546848],[-71.66920290834283,43.050630350803814],[-71.66911002673059,43.05072874962258],[-71.66893242114874,43.05081990189818],[-71.66882195822824,43.05084619082852],[-71.6692809244706,43.05261401241975],[-71.66959262273194,43.053653451717416],[-71.66978740464216,43.054390385555074],[-71.670073498058,43.05487015291489],[-71.67016242808299,43.055116645679036],[-71.67009187661941,43.05566817404974],[-71.67022077778992,43.055812682545394],[-71.67018985819354,43.05597418123956],[-71.6702169235009,43.05607051121528],[-71.67030971614548,43.05616683910789],[-71.67043343746232,43.056251832766776]]],"crs":null},"id":658986,"type":"Feature","properties":{"town":"Weare","name":"CamaID: 412-186-0005","pid":"000412000186000005","streetaddress":"193 COLBY ROAD","townid":"4224","displayid":"412-186-0005","nh_gis_id":"064224-000412000186000005","objectid":658986}},{"geometry":{"type":"Polygon","coordinates":[[[-71.65091719731375,43.05630155235718],[-71.65098111525079,43.056427054752554],[-71.65100604628817,43.05611963745777],[-71.65110295876484,43.055460493826644],[-71.65121269929486,43.05471744418734],[-71.65129189044069,43.05406508782618],[-71.65129364445785,43.05405063672455],[-71.6513961957989,43.0529707995155],[-71.65147448608411,43.051977737061385],[-71.65151050174278,43.051290851141296],[-71.65133630541384,43.051243582472445],[-71.65130867868062,43.05192564905439],[-71.65134562122094,43.05205922495274],[-71.65134699313043,43.052203819572505],[-71.6512667202257,43.05237884880926],[-71.6512615961964,43.05239107423908],[-71.65121050404687,43.05307662746129],[-71.65112940572477,43.05385571322986],[-71.65111132183013,43.05409084341323],[-71.65106141366286,43.05472285349033],[-71.65105840151828,43.05476094739044],[-71.65104945135552,43.05484958864763],[-71.65104302181486,43.054926333595304],[-71.65102775784813,43.05515765818598],[-71.65097112913845,43.05542112038145],[-71.65093505282125,43.05560623364454],[-71.65085956380398,43.0559163552936],[-71.65086817258533,43.056102499975374],[-71.65091719731375,43.05630155235718]]],"crs":null},"id":658987,"type":"Feature","properties":{"town":"Weare","name":"CamaID: 409-105-0000","pid":"000409000105000000","streetaddress":"CLOUGH PARK ROAD","townid":"4224","displayid":"409-105-0000","nh_gis_id":"064224-000409000105000000","objectid":658987}},{"geometry":{"type":"Polygon","coordinates":[[[-71.74103025790514,43.0562242798289],[-71.74103541829311,43.05631758000649],[-71.74103995144195,43.05641089589284],[-71.7452452029707,43.0542704793063],[-71.74500327407809,43.05415585633566],[-71.74476659982814,43.054035479876696],[-71.74453543573628,43.05390947761186],[-71.74431002750136,43.05377798533331],[-71.7421562093758,43.052626110697084],[-71.74200003299144,43.05254213226828],[-71.74183877571429,43.05246348867371],[-71.74167277527434,43.052390344401964],[-71.74150238165593,43.05232285223283],[-71.74132795096305,43.05226115504175],[-71.74114985155146,43.05220538129503],[-71.74096845421374,43.05215564865743],[-71.74087544898771,43.05214175185685],[-71.74102385384239,43.05251293544277],[-71.74105056211155,43.05257275423203],[-71.74106899562724,43.05263422930746],[-71.74107897318633,43.052696746874524],[-71.74108039335586,43.05275968228282],[-71.74107324184786,43.052822407222905],[-71.7410575915282,43.0528842960272],[-71.74105217128798,43.05295663186112],[-71.74105448791435,43.05302905628278],[-71.74106452862448,43.053101126416124],[-71.74108222908004,43.05317239851682],[-71.74110748321576,43.0532424360676],[-71.74113329059342,43.053349671900314],[-71.74115030428268,43.05345784782598],[-71.7411584611677,43.053566576816145],[-71.74115773249672,43.05367546821743],[-71.74114812143445,43.05378413315393],[-71.74112966305962,43.05389218182685],[-71.74108809751685,43.054754834964186],[-71.74107920983575,43.05495948006365],[-71.74106139153113,43.055163812300776],[-71.74103466067245,43.05536762101984],[-71.74100971796867,43.05546560725346],[-71.74099236971433,43.055564469814406],[-71.74098267080467,43.055663894511106],[-71.74098065157884,43.05576356176534],[-71.74098631905554,43.05586315381283],[-71.74099965447304,43.055962351104256],[-71.74101743129465,43.05609316038206],[-71.74103025790514,43.0562242798289]]],"crs":null},"id":658988,"type":"Feature","properties":{"town":"Weare","name":"CamaID: 407-139-0000","pid":"000407000139000000","streetaddress":"DEERING CENTER ROAD","townid":"4224","displayid":"407-139-0000","nh_gis_id":"064224-000407000139000000","objectid":658988}},{"geometry":{"type":"Polygon","coordinates":[[[-71.74092998831055,43.05597559282836],[-71.74103995144195,43.05641089589284],[-71.74103541829311,43.05631758000649],[-71.74103025790514,43.0562242798289],[-71.74101743129465,43.05609316038206],[-71.74099965447304,43.055962351104256],[-71.74098631905554,43.05586315381283],[-71.74098065157884,43.05576356176534],[-71.74098267080467,43.055663894511106],[-71.74099236971433,43.055564469814406],[-71.74100971796867,43.05546560725346],[-71.74103466067245,43.05536762101984],[-71.74106139153113,43.055163812300776],[-71.74107920983575,43.05495948006365],[-71.74108809751685,43.054754834964186],[-71.74112966305962,43.05389218182685],[-71.74114812143445,43.05378413315393],[-71.74115773249672,43.05367546821743],[-71.7411584611677,43.053566576816145],[-71.74115030428268,43.05345784782598],[-71.74113329059342,43.053349671900314],[-71.74110748321576,43.0532424360676],[-71.74108222908004,43.05317239851682],[-71.74106452862448,43.053101126416124],[-71.74105448791435,43.05302905628278],[-71.74105217128798,43.05295663186112],[-71.7410575915282,43.0528842960272],[-71.74107324184786,43.052822407222905],[-71.74108039335586,43.05275968228282],[-71.74107897318633,43.052696746874524],[-71.74106899562724,43.05263422930746],[-71.74105056211155,43.05257275423203],[-71.74102385384239,43.05251293544277],[-71.74087544898771,43.05214175185685],[-71.74069634434385,43.052114989658385],[-71.7404503805097,43.05206379646271],[-71.74020620511997,43.052008188051396],[-71.73996396678382,43.05194819764686],[-71.7398992191851,43.052060072714674],[-71.73982746103269,43.05216962258381],[-71.7400569064681,43.05289370710053],[-71.7401628382723,43.053258406250194],[-71.74020433690346,43.0534310089007],[-71.7402799694094,43.05371215194363],[-71.74032631430507,43.05387407359646],[-71.74044998514833,43.05426302779231],[-71.74056996647383,43.054624406591444],[-71.74065199853523,43.0548860214025],[-71.74071650906062,43.05515626931246],[-71.74092998831055,43.05597559282836]]],"crs":null},"id":658989,"type":"Feature","properties":{"town":"Weare","name":"CamaID: 407-121-0000","pid":"000407000121000000","streetaddress":"382 DEERING CENTER ROAD","townid":"4224","displayid":"407-121-0000","nh_gis_id":"064224-000407000121000000","objectid":658989}},{"geometry":{"type":"Polygon","coordinates":[[[-71.68124751074147,43.055114419684244],[-71.68437643225366,43.056461670741726],[-71.68473864984365,43.05639586208076],[-71.68443067802022,43.05567725583778],[-71.68156716510484,43.05459963047852],[-71.68124751074147,43.055114419684244]]],"crs":null},"id":658990,"type":"Feature","properties":{"town":"Weare","name":"CamaID: 412-186-0023","pid":"000412000186000023","streetaddress":"156 ROLLING HILL DRIVE","townid":"4224","displayid":"412-186-0023","nh_gis_id":"064224-000412000186000023","objectid":658990}},{"geometry":{"type":"Polygon","coordinates":[[[-71.71859725428173,43.05564233627509],[-71.71944607226175,43.056465826881],[-71.720034760238,43.056447451439176],[-71.71972948077322,43.05546442753437],[-71.718386927574,43.055251106811326],[-71.71838439324554,43.05530720476842],[-71.71844878370112,43.05554751570869],[-71.71859725428173,43.05564233627509]]],"crs":null},"id":658991,"type":"Feature","properties":{"town":"Weare","name":"CamaID: 408-069-0004","pid":"000408000069000004","streetaddress":"23 CORLISS DRIVE","townid":"4224","displayid":"408-069-0004","nh_gis_id":"064224-000408000069000004","objectid":658991}},{"geometry":{"type":"Polygon","coordinates":[[[-71.71820699547712,43.056217085930285],[-71.71827781934121,43.05650228461312],[-71.71944607226175,43.056465826881],[-71.71859725428173,43.05564233627509],[-71.71844878370112,43.05554751570869],[-71.71838439324554,43.05530720476842],[-71.71817515025778,43.05531609650429],[-71.71820699547712,43.056217085930285]]],"crs":null},"id":658992,"type":"Feature","properties":{"town":"Weare","name":"CamaID: 408-069-0003","pid":"000408000069000003","streetaddress":"25 CORLISS DRIVE","townid":"4224","displayid":"408-069-0003","nh_gis_id":"064224-000408000069000003","objectid":658992}},{"geometry":{"type":"Polygon","coordinates":[[[-71.67537300517375,43.0553774648661],[-71.67528875207213,43.055405806807265],[-71.67520859716869,43.055439949077595],[-71.6751332818283,43.055479575671065],[-71.6750635019966,43.055524321076824],[-71.67499990206326,43.055573772980004],[-71.67494306995212,43.05562747316162],[-71.67489352852954,43.0556849256002],[-71.67485173683227,43.05574560097216],[-71.67481808147417,43.055808937552136],[-71.6747928729643,43.055874351114696],[-71.674776343251,43.05594123673447],[-71.67476864694942,43.05600897778773],[-71.6747698527478,43.05607694685266],[-71.6747799507728,43.05614451831145],[-71.67479884767782,43.05621106564999],[-71.67482636909855,43.05627597586043],[-71.67486226087934,43.05633864944157],[-71.6749061915278,43.05639850579972],[-71.67495775589782,43.056454994051016],[-71.67501647641645,43.056507591221134],[-71.67508181044961,43.056555812147515],[-71.67615638107081,43.05582267178706],[-71.67615423111828,43.0558191252947],[-71.67583743889705,43.05526048475545],[-71.67537300517375,43.0553774648661]]],"crs":null},"id":658993,"type":"Feature","properties":{"town":"Weare","name":"CamaID: 412-186-0031","pid":"000412000186000031","streetaddress":"39 EASTMAN WAY","townid":"4224","displayid":"412-186-0031","nh_gis_id":"064224-000412000186000031","objectid":658993}},{"geometry":{"type":"Polygon","coordinates":[[[-71.65662309596256,43.056001718394285],[-71.6569810673184,43.056561125773534],[-71.65885990542844,43.056411358580704],[-71.65874723634006,43.05582254052875],[-71.65701933831308,43.05595911321016],[-71.65662312419796,43.05599418127172],[-71.65662309596256,43.056001718394285]]],"crs":null},"id":658994,"type":"Feature","properties":{"town":"Weare","name":"CamaID: 412-059-0000","pid":"000412000059000000","streetaddress":"130 DEERHAVEN ROAD","townid":"4224","displayid":"412-059-0000","nh_gis_id":"064224-000412000059000000","objectid":658994}},{"geometry":{"type":"Polygon","coordinates":[[[-71.7127770359951,43.05610299715659],[-71.71291956072845,43.05660825283629],[-71.714111609739,43.05618310237537],[-71.71406386406822,43.0561297294683],[-71.71386869689816,43.05595058805579],[-71.71369296010018,43.05580826428494],[-71.71361028980053,43.055750550508094],[-71.7127738875953,43.05609511203441],[-71.7127770359951,43.05610299715659]]],"crs":null},"id":658995,"type":"Feature","properties":{"town":"Weare","name":"CamaID: 408-165-0000","pid":"000408000165000000","streetaddress":"840 SOUTH STARK HIGHWAY","townid":"4224","displayid":"408-165-0000","nh_gis_id":"064224-000408000165000000","objectid":658995}},{"geometry":{"type":"Polygon","coordinates":[[[-71.70612876498424,43.05612355917933],[-71.70630467551537,43.056645209078695],[-71.7077687086487,43.05651584135736],[-71.70775687073244,43.05648352860184],[-71.70768065300211,43.0562263458338],[-71.70759792456634,43.05597024643667],[-71.70612876498424,43.05612355917933]]],"crs":null},"id":658996,"type":"Feature","properties":{"town":"Weare","name":"CamaID: 411-152-0010","pid":"000411000152000010","streetaddress":"54 CORTLAND AVENUE","townid":"4224","displayid":"411-152-0010","nh_gis_id":"064224-000411000152000010","objectid":658996}},{"geometry":{"type":"Polygon","coordinates":[[[-71.6809372891517,43.0556119028019],[-71.68317683005475,43.05667960936892],[-71.68437643225366,43.056461670741726],[-71.68124751074147,43.055114419684244],[-71.68095107451526,43.0555918074813],[-71.6809372891517,43.0556119028019]]],"crs":null},"id":658997,"type":"Feature","properties":{"town":"Weare","name":"CamaID: 412-186-0024","pid":"000412000186000024","streetaddress":"154 ROLLING HILL DRIVE","townid":"4224","displayid":"412-186-0024","nh_gis_id":"064224-000412000186000024","objectid":658997}},{"geometry":{"type":"Polygon","coordinates":[[[-71.65885990542844,43.056411358580704],[-71.65892696942268,43.056687251769496],[-71.6592107109506,43.056646382173476],[-71.65916220311752,43.05603284554047],[-71.65995958255648,43.05592009560117],[-71.6599731514501,43.056046585610844],[-71.66083474598757,43.05592860962252],[-71.66084588747255,43.05585944831176],[-71.66086480033694,43.05579120016576],[-71.66089135562117,43.05572433596316],[-71.66092536790285,43.05565931297592],[-71.66096660757268,43.05559657857064],[-71.6610147873328,43.05553656390695],[-71.66106957938307,43.05547968123812],[-71.66108643841768,43.05546363382526],[-71.66111295347403,43.05544386467449],[-71.66111984967681,43.05543046237341],[-71.6611226908755,43.055422559015874],[-71.66029381812639,43.05554642522185],[-71.65873309468779,43.05575023427628],[-71.65873445530755,43.055755743412384],[-71.65874723634006,43.05582254052875],[-71.65885990542844,43.056411358580704]]],"crs":null},"id":658998,"type":"Feature","properties":{"town":"Weare","name":"CamaID: 412-027-0001","pid":"000412000027000001","streetaddress":"2 HILLCREST DRIVE","townid":"4224","displayid":"412-027-0001","nh_gis_id":"064224-000412000027000001","objectid":658998}},{"geometry":{"type":"Polygon","coordinates":[[[-71.660145721382,43.05668966991346],[-71.6603860639536,43.05670375120743],[-71.66066911039803,43.05629124632453],[-71.66065669796396,43.056160901034694],[-71.66037747553075,43.05638414803947],[-71.66001011879528,43.05637461337345],[-71.66000885513603,43.05637941480747],[-71.65994005357699,43.05664072566924],[-71.660145721382,43.05668966991346]]],"crs":null},"id":658999,"type":"Feature","properties":{"town":"Weare","name":"CamaID: 412-027-0003","pid":"000412000027000003","streetaddress":"8 HILLCREST DRIVE","townid":"4224","displayid":"412-027-0003","nh_gis_id":"064224-000412000027000003","objectid":658999}},{"geometry":{"type":"Polygon","coordinates":[[[-71.65060801228435,43.05678012084263],[-71.65078163838749,43.05681707994743],[-71.65080943206196,43.05656177846215],[-71.65065098509048,43.05671413809567],[-71.65060801228435,43.05678012084263]]],"crs":null},"id":659000,"type":"Feature","properties":{"town":"Weare","name":"CamaID: 412-068-0001","pid":"000412000068000001","streetaddress":"BOISVERT ROAD","townid":"4224","displayid":"412-068-0001","nh_gis_id":"064224-000412000068000001","objectid":659000}},{"geometry":{"type":"Polygon","coordinates":[[[-71.67646550396664,43.05633176668095],[-71.67684025352925,43.05685798331346],[-71.67735389728679,43.0568132412427],[-71.67727873406973,43.0563772400491],[-71.6780381095591,43.05567300536365],[-71.67749748500844,43.055271941042875],[-71.67690051265753,43.055816702528375],[-71.67646550396664,43.05633176668095]]],"crs":null},"id":659001,"type":"Feature","properties":{"town":"Weare","name":"CamaID: 412-186-0029","pid":"000412000186000029","streetaddress":"102 ROLLING HILL DRIVE","townid":"4224","displayid":"412-186-0029","nh_gis_id":"064224-000412000186000029","objectid":659001}},{"geometry":{"type":"Polygon","coordinates":[[[-71.7908489884804,43.09254713800551],[-71.7909286553669,43.09267617828672],[-71.79144209964316,43.09165290507201],[-71.79114344954438,43.0905661988714],[-71.79425400293738,43.090446954233656],[-71.79379944299119,43.09005258942631],[-71.79334353653908,43.08965758515876],[-71.79305241838425,43.08939940224386],[-71.79294914995454,43.089303097802826],[-71.79285251157384,43.08920316459307],[-71.79276274077216,43.08909984811453],[-71.79268005789615,43.08899340198696],[-71.79260466487916,43.08888408705116],[-71.79204077415672,43.08790355527604],[-71.79196288684786,43.087746082899606],[-71.79195787262576,43.087739040997626],[-71.79195141543188,43.08773266229658],[-71.79194367402073,43.087727104151256],[-71.79193483903663,43.08772250317781],[-71.79192513055553,43.08771897435618],[-71.79191478701696,43.08771660384104],[-71.79190406399961,43.087715450763426],[-71.79189322807312,43.0877155436368],[-71.79188254451482,43.08771687947029],[-71.79187227977144,43.08771942646673],[-71.79183199271968,43.08773113577798],[-71.79178966801295,43.08773796390767],[-71.79174639714547,43.087739735928764],[-71.79170329766417,43.08773640471064],[-71.79166148247413,43.08772805635389],[-71.79162203158407,43.08771490752048],[-71.79158596383913,43.08769729646286],[-71.79152346535788,43.0876612383476],[-71.79145542999584,43.08763104000938],[-71.79138287557647,43.08760715221203],[-71.79130688604755,43.08758993203205],[-71.79122859673545,43.08757963837462],[-71.79114917959065,43.08757642298816],[-71.79106981986548,43.08758033589132],[-71.79096696927586,43.0875983384372],[-71.79086640891362,43.08762230109823],[-71.79076877708606,43.08765206925996],[-71.79067469975554,43.08768745501711],[-71.79056171582555,43.08775509337771],[-71.79045409069849,43.087827274363185],[-71.79035216657375,43.08790377167712],[-71.79025626351664,43.08798434284455],[-71.79011852754475,43.08811025086926],[-71.78997565712699,43.08823304698704],[-71.78993454612763,43.088261108013704],[-71.78988825128127,43.08828443253853],[-71.78983777868135,43.088302512679576],[-71.78978422799692,43.088314954776294],[-71.78972876178489,43.088321488424896],[-71.78967258707515,43.08832197099922],[-71.78961692713156,43.08831639308242],[-71.78957380799888,43.08830337800937],[-71.78953254866283,43.08828744888961],[-71.78949351663641,43.08826874755665],[-71.78944111135377,43.08824652921208],[-71.78938521979366,43.08822947252739],[-71.78932678576102,43.088217866339036],[-71.7892667921707,43.08821190492587],[-71.78920625122468,43.08821168892019],[-71.78919758238207,43.08822567416409],[-71.78918776599593,43.08822650742552],[-71.7892155018595,43.0883540031949],[-71.78936507745742,43.089041561688056],[-71.7887390253582,43.089147828684446],[-71.78897349197706,43.08952519475343],[-71.78920399021864,43.08989617069621],[-71.78944236609807,43.09027981831774],[-71.78967755111326,43.09065832710646],[-71.78990734810911,43.09102815730202],[-71.79015179409694,43.091421559114245],[-71.79038487703004,43.09179666691923],[-71.79050736701231,43.09199379374599],[-71.79061876244066,43.09217422720306],[-71.7908489884804,43.09254713800551]]],"crs":null},"id":659002,"type":"Feature","properties":{"town":"Weare","name":"CamaID: 105-053-0000","pid":"000105000053000000","streetaddress":"86 DUDLEY BROOK ROAD","townid":"4224","displayid":"105-053-0000","nh_gis_id":"064224-000105000053000000","objectid":659002}},{"geometry":{"type":"Polygon","coordinates":[[[-71.67201766181128,43.09259492286873],[-71.67211508527966,43.09277478281886],[-71.6738368334524,43.09242779958723],[-71.67361367383322,43.091945126260114],[-71.67359062309187,43.09194383772197],[-71.67185429665535,43.0922477972805],[-71.67188767074,43.09231852708488],[-71.67201766181128,43.09259492286873]]],"crs":null},"id":659003,"type":"Feature","properties":{"town":"Weare","name":"CamaID: 409-075-0000","pid":"000409000075000000","streetaddress":"967 RIVER ROAD","townid":"4224","displayid":"409-075-0000","nh_gis_id":"064224-000409000075000000","objectid":659003}},{"geometry":{"type":"Polygon","coordinates":[[[-71.79758085915198,43.09240589261251],[-71.79838038638009,43.09272325611136],[-71.7981895223861,43.091133342501436],[-71.79817596530516,43.0909181539547],[-71.79816940514982,43.090702789026956],[-71.79816692345442,43.090597985718986],[-71.79815509081892,43.090493526214985],[-71.79813395983282,43.09038985783345],[-71.79810361992277,43.09028742424775],[-71.797072124444,43.09051677899564],[-71.79629094424872,43.09063917166463],[-71.79526283522534,43.09084416220608],[-71.79515037292273,43.09089611460592],[-71.7952232517787,43.0909557037611],[-71.7951454260857,43.0910109235424],[-71.79570947226696,43.09150117466127],[-71.79605337073467,43.09176509891301],[-71.79615169644616,43.09182203111251],[-71.796254225299,43.0918748321137],[-71.79636063390083,43.09192333484134],[-71.79647058783156,43.09196738663619],[-71.79758085915198,43.09240589261251]]],"crs":null},"id":659004,"type":"Feature","properties":{"town":"Weare","name":"CamaID: 105-057-0000","pid":"000105000057000000","streetaddress":"DUDLEY BROOK ROAD","townid":"4224","displayid":"105-057-0000","nh_gis_id":"064224-000105000057000000","objectid":659004}},{"geometry":{"type":"Polygon","coordinates":[[[-71.68446163944344,43.092514771853416],[-71.68458007777879,43.09280345949992],[-71.68551378861619,43.092244897905225],[-71.6852770807154,43.09157783732747],[-71.68572788773169,43.091335132749236],[-71.68562952316985,43.09122834456173],[-71.68562142895752,43.091219960869374],[-71.68541123207717,43.09100223666845],[-71.68535474620347,43.09097172132454],[-71.68519487174676,43.091133344884874],[-71.68392593096289,43.09168680970505],[-71.68391348236109,43.09169440447026],[-71.68390292319432,43.09170340680683],[-71.68389454694383,43.091713567325534],[-71.68388858444168,43.09172460424061],[-71.6838852014173,43.09173621417193],[-71.68388449112838,43.09174807394677],[-71.68388647313628,43.091759855002074],[-71.68389109208063,43.09177123328682],[-71.6838982213646,43.091781892862016],[-71.6842518585465,43.0922066473912],[-71.68446163944344,43.092514771853416]]],"crs":null},"id":659005,"type":"Feature","properties":{"town":"Weare","name":"CamaID: 406-065-0008","pid":"000406000065000008","streetaddress":"NELSON SUBDIVISION","townid":"4224","displayid":"406-065-0008","nh_gis_id":"064224-000406000065000008","objectid":659005}},{"geometry":{"type":"Polygon","coordinates":[[[-71.74630934986222,43.092256427565694],[-71.74739331696208,43.09282237367646],[-71.74792306368379,43.09237213619557],[-71.74641135165244,43.09201400885917],[-71.7463990541058,43.09207722967619],[-71.74637778245226,43.0921391578055],[-71.74634777037815,43.092199110754876],[-71.74630934986222,43.092256427565694]]],"crs":null},"id":659006,"type":"Feature","properties":{"town":"Weare","name":"CamaID: 405-073-0018","pid":"000405000073000018","streetaddress":"107 HOLLY HILL FARM ROAD","townid":"4224","displayid":"405-073-0018","nh_gis_id":"064224-000405000073000018","objectid":659006}},{"geometry":{"type":"Polygon","coordinates":[[[-71.79001530470016,43.092640148097765],[-71.79004418858615,43.092719692380314],[-71.79007806945943,43.092798170871944],[-71.7908489884804,43.09254713800551],[-71.79061876244066,43.09217422720306],[-71.78992219706547,43.09240239621321],[-71.79001530470016,43.092640148097765]]],"crs":null},"id":659007,"type":"Feature","properties":{"town":"Weare","name":"CamaID: 106-010-0000","pid":"000106000010000000","streetaddress":"BRANCH ROAD","townid":"4224","displayid":"106-010-0000","nh_gis_id":"064224-000106000010000000","objectid":659007}},{"geometry":{"type":"Polygon","coordinates":[[[-71.78932326368191,43.0928410155882],[-71.78932409687854,43.09285107853124],[-71.78985747805875,43.092642861077884],[-71.78978492482169,43.092455428640626],[-71.7897694587935,43.092419367594644],[-71.78924973013049,43.092615238671115],[-71.78925622250216,43.0926354422043],[-71.78932326368191,43.0928410155882]]],"crs":null},"id":659008,"type":"Feature","properties":{"town":"Weare","name":"CamaID: 106-029-0000","pid":"000106000029000000","streetaddress":"116 BRANCH ROAD","townid":"4224","displayid":"106-029-0000","nh_gis_id":"064224-000106000029000000","objectid":659008}},{"geometry":{"type":"Polygon","coordinates":[[[-71.6691924499749,43.09245539567063],[-71.66935436501063,43.09294753976047],[-71.67181197547966,43.092566424100056],[-71.67148865951498,43.092143322188434],[-71.6691924499749,43.09245539567063]]],"crs":null},"id":659009,"type":"Feature","properties":{"town":"Weare","name":"CamaID: 409-078-0000","pid":"000409000078000000","streetaddress":"964 RIVER ROAD","townid":"4224","displayid":"409-078-0000","nh_gis_id":"064224-000409000078000000","objectid":659009}},{"geometry":{"type":"Polygon","coordinates":[[[-71.77547777180388,43.09224574422806],[-71.77558166242997,43.09292345111274],[-71.7764848598379,43.092788408506614],[-71.7764836915853,43.09278281420663],[-71.77638026037887,43.09209337134184],[-71.77637760267712,43.0920804322266],[-71.77547777180388,43.09224574422806]]],"crs":null},"id":659010,"type":"Feature","properties":{"town":"Weare","name":null,"pid":"000404000133000000","streetaddress":null,"townid":"4224","displayid":null,"nh_gis_id":"064224-000404000133000000","objectid":659010}},{"geometry":{"type":"Polygon","coordinates":[[[-71.73458432326956,43.09214164966352],[-71.73476613400268,43.09297034095586],[-71.73480950950251,43.09286537307715],[-71.73486010778431,43.0927621570966],[-71.73491780014308,43.092660958629985],[-71.73498243699348,43.09256204060395],[-71.73505071082938,43.09247554443523],[-71.73512652368152,43.09239248774337],[-71.73520955289567,43.09231322537158],[-71.73529944509428,43.09223809147733],[-71.73594417558058,43.09172685062707],[-71.73606713236761,43.09163497104282],[-71.73618548048921,43.091539896740514],[-71.73629906655901,43.09144175205041],[-71.73640774088278,43.09134066490103],[-71.73578488045317,43.090885774666006],[-71.73612307939639,43.09054847262168],[-71.73573391691274,43.08980970351539],[-71.73647375703186,43.08983701385804],[-71.73605528908699,43.08851741327625],[-71.73555743083196,43.08694739220169],[-71.73325535055332,43.087310424252166],[-71.73367842574058,43.08884848919908],[-71.73421161621346,43.090786754451486],[-71.73446881051385,43.09172166991442],[-71.73458432326956,43.09214164966352]]],"crs":null},"id":659011,"type":"Feature","properties":{"town":"Weare","name":"CamaID: 203-012-0000","pid":"000203000012000000","streetaddress":"FLANDERS MEMORIAL RD","townid":"4224","displayid":"203-012-0000","nh_gis_id":"064224-000203000012000000","objectid":659011}},{"geometry":{"type":"Polygon","coordinates":[[[-71.72135522848286,43.09297886127821],[-71.72145340493806,43.09298925082001],[-71.72154034655088,43.09297777887392],[-71.72164042075586,43.09294427083166],[-71.7217326154966,43.09289568514046],[-71.72178016997066,43.092851326451694],[-71.72185605595557,43.09280733935227],[-71.72194258659097,43.092785859271096],[-71.72203202189107,43.09277514458504],[-71.72209773595931,43.092744374858476],[-71.72213432757536,43.092684825656654],[-71.72213851467377,43.09261263224409],[-71.72211596870419,43.092545988698944],[-71.72209069030527,43.09246072567113],[-71.72205009348009,43.0923922221115],[-71.72201621519618,43.092334489355075],[-71.72201202706658,43.092265186820846],[-71.72201432895407,43.09225578619038],[-71.72195538271103,43.09225885004125],[-71.7219003257405,43.09226123056002],[-71.72181431752166,43.09225634904372],[-71.72173854576079,43.09226396672095],[-71.7216677339561,43.09228149277452],[-71.72160406818004,43.09231420202776],[-71.7215306766667,43.09235894660653],[-71.72147410420082,43.092423626225994],[-71.72141632794573,43.0924979876609],[-71.7213419167485,43.09258706120058],[-71.72129514528224,43.092662625334015],[-71.72125202399475,43.09269795215925],[-71.72117998946518,43.09273075518245],[-71.72113505574022,43.092782004033666],[-71.7211174952927,43.09285837063275],[-71.72112634422184,43.09293930199783],[-71.72121848272408,43.09295560059289],[-71.72135522848286,43.09297886127821]]],"crs":null},"id":659012,"type":"Feature","properties":{"town":"Weare","name":"CamaID: 203-098-0000","pid":"000203000098000000","streetaddress":"EAST ROAD","townid":"4224","displayid":"203-098-0000","nh_gis_id":"064224-000203000098000000","objectid":659012}},{"geometry":{"type":"Polygon","coordinates":[[[-71.73014500051329,43.092540027731054],[-71.7301540083021,43.09302249732246],[-71.73202949624029,43.092754396849706],[-71.7320066715528,43.09262173015895],[-71.73194024966453,43.09223566415044],[-71.73211987584084,43.091208882510216],[-71.73104282305373,43.0913850679108],[-71.73125856068717,43.09188148609318],[-71.73012248212692,43.09209210400129],[-71.73013934763456,43.0922411069697],[-71.73014685921638,43.09239051929508],[-71.73014500051329,43.092540027731054]]],"crs":null},"id":659013,"type":"Feature","properties":{"town":"Weare","name":"CamaID: 203-003-0000","pid":"000203000003000000","streetaddress":"1407 SOUTH STARK HIGHWAY","townid":"4224","displayid":"203-003-0000","nh_gis_id":"064224-000203000003000000","objectid":659013}},{"geometry":{"type":"Polygon","coordinates":[[[-71.78944444671896,43.09306336391799],[-71.7894528430842,43.09307990712829],[-71.789955113744,43.09288761320463],[-71.78994637332794,43.092866770316874],[-71.78991407493106,43.09278907232551],[-71.78985747805875,43.092642861077884],[-71.78932409687854,43.09285107853124],[-71.78932555924072,43.09285882557747],[-71.78932862275701,43.09286631706109],[-71.7893332133815,43.092873377529266],[-71.78933922637599,43.0928798387634],[-71.78934651650329,43.092885549691374],[-71.78941494155724,43.092997772700556],[-71.78944444671896,43.09306336391799]]],"crs":null},"id":659014,"type":"Feature","properties":{"town":"Weare","name":"CamaID: 106-028-0000","pid":"000106000028000000","streetaddress":"118 BRANCH ROAD","townid":"4224","displayid":"106-028-0000","nh_gis_id":"064224-000106000028000000","objectid":659014}},{"geometry":{"type":"Polygon","coordinates":[[[-71.79516776976521,43.093097511815735],[-71.79517542001058,43.09312538581011],[-71.79547510783648,43.093023317708244],[-71.7955586074524,43.092924526084104],[-71.79551283537218,43.09284222970839],[-71.79560964143569,43.09275793460818],[-71.79590953146797,43.09249679800792],[-71.7963717251999,43.09209279801302],[-71.79636615178,43.09209065833837],[-71.79622845588447,43.09203005953065],[-71.79609573987608,43.0919637622847],[-71.79596844149005,43.091891983962874],[-71.7958469813048,43.09181496355193],[-71.79573176272672,43.09173295446163],[-71.79479543896183,43.09232434797087],[-71.79487420707838,43.09244853012903],[-71.7949464210133,43.092574834063605],[-71.79501197594224,43.092703073570405],[-71.79507077563387,43.09283306153463],[-71.79512273244066,43.092964605429735],[-71.79516776976521,43.093097511815735]]],"crs":null},"id":659015,"type":"Feature","properties":{"town":"Weare","name":"CamaID: 105-048-0000","pid":"000105000048000000","streetaddress":"NE/S DUDLEY BROOK ROAD","townid":"4224","displayid":"105-048-0000","nh_gis_id":"064224-000105000048000000","objectid":659015}},{"geometry":{"type":"Polygon","coordinates":[[[-71.79560964143569,43.09275793460818],[-71.79665906552836,43.093164876342435],[-71.79668833761102,43.09313053422893],[-71.79692078059777,43.09291055510655],[-71.79722176471522,43.092419099601024],[-71.7963717251999,43.09209279801302],[-71.79590953146797,43.09249679800792],[-71.79560964143569,43.09275793460818]]],"crs":null},"id":659016,"type":"Feature","properties":{"town":"Weare","name":"CamaID: 105-047-0000","pid":"000105000047000000","streetaddress":"152 DUDLEY BROOK ROAD","townid":"4224","displayid":"105-047-0000","nh_gis_id":"064224-000105000047000000","objectid":659016}},{"geometry":{"type":"Polygon","coordinates":[[[-71.79082338796523,43.094897230485564],[-71.79086909391188,43.094957658397796],[-71.79085295707077,43.09490391272216],[-71.79082855840132,43.09485186831656],[-71.79079621742265,43.09480220265258],[-71.79075635431631,43.0947555660864],[-71.79070095189356,43.09472350110111],[-71.79064990138319,43.094687765906144],[-71.79060365298446,43.094648676877355],[-71.79056261641722,43.09460657923985],[-71.79052715231813,43.09456184437657],[-71.79037640200433,43.09443278621063],[-71.79032126281905,43.09439212058829],[-71.79030378227378,43.09437899798233],[-71.79025815732132,43.09433819872672],[-71.7902169420164,43.094294953446834],[-71.79018037884067,43.09424951663208],[-71.79014868327815,43.09420215630331],[-71.79012688947826,43.09416601302866],[-71.79007210438108,43.09407515375561],[-71.79003331024488,43.094018394334086],[-71.79000420311996,43.09398581996803],[-71.78997889884214,43.09396182906158],[-71.7899728795877,43.09395355853928],[-71.78996301747756,43.09394000999458],[-71.78994239304883,43.09390011083882],[-71.78991796983841,43.09386219433125],[-71.78986988142786,43.093793134218465],[-71.78983895169182,43.0937544181514],[-71.78981727684175,43.09372536347914],[-71.7898129157617,43.093719516205624],[-71.78979143259401,43.09367883480242],[-71.78976138249723,43.093615627902345],[-71.78972331130475,43.09353807830297],[-71.78970068443567,43.0934984774081],[-71.78968024422701,43.09346270345612],[-71.78960074951337,43.09332376033262],[-71.7895640593864,43.09326407295052],[-71.78953284437033,43.09321329310318],[-71.78946408057328,43.09310204360986],[-71.7894528430842,43.09307990712829],[-71.78944444671896,43.09306336391799],[-71.78941494155724,43.092997772700556],[-71.78934651650329,43.092885549691374],[-71.78933922637599,43.0928798387634],[-71.7893332133815,43.092873377529266],[-71.78932862275701,43.09286631706109],[-71.78932555924072,43.09285882557747],[-71.78932409687854,43.09285107853124],[-71.78932326368191,43.0928410155882],[-71.78925622250216,43.0926354422043],[-71.78924973013049,43.092615238671115],[-71.78921330896748,43.092523737274746],[-71.78917330299896,43.092433042649716],[-71.78917000871245,43.092417591255526],[-71.78916312183327,43.09240279002498],[-71.78915284836728,43.09238908251797],[-71.7891394986621,43.09237688247699],[-71.78912347263389,43.0923665567401],[-71.78902673886414,43.09229142898389],[-71.78891413014402,43.09219779092281],[-71.78880635265914,43.092101146444804],[-71.78870355774542,43.09200163042662],[-71.7886993915069,43.09199482242572],[-71.78867386776032,43.09196107547464],[-71.78864096453734,43.09193095504454],[-71.78860161701678,43.09190531978969],[-71.78854699945158,43.09186148325923],[-71.78849701781482,43.091814770242316],[-71.78844587306611,43.09175811972576],[-71.78840155027534,43.09169846078048],[-71.78836437947155,43.091636234143905],[-71.78834954738711,43.09162206782617],[-71.78833805915062,43.0916063226634],[-71.78833022019104,43.0915894160081],[-71.78832616315236,43.091571345919725],[-71.78832622516389,43.09155303290837],[-71.78833040352797,43.09153497746846],[-71.78833858622113,43.09151767390889],[-71.78835854930873,43.09137522145906],[-71.78836462126567,43.09133156512623],[-71.78837493029502,43.09123253156802],[-71.78838013671324,43.09118101051648],[-71.78837825596324,43.091129366478576],[-71.7883693099765,43.09107812152609],[-71.78835338822967,43.091027794057005],[-71.78833065018922,43.09097889339198],[-71.78830734238876,43.09094059546563],[-71.78827985304596,43.09090381875552],[-71.7882483631964,43.09086880611078],[-71.78820760604884,43.09083113431266],[-71.78816222191811,43.090796419052],[-71.78811261058152,43.09076496505491],[-71.78805920368858,43.090737047308394],[-71.78802682592234,43.09072934473642],[-71.78804587905029,43.0907428468004],[-71.78806816156568,43.09076088856577],[-71.78810215710901,43.09078671062205],[-71.78812722343855,43.09080568559265],[-71.78816015417975,43.09084270410828],[-71.78818053804532,43.09086702111395],[-71.7882024573703,43.09089017437266],[-71.78823393016306,43.090926506689236],[-71.78827993536889,43.09100439945272],[-71.78828912743374,43.091027973093894],[-71.7883071994916,43.091071955726974],[-71.78831342863573,43.09110771894262],[-71.78831999485345,43.09114250872151],[-71.78832143666693,43.091189602895355],[-71.78831176454183,43.09122881984219],[-71.78829676074332,43.09128175196019],[-71.78827748514648,43.09132663574424],[-71.78826242638374,43.09136671176633],[-71.78825072440569,43.091411766629896],[-71.7882518266208,43.091449265410084],[-71.78826011056151,43.09148561965136],[-71.78829187691204,43.09166020069067],[-71.78831070066767,43.09168981949587],[-71.78835336659792,43.09173217817819],[-71.7883914798635,43.091780316241866],[-71.7884206100513,43.09180875205058],[-71.7884496641524,43.09184960480039],[-71.78847645250688,43.09188071117406],[-71.78852864357142,43.091919252854716],[-71.7885686532702,43.09195054856301],[-71.78860642600296,43.09198909206392],[-71.7886513568413,43.09203062906974],[-71.78869467233109,43.092064613600876],[-71.7887294740583,43.09208892863008],[-71.7887737546339,43.09212827258021],[-71.78885299962269,43.09221993184232],[-71.78890287425567,43.092257005854975],[-71.7889474959537,43.09230594332362],[-71.7889896146292,43.09234011895501],[-71.7890298845163,43.09237229098156],[-71.78907463501476,43.09242166844221],[-71.78910054013237,43.09245613142388],[-71.78912204610228,43.09249267398585],[-71.78913699438851,43.09252612789705],[-71.7891392655692,43.092557009202714],[-71.78913136398867,43.092600078817824],[-71.78912879785182,43.092640001149014],[-71.78914270779406,43.092691079585784],[-71.789195411505,43.092798916852225],[-71.78921101299298,43.092845130780766],[-71.78923600842887,43.092887090370894],[-71.7892696477541,43.09293915854023],[-71.78930055181561,43.0929820137494],[-71.78933942321947,43.09303692260935],[-71.78937832226629,43.0930982594985],[-71.789420997953,43.09317231794354],[-71.78944862675145,43.09322947843275],[-71.78947419559431,43.09327548179031],[-71.78952361141977,43.09334478999613],[-71.78962510143137,43.09349446920252],[-71.78965590649652,43.093553880236364],[-71.78969486140099,43.093628073096],[-71.7897556062448,43.09372497975003],[-71.78980436555347,43.09377096078291],[-71.78984906642968,43.093818047964355],[-71.78987754931221,43.09385485651467],[-71.78989879530846,43.09389052244165],[-71.78992064453836,43.093936659323234],[-71.78994537997448,43.093977741370324],[-71.78998536965557,43.09402374257328],[-71.79001562304876,43.09406440368226],[-71.79004035982823,43.09410548570637],[-71.79006785854453,43.09416220779697],[-71.79013160374345,43.09427977067073],[-71.79015532021947,43.094302637150356],[-71.79019101160513,43.094334161978985],[-71.79020811643083,43.094351649903096],[-71.79024151846693,43.09438813439035],[-71.79036372358846,43.09451888799834],[-71.79040069260945,43.09455893773229],[-71.79045499990445,43.094610926477294],[-71.79050922585195,43.09465419719624],[-71.79065057883699,43.09475019514181],[-71.7906861379789,43.09477071365237],[-71.79072888502006,43.09481122060057],[-71.79076415847187,43.0948350006903],[-71.79080195916086,43.09486940446251],[-71.79082338796523,43.094897230485564]]],"crs":null},"id":659017,"type":"Feature","properties":{"town":"Weare","name":null,"pid":"000106000000000000","streetaddress":null,"townid":"4224","displayid":null,"nh_gis_id":"064224-000106000000000000","objectid":659017}},{"geometry":{"type":"Polygon","coordinates":[[[-71.7963329045778,43.0945570179468],[-71.79703448054931,43.0949894328009],[-71.79774765853057,43.09469299075133],[-71.79791733118101,43.094569601630276],[-71.79817032193682,43.09430300666822],[-71.79719341508526,43.0939626623344],[-71.79699028490441,43.09420120507874],[-71.79667510703204,43.09457132485012],[-71.7963329045778,43.0945570179468]]],"crs":null},"id":659018,"type":"Feature","properties":{"town":"Weare","name":"CamaID: 105-022-0000","pid":"000105000022000000","streetaddress":"30 THURBER ROAD","townid":"4224","displayid":"105-022-0000","nh_gis_id":"064224-000105000022000000","objectid":659018}},{"geometry":{"type":"Polygon","coordinates":[[[-71.79086909391188,43.094957658397796],[-71.7908761599899,43.09499818060757],[-71.79087722363141,43.09500239672085],[-71.79134750861932,43.094723177428385],[-71.7910768199093,43.09455723606549],[-71.79075635431631,43.0947555660864],[-71.79079621742265,43.09480220265258],[-71.79082855840132,43.09485186831656],[-71.79085295707077,43.09490391272216],[-71.79086909391188,43.094957658397796]]],"crs":null},"id":659019,"type":"Feature","properties":{"town":"Weare","name":"CamaID: 106-019-0000","pid":"000106000019000000","streetaddress":"150 BRANCH ROAD","townid":"4224","displayid":"106-019-0000","nh_gis_id":"064224-000106000019000000","objectid":659019}},{"geometry":{"type":"Polygon","coordinates":[[[-71.79155920349906,43.094707404345904],[-71.79162168176607,43.09474991749353],[-71.79167896834154,43.09479619176255],[-71.79173064245104,43.09484588735843],[-71.79177632503232,43.09489864193713],[-71.7918156836398,43.094954066098374],[-71.79184842632698,43.095011755094234],[-71.79223590976319,43.09479350348926],[-71.79200506917041,43.094419628623484],[-71.79142895617093,43.09462866686018],[-71.79155920349906,43.094707404345904]]],"crs":null},"id":659020,"type":"Feature","properties":{"town":"Weare","name":"CamaID: 106-016-0000","pid":"000106000016000000","streetaddress":"BRANCH ROAD","townid":"4224","displayid":"106-016-0000","nh_gis_id":"064224-000106000016000000","objectid":659020}},{"geometry":{"type":"Polygon","coordinates":[[[-71.72758750412459,43.093880468976444],[-71.72804674648872,43.09508389326515],[-71.72821718829917,43.0950455798491],[-71.72838890810141,43.09501046827313],[-71.72856179662298,43.09497858109475],[-71.72891389397202,43.094913551287895],[-71.72913523120505,43.09487299980338],[-71.72895412451413,43.09432666833719],[-71.73001257067992,43.09413241428324],[-71.73000744232733,43.09402136567189],[-71.72995790813718,43.092535627842956],[-71.72995993252559,43.0924082129535],[-71.72995485270823,43.09228084429826],[-71.72994267508933,43.092153734311594],[-71.7299234208107,43.09202709451813],[-71.72989712206872,43.09190113733549],[-71.72891283182453,43.09209062241625],[-71.7288858305907,43.0919821267751],[-71.72892364313117,43.091952598817265],[-71.72876958459638,43.09197553320664],[-71.72861565290727,43.09199891470162],[-71.7284989809183,43.0920132868197],[-71.72838121576473,43.092021577897185],[-71.72826294454507,43.09202374710735],[-71.72819807414527,43.092021077914026],[-71.728133131709,43.092022517973476],[-71.72806859991384,43.092028054424176],[-71.72800496018337,43.09203764830176],[-71.7270834954342,43.092150474554565],[-71.72758750412459,43.093880468976444]]],"crs":null},"id":659021,"type":"Feature","properties":{"town":"Weare","name":"CamaID: 203-100-0000","pid":"000203000100000000","streetaddress":"16 EAST ROAD","townid":"4224","displayid":"203-100-0000","nh_gis_id":"064224-000203000100000000","objectid":659021}},{"geometry":{"type":"Polygon","coordinates":[[[-71.6819270798922,43.09510738050113],[-71.68193137419726,43.09511279531499],[-71.68323798433242,43.0943615634327],[-71.6847641131207,43.093725753290826],[-71.68446037575417,43.09297781571181],[-71.68359122727607,43.09387505580441],[-71.68258067642053,43.09444037610038],[-71.68175676960549,43.09490919057119],[-71.6819270798922,43.09510738050113]]],"crs":null},"id":659022,"type":"Feature","properties":{"town":"Weare","name":"CamaID: 406-065-0013","pid":"000406000065000013","streetaddress":"NELSON SUBDIVISION","townid":"4224","displayid":"406-065-0013","nh_gis_id":"064224-000406000065000013","objectid":659022}},{"geometry":{"type":"Polygon","coordinates":[[[-71.76079534155565,43.0942251354547],[-71.76103279736779,43.095114019267065],[-71.76324125396559,43.09464395194297],[-71.76299564817273,43.09378114555778],[-71.76079534155565,43.0942251354547]]],"crs":null},"id":659023,"type":"Feature","properties":{"town":"Weare","name":"CamaID: 404-117-0002","pid":"000404000117000002","streetaddress":"225 THORNDIKE ROAD","townid":"4224","displayid":"404-117-0002","nh_gis_id":"064224-000404000117000002","objectid":659023}},{"geometry":{"type":"Polygon","coordinates":[[[-71.79602279109692,43.09446597438018],[-71.79672779443915,43.095124130344445],[-71.79703448054931,43.0949894328009],[-71.7963329045778,43.0945570179468],[-71.79602279109692,43.09446597438018]]],"crs":null},"id":659024,"type":"Feature","properties":{"town":"Weare","name":"CamaID: 105-019-0000","pid":"000105000019000000","streetaddress":"THURBER ROAD","townid":"4224","displayid":"105-019-0000","nh_gis_id":"064224-000105000019000000","objectid":659024}},{"geometry":{"type":"Polygon","coordinates":[[[-71.6856111077968,43.09525913756873],[-71.68561458149014,43.095267139451444],[-71.68708103128405,43.09431061231033],[-71.68708741398719,43.094293523355425],[-71.68710241629434,43.0942340360296],[-71.68709445565686,43.094211736784345],[-71.68705531440258,43.094166262071425],[-71.68703268409764,43.09412494676618],[-71.68703034200065,43.09408496369077],[-71.68703094611823,43.09406581799131],[-71.68694652174725,43.09401728983224],[-71.68686572827751,43.09397604329784],[-71.6868085439175,43.0939423368286],[-71.68681607103761,43.0938940966038],[-71.68683268654601,43.09382427063899],[-71.68682438747102,43.093758315268424],[-71.68681909703271,43.093727732220444],[-71.68531244520214,43.0945966055821],[-71.68531399031308,43.09460033651047],[-71.6856111077968,43.09525913756873]]],"crs":null},"id":659025,"type":"Feature","properties":{"town":"Weare","name":"CamaID: 406-065-0004","pid":"000406000065000004","streetaddress":"NELSON SUBDIVISION","townid":"4224","displayid":"406-065-0004","nh_gis_id":"064224-000406000065000004","objectid":659025}},{"geometry":{"type":"Polygon","coordinates":[[[-71.68343474301,43.094662375012575],[-71.68209045201269,43.09531339443145],[-71.68521389218066,43.09480411752242],[-71.68498626466591,43.09426913085649],[-71.68343474301,43.094662375012575]]],"crs":null},"id":659026,"type":"Feature","properties":{"town":"Weare","name":"CamaID: 406-065-0015","pid":"000406000065000015","streetaddress":"NELSON SUBDIVISION","townid":"4224","displayid":"406-065-0015","nh_gis_id":"064224-000406000065000015","objectid":659026}},{"geometry":{"type":"Polygon","coordinates":[[[-71.68193137419726,43.09511279531499],[-71.68209045201269,43.09531339443145],[-71.68343474301,43.094662375012575],[-71.68498626466591,43.09426913085649],[-71.6847641131207,43.093725753290826],[-71.68323798433242,43.0943615634327],[-71.68193137419726,43.09511279531499]]],"crs":null},"id":659027,"type":"Feature","properties":{"town":"Weare","name":"CamaID: 406-065-0014","pid":"000406000065000014","streetaddress":"NELSON SUBDIVISION","townid":"4224","displayid":"406-065-0014","nh_gis_id":"064224-000406000065000014","objectid":659027}},{"geometry":{"type":"Polygon","coordinates":[[[-71.79571948136626,43.09437692696385],[-71.79642108612109,43.09525883608992],[-71.79672779443915,43.095124130344445],[-71.79602279109692,43.09446597438018],[-71.79571948136626,43.09437692696385]]],"crs":null},"id":659028,"type":"Feature","properties":{"town":"Weare","name":"CamaID: 105-018-0000","pid":"000105000018000000","streetaddress":"35 WINTER ROAD","townid":"4224","displayid":"105-018-0000","nh_gis_id":"064224-000105000018000000","objectid":659028}},{"geometry":{"type":"Polygon","coordinates":[[[-71.75075820419984,43.09489891100634],[-71.75171456314749,43.09531704689403],[-71.75182987464751,43.095307740753825],[-71.75178195071605,43.09527858049397],[-71.75174014106115,43.095244742917416],[-71.75170528679408,43.095206909729946],[-71.75167809032983,43.09516584195471],[-71.75165909694567,43.095122367342995],[-71.75164869229819,43.095077360571715],[-71.75164708274954,43.09503172705493],[-71.7516543014886,43.094986386735876],[-71.75167020358691,43.094942250686536],[-71.75169446966855,43.09490020850258],[-71.75172660956528,43.09486110579717],[-71.75176597826753,43.094825730686885],[-71.75181178081215,43.094794794885416],[-71.75186309805873,43.094768920182574],[-71.75191889404559,43.09474862853781],[-71.75192565935069,43.09474759010909],[-71.75168282438405,43.09381273164198],[-71.75054361659748,43.094045329506585],[-71.75075820419984,43.09489891100634]]],"crs":null},"id":659029,"type":"Feature","properties":{"town":"Weare","name":"CamaID: 405-096-0000","pid":"000405000096000000","streetaddress":"75 SCOTT AVENUE","townid":"4224","displayid":"405-096-0000","nh_gis_id":"064224-000405000096000000","objectid":659029}},{"geometry":{"type":"Polygon","coordinates":[[[-71.7178873812854,43.05631285810519],[-71.7180028468329,43.05685222608375],[-71.71814629429602,43.0568458226464],[-71.71913170504726,43.056801829391055],[-71.71996464151121,43.05676463653827],[-71.72111212416272,43.056605578211524],[-71.72057563316856,43.05491349870967],[-71.71965470910807,43.05509000844609],[-71.71913522535777,43.05503634560444],[-71.71894780547188,43.054618173527274],[-71.71884602208972,43.05396692686594],[-71.71881433400554,43.05397955809967],[-71.71870137648453,43.05401163758279],[-71.71853163835411,43.05405068751735],[-71.71850278900041,43.0540570638938],[-71.71847801009449,43.05406353473838],[-71.71845507124137,43.0540729735071],[-71.71843462769466,43.05408511075368],[-71.71841726344881,43.05409959874952],[-71.71840347406575,43.05411602499401],[-71.71839365440587,43.054133919420806],[-71.71838808391144,43.05415277060792],[-71.71838692170908,43.05417204108221],[-71.71840129100518,43.05493306114567],[-71.718386927574,43.055251106811326],[-71.71972948077322,43.05546442753437],[-71.720034760238,43.056447451439176],[-71.71944607226175,43.056465826881],[-71.71827781934121,43.05650228461312],[-71.71820699547712,43.056217085930285],[-71.7181991791653,43.05618561410128],[-71.71818067280947,43.056144554871125],[-71.71815433187204,43.056105865710194],[-71.71812069837598,43.05607034572057],[-71.71808046772588,43.05603872822211],[-71.71803447273759,43.05601166635763],[-71.71798366153094,43.05598971960093],[-71.71792908524527,43.05597334206077],[-71.71787187102382,43.055962869891054],[-71.71781319991962,43.05595852130142],[-71.71775428479236,43.055960385765225],[-71.71769634330538,43.055968424931926],[-71.7172626390685,43.05606152316942],[-71.71705169174584,43.055759765773395],[-71.71714844892296,43.05572791921811],[-71.71714068105334,43.05566347855831],[-71.71712401077806,43.05552518465506],[-71.7170860006464,43.05527516921499],[-71.71710767295102,43.05504058878589],[-71.71709661403011,43.05497588221535],[-71.71701416747413,43.0544934902113],[-71.71685888353586,43.054478688508965],[-71.71634364818156,43.05455553043456],[-71.71644543939345,43.05494902178348],[-71.7166825837672,43.055865723794255],[-71.71710760022799,43.05649591199531],[-71.7178873812854,43.05631285810519]]],"crs":null},"id":659030,"type":"Feature","properties":{"town":"Weare","name":"CamaID: 408-069-0005","pid":"000408000069000005","streetaddress":"CORLISS DRIVE","townid":"4224","displayid":"408-069-0005","nh_gis_id":"064224-000408000069000005","objectid":659030}},{"geometry":{"type":"Polygon","coordinates":[[[-71.65462546069918,43.056387461055216],[-71.65505518312575,43.056872269550354],[-71.65677026667105,43.05654877091313],[-71.65643686788397,43.0560246931512],[-71.65643676602446,43.05600976381949],[-71.65462546069918,43.056387461055216]]],"crs":null},"id":659031,"type":"Feature","properties":{"town":"Weare","name":"CamaID: 412-051-0000","pid":"000412000051000000","streetaddress":"135 DEERHAVEN ROAD","townid":"4224","displayid":"412-051-0000","nh_gis_id":"064224-000412000051000000","objectid":659031}},{"geometry":{"type":"Polygon","coordinates":[[[-71.70832205838494,43.05690548962489],[-71.70908267549753,43.0569075047607],[-71.70888793066887,43.0561759716368],[-71.70791221516112,43.05635902689969],[-71.70794004325795,43.05645564382691],[-71.70795186481242,43.05649270856754],[-71.70797134015304,43.056527992708425],[-71.70799800593922,43.05656065115332],[-71.70803122087504,43.05658990278148],[-71.7080701927261,43.05661504754153],[-71.70824752791609,43.056757034581125],[-71.7082789239604,43.05679008281437],[-71.70830221929725,43.05682655733307],[-71.70831673804854,43.05686540248871],[-71.70832205838494,43.05690548962489]]],"crs":null},"id":659032,"type":"Feature","properties":{"town":"Weare","name":"CamaID: 411-152-0006","pid":"000411000152000006","streetaddress":"59 CORTLAND AVENUE","townid":"4224","displayid":"411-152-0006","nh_gis_id":"064224-000411000152000006","objectid":659032}},{"geometry":{"type":"Polygon","coordinates":[[[-71.66395466765306,43.05689080353176],[-71.66415147935126,43.05693143359588],[-71.66411764385606,43.05676468354572],[-71.66377244980815,43.055063402260835],[-71.66316769189196,43.05515785196035],[-71.66325082868381,43.05587495441239],[-71.66252361230433,43.05620009529214],[-71.66263109039973,43.05629698354341],[-71.66275017833945,43.05638374967654],[-71.66280483505497,43.05641607124091],[-71.66300319521243,43.056533372624486],[-71.6631856361353,43.056627811559295],[-71.66343756849082,43.056734384674016],[-71.66367542305164,43.05681338555658],[-71.66395466765306,43.05689080353176]]],"crs":null},"id":659033,"type":"Feature","properties":{"town":"Weare","name":"CamaID: 412-022-0001","pid":"000412000022000001","streetaddress":"65 WORTHLEY ROAD","townid":"4224","displayid":"412-022-0001","nh_gis_id":"064224-000412000022000001","objectid":659033}},{"geometry":{"type":"Polygon","coordinates":[[[-71.71291956072845,43.05660825283629],[-71.71300180333124,43.05692383358944],[-71.71446777309482,43.05669919901142],[-71.71442888368537,43.056614479540066],[-71.71423221025152,43.05631791580087],[-71.714111609739,43.05618310237537],[-71.71291956072845,43.05660825283629]]],"crs":null},"id":659034,"type":"Feature","properties":{"town":"Weare","name":"CamaID: 408-164-0000","pid":"000408000164000000","streetaddress":"848 SOUTH STARK HIGHWAY","townid":"4224","displayid":"408-164-0000","nh_gis_id":"064224-000408000164000000","objectid":659034}},{"geometry":{"type":"Polygon","coordinates":[[[-71.6756020347082,43.05689746105823],[-71.67566858556735,43.0569419125393],[-71.67568344166963,43.05695206078667],[-71.67684025352925,43.05685798331346],[-71.67646550396664,43.05633176668095],[-71.67646305324799,43.05632832644057],[-71.67615638107081,43.05582267178706],[-71.67508181044961,43.056555812147515],[-71.67510533094553,43.05657011411802],[-71.67516951961197,43.05660799122366],[-71.6756020347082,43.05689746105823]]],"crs":null},"id":659035,"type":"Feature","properties":{"town":"Weare","name":"CamaID: 412-186-0032","pid":"000412000186000032","streetaddress":"55 EASTMAN WAY","townid":"4224","displayid":"412-186-0032","nh_gis_id":"064224-000412000186000032","objectid":659035}},{"geometry":{"type":"Polygon","coordinates":[[[-71.76884059853398,43.05679792824333],[-71.76885376878005,43.0569094745472],[-71.76900613306917,43.05687806379069],[-71.76897788843654,43.05672823414996],[-71.76892705594597,43.05670107194584],[-71.76884059853398,43.05679792824333]]],"crs":null},"id":659036,"type":"Feature","properties":{"town":"Weare","name":"CamaID: 407-151-0000","pid":"000407000151000000","streetaddress":"OLIVER ROAD","townid":"4224","displayid":"407-151-0000","nh_gis_id":"064224-000407000151000000","objectid":659036}},{"geometry":{"type":"Polygon","coordinates":[[[-71.67094382456732,43.05688363701209],[-71.67098557799731,43.056963813589185],[-71.672646607203,43.05663639736319],[-71.67461836994134,43.05624769545846],[-71.67459725440062,43.05617603347754],[-71.67458469592422,43.05610329879715],[-71.67458078907319,43.05603003961727],[-71.67458556580358,43.05595680774083],[-71.6745989868747,43.055884155873976],[-71.6746209528972,43.05581263222427],[-71.67465129696848,43.05574277510027],[-71.67216723260218,43.05506622840365],[-71.67125409730677,43.05537630443345],[-71.67101724902962,43.056393476323464],[-71.67088968076251,43.05664847679382],[-71.67089741861646,43.05676464165669],[-71.67094382456732,43.05688363701209]]],"crs":null},"id":659037,"type":"Feature","properties":{"town":"Weare","name":"CamaID: 412-186-0038","pid":"000412000186000038","streetaddress":"34 EASTMAN WAY","townid":"4224","displayid":"412-186-0038","nh_gis_id":"064224-000412000186000038","objectid":659037}},{"geometry":{"type":"Polygon","coordinates":[[[-71.72782277843989,43.05548104124711],[-71.72829924647746,43.05695419129106],[-71.72903929330216,43.056831268193314],[-71.72871424128441,43.05583502500166],[-71.72880365600318,43.05540117005599],[-71.72876869695706,43.05539950751436],[-71.72849464226476,43.05537323500927],[-71.72823052221598,43.05534213789232],[-71.72789430417559,43.05530377298068],[-71.72786496805455,43.05529921580753],[-71.72782277843989,43.05548104124711]]],"crs":null},"id":659038,"type":"Feature","properties":{"town":"Weare","name":"CamaID: 408-047-0003","pid":"000408000047000003","streetaddress":"98 MT DEARBORN ROAD","townid":"4224","displayid":"408-047-0003","nh_gis_id":"064224-000408000047000003","objectid":659038}},{"geometry":{"type":"Polygon","coordinates":[[[-71.65153382185754,43.0569134064387],[-71.65177322074257,43.056992734716836],[-71.65179112752975,43.056965427686684],[-71.65180970168014,43.05692964563925],[-71.65180883109835,43.05685438680905],[-71.65177426283132,43.05679021819479],[-71.65173265593546,43.056756153939276],[-71.65169163351028,43.056615670737045],[-71.65165725265342,43.056534073915785],[-71.65159243542088,43.05642052514104],[-71.65150133411001,43.05625310666639],[-71.65141615914068,43.05613308826478],[-71.65138156110893,43.056098139944005],[-71.65134728618544,43.0560524139182],[-71.65132397923358,43.05597259810681],[-71.65134306468792,43.055894642323075],[-71.65157576640692,43.05563530899027],[-71.65173248485175,43.05549313414876],[-71.65190604997561,43.05539325396359],[-71.65221008267046,43.05524647678921],[-71.65227872060889,43.05517297662884],[-71.65228428861525,43.05509947662083],[-71.65225447420345,43.05502823249],[-71.65218718134037,43.05493650023926],[-71.65207319405779,43.054829688651054],[-71.65197686668618,43.05474102484978],[-71.65196164567332,43.05470465331097],[-71.65196306669907,43.05468589124192],[-71.65197783658272,43.0546734599846],[-71.65207193697879,43.054633403636025],[-71.65215927600808,43.05460957642568],[-71.65224441519864,43.05458609453688],[-71.65226700680975,43.05457304941086],[-71.65208604390189,43.05459018375147],[-71.65219961587843,43.05451935474947],[-71.65229626612933,43.05443419099707],[-71.65237236652044,43.054317304390864],[-71.65244161261849,43.05415111724337],[-71.65254843600358,43.053988552475246],[-71.65260754207823,43.05388195525583],[-71.6525264157894,43.053893247804254],[-71.65129189044069,43.05406508782618],[-71.65121269929486,43.05471744418734],[-71.65110295876484,43.055460493826644],[-71.65100604628817,43.05611963745777],[-71.65098111525079,43.056427054752554],[-71.6509935783958,43.05645152488399],[-71.65122299475904,43.05674649409873],[-71.65153382185754,43.0569134064387]]],"crs":null},"id":659039,"type":"Feature","properties":{"town":"Weare","name":"CamaID: 412-036-0000","pid":"000412000036000000","streetaddress":"RIVER ROAD","townid":"4224","displayid":"412-036-0000","nh_gis_id":"064224-000412000036000000","objectid":659039}},{"geometry":{"type":"Polygon","coordinates":[[[-71.7153121934372,43.05697409266947],[-71.71528012861324,43.05704879970245],[-71.71680748945818,43.05675246002842],[-71.71717732813208,43.0566810372231],[-71.71710760022799,43.05649591199531],[-71.7166825837672,43.055865723794255],[-71.71644543939345,43.05494902178348],[-71.7159905807656,43.05501482495107],[-71.71549458539683,43.055087739012116],[-71.71537276174652,43.05464249645768],[-71.71526899202735,43.05466739248039],[-71.71499549699749,43.054706124717846],[-71.7150503885523,43.05490734450912],[-71.71503670355905,43.05490959171843],[-71.71471348667953,43.05496533950186],[-71.71481919844919,43.05538364741768],[-71.71444487881348,43.05544790813568],[-71.71446382346882,43.05549728266472],[-71.71451501854723,43.0556866957958],[-71.71458781008164,43.05591259725641],[-71.71462764968705,43.056093792923654],[-71.71467779924447,43.05626348007201],[-71.71474296877987,43.05646236960367],[-71.71474614443167,43.05647650724123],[-71.7150856759505,43.05640367715145],[-71.71511945103705,43.05644328654371],[-71.71515576533848,43.056475882524786],[-71.7151663760509,43.05649746950826],[-71.71518012700417,43.05653017856123],[-71.71518790224522,43.05657373809595],[-71.7152049427799,43.056634117878914],[-71.71521914186556,43.056668416436665],[-71.71524171133592,43.056716356217585],[-71.7152730215769,43.056771254196576],[-71.71529252736583,43.05681634532945],[-71.71531255655233,43.05687130029944],[-71.7153243671535,43.056929160008146],[-71.7153121934372,43.05697409266947]]],"crs":null},"id":659040,"type":"Feature","properties":{"town":"Weare","name":"CamaID: 408-074-0000","pid":"000408000074000000","streetaddress":"20 DEERING CENTER ROAD","townid":"4224","displayid":"408-074-0000","nh_gis_id":"064224-000408000074000000","objectid":659040}},{"geometry":{"type":"Polygon","coordinates":[[[-71.65034466501099,43.05759897454823],[-71.6506907641644,43.057625480271284],[-71.65069362312869,43.0576019736325],[-71.65073113345925,43.05719100626005],[-71.65078011753086,43.056831045874844],[-71.65078163838749,43.05681707994743],[-71.65060801228435,43.05678012084263],[-71.65051805436586,43.0569182500843],[-71.65044468105869,43.057076830765965],[-71.65039231850105,43.0572577323],[-71.65038571587178,43.057288666603],[-71.65034466501099,43.05759897454823]]],"crs":null},"id":659041,"type":"Feature","properties":{"town":"Weare","name":"CamaID: 412-086-0000","pid":"000412000086000000","streetaddress":"BOISVERT ROAD","townid":"4224","displayid":"412-086-0000","nh_gis_id":"064224-000412000086000000","objectid":659041}},{"geometry":{"type":"Polygon","coordinates":[[[-71.64053169056999,43.05444839976907],[-71.64122049153441,43.057061370173955],[-71.64820612215665,43.055988095946454],[-71.64787079325964,43.05577454530402],[-71.6507344237981,43.05541542380828],[-71.65076556141115,43.05533354054683],[-71.65081371157768,43.05499728770067],[-71.65084456419576,43.05476694917406],[-71.65084451405012,43.054747137317065],[-71.65048231419652,43.05480328341556],[-71.6503534350366,43.054207382902916],[-71.65080941688284,43.054166694461564],[-71.6507989076866,43.0540689876001],[-71.65078136703013,43.053872982039714],[-71.65077898027894,43.05366568233388],[-71.65078692997513,43.0535591032416],[-71.65078318576055,43.053341755631735],[-71.65078415912633,43.053208643936166],[-71.65039220320537,43.05326913165599],[-71.65040337516183,43.052871676393686],[-71.64946303232497,43.05302190973747],[-71.64563298013087,43.05363372898739],[-71.64053169056999,43.05444839976907]]],"crs":null},"id":659042,"type":"Feature","properties":{"town":"Weare","name":"CamaID: 412-090-0000","pid":"000412000090000000","streetaddress":"330 RIVER ROAD","townid":"4224","displayid":"412-090-0000","nh_gis_id":"064224-000412000090000000","objectid":659042}},{"geometry":{"type":"Polygon","coordinates":[[[-71.6499313570882,43.0570572996913],[-71.65023403437043,43.057083838248424],[-71.6502365502545,43.0570723074316],[-71.65031243126296,43.05689795086132],[-71.65039272898102,43.05674986002591],[-71.65046743266562,43.05665201403303],[-71.65052844677358,43.05656729054058],[-71.64937239626018,43.056536717566914],[-71.64931805509259,43.057003523139436],[-71.6499313570882,43.0570572996913]]],"crs":null},"id":659043,"type":"Feature","properties":{"town":"Weare","name":"CamaID: 412-085-0000","pid":"000412000085000000","streetaddress":"8 BOISVERT ROAD","townid":"4224","displayid":"412-085-0000","nh_gis_id":"064224-000412000085000000","objectid":659043}},{"geometry":{"type":"Polygon","coordinates":[[[-71.7148264253997,43.12784654853429],[-71.71490691166521,43.127863521329395],[-71.71427987670043,43.12503874101936],[-71.71310493852546,43.12520942332501],[-71.71368957879969,43.12765325500174],[-71.71371355657055,43.127647689364515],[-71.7138719281035,43.127669613216035],[-71.71398967336552,43.127714878574466],[-71.71406494599262,43.127766924307046],[-71.71423503631893,43.127812825732256],[-71.71437742469396,43.12784291906759],[-71.71451987659623,43.127862888112716],[-71.71462787571298,43.12785464064622],[-71.7148264253997,43.12784654853429]]],"crs":null},"id":659044,"type":"Feature","properties":{"town":"Weare","name":"CamaID: 402-132-0000","pid":"000402000132000000","streetaddress":"CONCORD STAGE ROAD","townid":"4224","displayid":"402-132-0000","nh_gis_id":"064224-000402000132000000","objectid":659044}},{"geometry":{"type":"Polygon","coordinates":[[[-71.76122391684844,43.12757192258651],[-71.7611999126479,43.127686790981834],[-71.76118061235063,43.12780213346872],[-71.76116603425923,43.12791784741635],[-71.76205178003333,43.127764819104804],[-71.76225996770444,43.12772884965119],[-71.76151466032918,43.12627707070195],[-71.76147991862618,43.12599722564792],[-71.76137921246023,43.12597408224681],[-71.7612797250351,43.125948264276744],[-71.76129089655721,43.12617424626916],[-71.76131119144804,43.12634897285329],[-71.76132330109124,43.12652410497049],[-71.76132720912712,43.12669943920091],[-71.76132291270822,43.126874768511186],[-71.76131041513338,43.127049886761256],[-71.76128973322152,43.12722458869838],[-71.76126088870812,43.12739866906398],[-71.76122391684844,43.12757192258651]]],"crs":null},"id":659045,"type":"Feature","properties":{"town":"Weare","name":"CamaID: 402-001-0000","pid":"000402000001000000","streetaddress":"605 NORTH STARK HIGHWAY","townid":"4224","displayid":"402-001-0000","nh_gis_id":"064224-000402000001000000","objectid":659045}},{"geometry":{"type":"Polygon","coordinates":[[[-71.68012869998545,43.12738729391082],[-71.68028072611074,43.127958123373155],[-71.68120955070826,43.12772323864107],[-71.68117728002737,43.1275913298562],[-71.68107581627336,43.12715494203442],[-71.68057464038331,43.12722926177324],[-71.68012869998545,43.12738729391082]]],"crs":null},"id":659046,"type":"Feature","properties":{"town":"Weare","name":"CamaID: 403-183-0000","pid":"000403000183000000","streetaddress":"165 SOUTH SUGAR HILL RD","townid":"4224","displayid":"403-183-0000","nh_gis_id":"064224-000403000183000000","objectid":659046}},{"geometry":{"type":"Polygon","coordinates":[[[-71.68316478698235,43.12791516900271],[-71.6832588078906,43.12790047201458],[-71.68335417359157,43.12789156097404],[-71.68345022048463,43.12788849808609],[-71.68354628250084,43.12789130415091],[-71.68364169233121,43.12789995946394],[-71.68373578634176,43.12791440381525],[-71.68382791071767,43.12793453828862],[-71.68391742637738,43.12796022075997],[-71.68400371143196,43.1279912748985],[-71.68411752022162,43.126615990277365],[-71.68293062631872,43.12688126019414],[-71.68304761399827,43.12739780962355],[-71.68316478698235,43.12791516900271]]],"crs":null},"id":659047,"type":"Feature","properties":{"town":"Weare","name":"CamaID: 403-192-0000","pid":"000403000192000000","streetaddress":"25 AL'S DRIVE","townid":"4224","displayid":"403-192-0000","nh_gis_id":"064224-000403000192000000","objectid":659047}},{"geometry":{"type":"Polygon","coordinates":[[[-71.72559651207939,43.126153831954284],[-71.72617745995302,43.12806853839079],[-71.72646097713209,43.12779375843028],[-71.72658202408076,43.12767131491471],[-71.7262695753244,43.12613966408571],[-71.72590196343165,43.125279507172344],[-71.72553860301137,43.124363194818905],[-71.72545080978391,43.124141794446736],[-71.72490496840702,43.1242112688254],[-71.72555098354508,43.12600377096732],[-71.725562700372,43.12604238986396],[-71.72559651207939,43.126153831954284]]],"crs":null},"id":659048,"type":"Feature","properties":{"town":"Weare","name":"CamaID: 402-107-0000","pid":"000402000107000000","streetaddress":"144 WALKER HILL ROAD","townid":"4224","displayid":"402-107-0000","nh_gis_id":"064224-000402000107000000","objectid":659048}},{"geometry":{"type":"Polygon","coordinates":[[[-71.71993920243071,43.12727945781742],[-71.72243158446184,43.12807706490791],[-71.72286366442407,43.12736658137544],[-71.72037277224265,43.126440287158836],[-71.72026204673749,43.12664399735714],[-71.72015013814239,43.126854638318115],[-71.72004251518075,43.127066473474045],[-71.71993920243071,43.12727945781742]]],"crs":null},"id":659049,"type":"Feature","properties":{"town":"Weare","name":"CamaID: 402-118-0000","pid":"000402000118000000","streetaddress":"455 CONCORD STAGE ROAD","townid":"4224","displayid":"402-118-0000","nh_gis_id":"064224-000402000118000000","objectid":659049}},{"geometry":{"type":"Polygon","coordinates":[[[-71.77761186585126,43.127898838995435],[-71.77763024886742,43.12806001079046],[-71.77792449045066,43.128002759422166],[-71.77825393684495,43.12795037523408],[-71.77841800591382,43.12742658826193],[-71.77859173081718,43.12687196112027],[-71.77876636285143,43.1263144315603],[-71.77885635770689,43.126027108022114],[-71.77888525143874,43.12597549877626],[-71.77892245438251,43.12592682849185],[-71.7789674184956,43.12588180972452],[-71.77901948627314,43.12584110382756],[-71.7790778907275,43.12580530925044],[-71.77903569290697,43.125785783941055],[-71.77893185188307,43.12573254154444],[-71.77883357313812,43.12567390704873],[-71.7787413770866,43.12561019231351],[-71.77865575222995,43.125541734434876],[-71.77857715270038,43.12546889664756],[-71.77850599333702,43.1253920638285],[-71.7784426521457,43.125311643394184],[-71.77838746414814,43.12522806170588],[-71.77834072137766,43.12514176136846],[-71.77830267287486,43.12505319852988],[-71.77827351854553,43.124962843787046],[-71.77824316122926,43.12484613444697],[-71.77820556414494,43.12473056185378],[-71.7764913414648,43.125664513958654],[-71.77722329156641,43.126360947143844],[-71.77726052071654,43.12671002161021],[-71.77741919344703,43.12733179419973],[-71.77745159275321,43.12743816880764],[-71.77749919538302,43.12762470042049],[-71.7775710418646,43.12776480712858],[-71.77761186585126,43.127898838995435]]],"crs":null},"id":659050,"type":"Feature","properties":{"town":"Weare","name":"CamaID: 401-088-0000","pid":"000401000088000000","streetaddress":"CRANEY HILL ROAD","townid":"4224","displayid":"401-088-0000","nh_gis_id":"064224-000401000088000000","objectid":659050}},{"geometry":{"type":"Polygon","coordinates":[[[-71.67868629431673,43.12691327691931],[-71.6786527649455,43.12813455752149],[-71.67977477836335,43.12808606532715],[-71.68028072611074,43.127958123373155],[-71.68012869998545,43.12738729391082],[-71.68057464038331,43.12722926177324],[-71.68107581627336,43.12715494203442],[-71.68089761078137,43.12638839252217],[-71.67868629431673,43.12691327691931]]],"crs":null},"id":659051,"type":"Feature","properties":{"town":"Weare","name":"CamaID: 403-184-0000","pid":"000403000184000000","streetaddress":"173 SOUTH SUGAR HILL RD","townid":"4224","displayid":"403-184-0000","nh_gis_id":"064224-000403000184000000","objectid":659051}},{"geometry":{"type":"Polygon","coordinates":[[[-71.74336817574664,43.12718125429106],[-71.74394021169674,43.12818085043502],[-71.74394577305806,43.128180068041736],[-71.74400544321114,43.128162249590346],[-71.74406167912925,43.128139206208935],[-71.7441136332484,43.12811128593744],[-71.74416052200795,43.12807890968644],[-71.74420163690714,43.128042567628576],[-71.74423635678029,43.12800280748761],[-71.74426415884918,43.12796022822946],[-71.74476665384115,43.127345215595234],[-71.7442487530417,43.12695327957288],[-71.74336817574664,43.12718125429106]]],"crs":null},"id":659052,"type":"Feature","properties":{"town":"Weare","name":"CamaID: 402-030-0000","pid":"000402000030000000","streetaddress":"237 PINE HILL ROAD","townid":"4224","displayid":"402-030-0000","nh_gis_id":"064224-000402000030000000","objectid":659052}},{"geometry":{"type":"Polygon","coordinates":[[[-71.74239098812733,43.12789931016335],[-71.74247896127275,43.12795880911431],[-71.74257294526844,43.12801315510144],[-71.74267237683466,43.12806202352695],[-71.7427766632309,43.128105123119546],[-71.74288518225606,43.12814219593509],[-71.74299728471169,43.1281730209556],[-71.74311230300648,43.12819741498437],[-71.74322954869717,43.128215230847246],[-71.74334832232789,43.12822636278753],[-71.74346791588701,43.12823074466394],[-71.74358761280719,43.12822834905079],[-71.7437067014921,43.12821919262968],[-71.74382446793342,43.128203328093164],[-71.74394021169674,43.12818085043502],[-71.74336817574664,43.12718125429106],[-71.74296590949541,43.127384437955634],[-71.74230161740995,43.127848459893535],[-71.74239098812733,43.12789931016335]]],"crs":null},"id":659053,"type":"Feature","properties":{"town":"Weare","name":"CamaID: 402-029-0000","pid":"000402000029000000","streetaddress":"225 PINE HILL ROAD","townid":"4224","displayid":"402-029-0000","nh_gis_id":"064224-000402000029000000","objectid":659053}},{"geometry":{"type":"Polygon","coordinates":[[[-71.68145247803318,43.12773792960042],[-71.68155686609728,43.12826805559853],[-71.68313276294174,43.12792155664264],[-71.68316478698235,43.12791516900271],[-71.68304761399827,43.12739780962355],[-71.68145247803318,43.12773792960042]]],"crs":null},"id":659054,"type":"Feature","properties":{"town":"Weare","name":"CamaID: 403-191-0000","pid":"000403000191000000","streetaddress":"152 SOUTH SUGAR HILL RD","townid":"4224","displayid":"403-191-0000","nh_gis_id":"064224-000403000191000000","objectid":659054}},{"geometry":{"type":"Polygon","coordinates":[[[-71.77339505228339,43.12735695586293],[-71.77562338802952,43.12822086510124],[-71.7764711992943,43.12804033796514],[-71.77647880873337,43.12807036265747],[-71.77649843065579,43.128109584442676],[-71.77654907544716,43.12815488221302],[-71.77662133991244,43.12818546139614],[-71.77669443427891,43.12819356457346],[-71.77763024886742,43.12806001079046],[-71.77761186585126,43.127898838995435],[-71.7775710418646,43.12776480712858],[-71.77749919538302,43.12762470042049],[-71.77745159275321,43.12743816880764],[-71.77741919344703,43.12733179419973],[-71.77726052071654,43.12671002161021],[-71.77722329156641,43.126360947143844],[-71.7764913414648,43.125664513958654],[-71.77484963001636,43.12655890963526],[-71.77333482499796,43.12687550624819],[-71.77297777339763,43.1259615749827],[-71.77173983579814,43.126196923636805],[-71.77177328772906,43.126382275257185],[-71.77191412099589,43.12656243774275],[-71.77218922027569,43.126649075815315],[-71.77225678516739,43.126633314714084],[-71.77236697360368,43.12660761065792],[-71.77265058851678,43.12679784174422],[-71.77286477774315,43.127057549628645],[-71.77291210608189,43.127172642311926],[-71.7729592364756,43.12725280629381],[-71.77298217371491,43.127291820371994],[-71.77326534692136,43.12725873712102],[-71.77339505228339,43.12735695586293]]],"crs":null},"id":659055,"type":"Feature","properties":{"town":"Weare","name":"CamaID: 401-087-0000","pid":"000401000087000000","streetaddress":"42 CHIPMUNK FALLS ROAD","townid":"4224","displayid":"401-087-0000","nh_gis_id":"064224-000401000087000000","objectid":659055}},{"geometry":{"type":"Polygon","coordinates":[[[-71.68400371143196,43.1279912748985],[-71.68400835010421,43.127993151026615],[-71.68408941208827,43.128032769102774],[-71.6841657882137,43.12807710106957],[-71.68423696837898,43.12812585266276],[-71.68430247810821,43.12817869630714],[-71.68436187978264,43.12823528101819],[-71.68441477755566,43.12829522789989],[-71.68574063275365,43.1276385404054],[-71.68543782698667,43.12655436161716],[-71.68411752022162,43.126615990277365],[-71.68400371143196,43.1279912748985]]],"crs":null},"id":659056,"type":"Feature","properties":{"town":"Weare","name":"CamaID: 403-193-0000","pid":"000403000193000000","streetaddress":"29 AL'S DRIVE","townid":"4224","displayid":"403-193-0000","nh_gis_id":"064224-000403000193000000","objectid":659056}},{"geometry":{"type":"Polygon","coordinates":[[[-71.6754815157238,43.12716785737223],[-71.675752816338,43.12837954088596],[-71.6786527649455,43.12813455752149],[-71.67868629431673,43.12691327691931],[-71.67870613650442,43.126190495721964],[-71.67762324066527,43.12656187517683],[-71.67684862667105,43.12558641459322],[-71.67612811794615,43.12575243790651],[-71.67598894220195,43.125236709409215],[-71.67580602325472,43.12526471642257],[-71.67562187822124,43.12528801090569],[-71.6754367308016,43.12530656403046],[-71.67525080838496,43.12532035507134],[-71.67506434204823,43.12532936510424],[-71.67412873207861,43.12538505620785],[-71.67428922409528,43.127313857904944],[-71.6754815157238,43.12716785737223]]],"crs":null},"id":659057,"type":"Feature","properties":{"town":"Weare","name":"CamaID: 406-008-0000","pid":"000406000008000000","streetaddress":"63 SEWELL HOYT ROAD","townid":"4224","displayid":"406-008-0000","nh_gis_id":"064224-000406000008000000","objectid":659057}},{"geometry":{"type":"Polygon","coordinates":[[[-71.76314237291129,43.128267269928884],[-71.76311308215715,43.12834437431039],[-71.76523264500605,43.12749542060088],[-71.76526819023893,43.127208471547554],[-71.7649063834378,43.12727099183436],[-71.76411255719307,43.12740846957563],[-71.76356097138205,43.12750346997395],[-71.7632798243239,43.127552048035994],[-71.76316602035496,43.12776502082317],[-71.76321702482946,43.12777352120352],[-71.76326534635832,43.12778819171413],[-71.76330960538988,43.12780861224921],[-71.76334853640621,43.12783420057981],[-71.76338102972674,43.127864224920046],[-71.76340615612565,43.12789782820968],[-71.76342319882107,43.12793405059024],[-71.76343166949816,43.12797185819582],[-71.76343132678834,43.128010170141835],[-71.76342218124223,43.128047893626494],[-71.76340449414319,43.12808394913651],[-71.76337876896743,43.128117309161354],[-71.7633457415882,43.12814701980575],[-71.76330635574712,43.1281722323169],[-71.7632617360541,43.12819222651209],[-71.76321315606775,43.12820643241036],[-71.76319617137538,43.12821253541385],[-71.76318077143073,43.12822058322119],[-71.76316736514357,43.128230360350294],[-71.76315631219329,43.128241605452416],[-71.76314790583596,43.128254019428354],[-71.76314237291129,43.128267269928884]]],"crs":null},"id":659058,"type":"Feature","properties":{"town":"Weare","name":"CamaID: 401-113-0000","pid":"000401000113000000","streetaddress":"30 GRACE DRIVE","townid":"4224","displayid":"401-113-0000","nh_gis_id":"064224-000401000113000000","objectid":659058}},{"geometry":{"type":"Polygon","coordinates":[[[-71.72416573153917,43.127850751920015],[-71.72578210185043,43.12845176448626],[-71.7260094973707,43.12823132392276],[-71.72617745995302,43.12806853839079],[-71.72559651207939,43.126153831954284],[-71.72531143935086,43.126491940437845],[-71.72492429738283,43.12695109867442],[-71.72455313650407,43.1273912964356],[-71.72416573153917,43.127850751920015]]],"crs":null},"id":659059,"type":"Feature","properties":{"town":"Weare","name":"CamaID: 402-106-0000","pid":"000402000106000000","streetaddress":"156 WALKER HILL ROAD","townid":"4224","displayid":"402-106-0000","nh_gis_id":"064224-000402000106000000","objectid":659059}},{"geometry":{"type":"Polygon","coordinates":[[[-71.74056110598107,43.12844936664617],[-71.7406007331193,43.128478837448014],[-71.74183905311475,43.12783455931737],[-71.74161859713703,43.12766664969047],[-71.74151320380132,43.12756511325156],[-71.74141576694356,43.127459400180115],[-71.74132659295829,43.12734984335501],[-71.74006001044619,43.12777267255874],[-71.74022081024657,43.12800069294617],[-71.74038786505334,43.12822628854163],[-71.74056110598107,43.12844936664617]]],"crs":null},"id":659060,"type":"Feature","properties":{"town":"Weare","name":"CamaID: 402-037-0000","pid":"000402000037000000","streetaddress":"198 PINE HILL ROAD","townid":"4224","displayid":"402-037-0000","nh_gis_id":"064224-000402000037000000","objectid":659060}},{"geometry":{"type":"Polygon","coordinates":[[[-71.79001089495193,43.1273178595027],[-71.7903118052486,43.12858377536634],[-71.7907005399163,43.128502077519784],[-71.79352326398673,43.12801298813507],[-71.79613701200206,43.127641023355444],[-71.79624589146489,43.126576400200605],[-71.79625883962923,43.12647685586689],[-71.79626306019982,43.12637690914243],[-71.79626060863602,43.12632867150181],[-71.7962534089973,43.126280688582156],[-71.79624149869474,43.12623321238465],[-71.79621350108347,43.12614762006603],[-71.7961774439619,43.12606366074852],[-71.79613350272616,43.125981741098],[-71.79607065267547,43.12589078721576],[-71.79601511208982,43.12579731629168],[-71.79596706840083,43.125701642280006],[-71.79592668201879,43.12560408816594],[-71.79589409001272,43.12550498236081],[-71.79586940119493,43.1254046587073],[-71.79583289189495,43.1252531266374],[-71.79580563062498,43.125100553432645],[-71.78957561912837,43.12621938332043],[-71.79001089495193,43.1273178595027]]],"crs":null},"id":659061,"type":"Feature","properties":{"town":"Weare","name":"CamaID: 401-040-0000","pid":"000401000040000000","streetaddress":"UPPER CRANEY HILL RD","townid":"4224","displayid":"401-040-0000","nh_gis_id":"064224-000401000040000000","objectid":659061}},{"geometry":{"type":"Polygon","coordinates":[[[-71.67977477836335,43.12808606532715],[-71.679873209023,43.128684087082895],[-71.68134625332833,43.12828202177587],[-71.68120955070826,43.12772323864107],[-71.68028072611074,43.127958123373155],[-71.67977477836335,43.12808606532715]]],"crs":null},"id":659062,"type":"Feature","properties":{"town":"Weare","name":"CamaID: 403-182-0000","pid":"000403000182000000","streetaddress":"159 SOUTH SUGAR HILL RD","townid":"4224","displayid":"403-182-0000","nh_gis_id":"064224-000403000182000000","objectid":659062}},{"geometry":{"type":"Polygon","coordinates":[[[-71.72102829819202,43.128445576598516],[-71.7219937906203,43.12879692553677],[-71.72243158446184,43.12807706490791],[-71.71993920243071,43.12727945781742],[-71.71982606460965,43.127525048578995],[-71.71971865652274,43.12777201560499],[-71.71961701135287,43.12802028778352],[-71.71952115736796,43.12826979310392],[-71.72097995141209,43.12857489025502],[-71.72102829819202,43.128445576598516]]],"crs":null},"id":659063,"type":"Feature","properties":{"town":"Weare","name":"CamaID: 402-119-0000","pid":"000402000119000000","streetaddress":"477 CONCORD STAGE ROAD","townid":"4224","displayid":"402-119-0000","nh_gis_id":"064224-000402000119000000","objectid":659063}},{"geometry":{"type":"Polygon","coordinates":[[[-71.67683706353212,43.128544205680804],[-71.6770409816312,43.12881456174186],[-71.67709125488075,43.12879419198117],[-71.67714524434894,43.12877980071207],[-71.67720163386284,43.12877173821227],[-71.67725904823529,43.12877020174036],[-71.67731609013137,43.12877522833143],[-71.67737136956215,43.12878669569454],[-71.6774235382942,43.128804324009565],[-71.67780390948437,43.12835277969133],[-71.67683706353212,43.128544205680804]]],"crs":null},"id":659064,"type":"Feature","properties":{"town":"Weare","name":"CamaID: 403-181-0006","pid":"000403000181000006","streetaddress":"68 LYNDSEY LANE","townid":"4224","displayid":"403-181-0006","nh_gis_id":"064224-000403000181000006","objectid":659064}},{"geometry":{"type":"Polygon","coordinates":[[[-71.76311308215715,43.12834437431039],[-71.76291324164346,43.128870410760484],[-71.76475292876519,43.128529531916634],[-71.76516446660757,43.128045817480924],[-71.76523264500605,43.12749542060088],[-71.76311308215715,43.12834437431039]]],"crs":null},"id":659065,"type":"Feature","properties":{"town":"Weare","name":"CamaID: 401-114-0000","pid":"000401000114000000","streetaddress":"16 GRACE DRIVE","townid":"4224","displayid":"401-114-0000","nh_gis_id":"064224-000401000114000000","objectid":659065}},{"geometry":{"type":"Polygon","coordinates":[[[-71.68158774915416,43.12840482349864],[-71.68171278621304,43.12895852895431],[-71.68333616345542,43.12863975487469],[-71.68320594050732,43.12806642484934],[-71.68314288957409,43.128076878489786],[-71.68308090002151,43.12809031326915],[-71.68158774915416,43.12840482349864]]],"crs":null},"id":659066,"type":"Feature","properties":{"town":"Weare","name":"CamaID: 403-200-0000","pid":"000403000200000000","streetaddress":"144 SOUTH SUGAR HILL RD","townid":"4224","displayid":"403-200-0000","nh_gis_id":"064224-000403000200000000","objectid":659066}},{"geometry":{"type":"Polygon","coordinates":[[[-71.77802977535548,43.128665992917874],[-71.77980662580407,43.12892666761142],[-71.77994367587387,43.12762020105862],[-71.77841800591382,43.12742658826193],[-71.77825393684495,43.12795037523408],[-71.77802977535548,43.128665992917874]]],"crs":null},"id":659067,"type":"Feature","properties":{"town":"Weare","name":"CamaID: 401-070-0000","pid":"000401000070000000","streetaddress":"CHIPMUNK FALLS ROAD","townid":"4224","displayid":"401-070-0000","nh_gis_id":"064224-000401000070000000","objectid":659067}},{"geometry":{"type":"Polygon","coordinates":[[[-71.68457652210614,43.12866133236243],[-71.68465400964395,43.12895479714484],[-71.68466223251617,43.12898726637521],[-71.68581997419741,43.128451961064265],[-71.68574063275365,43.1276385404054],[-71.68441477755566,43.12829522789989],[-71.68446460175936,43.12836367093311],[-71.68450597768675,43.1284350695825],[-71.6845385819296,43.12850886670934],[-71.6845621574339,43.12858448445934],[-71.68457652210614,43.12866133236243]]],"crs":null},"id":659068,"type":"Feature","properties":{"town":"Weare","name":"CamaID: 403-194-0000","pid":"000403000194000000","streetaddress":"37 AL'S DRIVE","townid":"4224","displayid":"403-194-0000","nh_gis_id":"064224-000403000194000000","objectid":659068}},{"geometry":{"type":"Polygon","coordinates":[[[-71.6774235382942,43.128804324009565],[-71.67747059293862,43.12882726372015],[-71.67751229871101,43.128855210601216],[-71.67754766984683,43.128887504035745],[-71.67757587418139,43.12892338347485],[-71.67759624544273,43.128962002838335],[-71.67760830414925,43.12900245121552],[-71.67761176498885,43.12904377446816],[-71.6778739526955,43.12892464278747],[-71.67792351485538,43.1287136893316],[-71.67813710005827,43.12848777598218],[-71.67780390948437,43.12835277969133],[-71.6774235382942,43.128804324009565]]],"crs":null},"id":659069,"type":"Feature","properties":{"town":"Weare","name":"CamaID: 403-181-0007","pid":"000403000181000007","streetaddress":"62 LYNDSEY LANE","townid":"4224","displayid":"403-181-0007","nh_gis_id":"064224-000403000181000007","objectid":659069}},{"geometry":{"type":"Polygon","coordinates":[[[-71.76947331775054,43.126693480335355],[-71.77021875763329,43.12902863188109],[-71.77203266186987,43.12868574110304],[-71.77271489244215,43.12771436440203],[-71.77267458350676,43.127616836244606],[-71.7723425660747,43.127452472814184],[-71.77228049684236,43.12729430110434],[-71.77245925973318,43.127263539565114],[-71.77225678516739,43.126633314714084],[-71.77218922027569,43.126649075815315],[-71.77191412099589,43.12656243774275],[-71.77177328772906,43.126382275257185],[-71.77173983579814,43.126196923636805],[-71.77068145779587,43.12639812200382],[-71.76947331775054,43.126693480335355]]],"crs":null},"id":659070,"type":"Feature","properties":{"town":"Weare","name":"CamaID: 401-078-0000","pid":"000401000078000000","streetaddress":"135 CHIPMUNK FALLS ROAD","townid":"4224","displayid":"401-078-0000","nh_gis_id":"064224-000401000078000000","objectid":659070}},{"geometry":{"type":"Polygon","coordinates":[[[-71.6515540602148,43.06343887668584],[-71.65167668762179,43.063447472321336],[-71.65181819496522,43.063428146132985],[-71.65202202566623,43.063382245768885],[-71.6521903432409,43.0633768886696],[-71.65230765152862,43.06343613636734],[-71.65231703586015,43.06344697287862],[-71.65241117855999,43.06343496378472],[-71.65454468358466,43.06316278784438],[-71.65450131571153,43.06293396116351],[-71.65444361022804,43.062562975514986],[-71.6516345632307,43.06297062474472],[-71.65155280712034,43.06298248810941],[-71.65144959818858,43.06309536553988],[-71.6513926852595,43.063185815048854],[-71.65141007583688,43.06329757515593],[-71.65147540116449,43.063380082535886],[-71.6515540602148,43.06343887668584]]],"crs":null},"id":659071,"type":"Feature","properties":{"town":"Weare","name":"CamaID: 409-210-0000","pid":"000409000210000000","streetaddress":"482 RIVER ROAD","townid":"4224","displayid":"409-210-0000","nh_gis_id":"064224-000409000210000000","objectid":659071}},{"geometry":{"type":"Polygon","coordinates":[[[-71.7204605818354,43.06343659059065],[-71.72055129626287,43.063437719931756],[-71.72062235463736,43.06342526591852],[-71.72068339943617,43.063409360839444],[-71.72074466440871,43.063370224062176],[-71.72078410790643,43.0633178317827],[-71.72084311972785,43.06322269560261],[-71.72090181675236,43.063046411100295],[-71.72099898382788,43.06280628181491],[-71.72108137161788,43.062657880397914],[-71.72110166531081,43.062505658448124],[-71.72108706131665,43.0623338843142],[-71.72105601365023,43.0621365252794],[-71.72029479985075,43.06228229246756],[-71.71936990177701,43.06245939746598],[-71.71950676146089,43.06264361517846],[-71.71969233351913,43.062860666331645],[-71.7199152687299,43.06308198190027],[-71.72009320726619,43.06322396634278],[-71.72024610910316,43.06333329959771],[-71.72036739695145,43.06340269528536],[-71.7204605818354,43.06343659059065]]],"crs":null},"id":659072,"type":"Feature","properties":{"town":"Weare","name":"CamaID: 408-103-0000","pid":"000408000103000000","streetaddress":"184 IRVING DRIVE","townid":"4224","displayid":"408-103-0000","nh_gis_id":"064224-000408000103000000","objectid":659072}},{"geometry":{"type":"Polygon","coordinates":[[[-71.65746711516204,43.06296706349059],[-71.65759903224033,43.063475748745724],[-71.65909643667918,43.06322067583654],[-71.65900326747203,43.06270391946747],[-71.65746711516204,43.06296706349059]]],"crs":null},"id":659073,"type":"Feature","properties":{"town":"Weare","name":"CamaID: 409-129-0000","pid":"000409000129000000","streetaddress":"14 JAMIE DRIVE","townid":"4224","displayid":"409-129-0000","nh_gis_id":"064224-000409000129000000","objectid":659073}},{"geometry":{"type":"Polygon","coordinates":[[[-71.6591101151583,43.0621231815219],[-71.65933997698541,43.06348107817635],[-71.66035685473501,43.06333650227508],[-71.66014504884456,43.06260983700742],[-71.66063797033105,43.062507671418736],[-71.66046955637593,43.061903807314074],[-71.66020370390429,43.061946709985946],[-71.6591101151583,43.0621231815219]]],"crs":null},"id":659074,"type":"Feature","properties":{"town":"Weare","name":"CamaID: 409-118-0000","pid":"000409000118000000","streetaddress":"19 JAMIE DRIVE","townid":"4224","displayid":"409-118-0000","nh_gis_id":"064224-000409000118000000","objectid":659074}},{"geometry":{"type":"Polygon","coordinates":[[[-71.6548498776672,43.06329823848795],[-71.65496236874668,43.06351752761861],[-71.65746711516204,43.06296706349059],[-71.65731144295607,43.06236676408129],[-71.65684404227014,43.06243280365008],[-71.65599636757563,43.06253029891345],[-71.65474090958965,43.062749505717484],[-71.65476858146481,43.06296424033777],[-71.6548498776672,43.06329823848795]]],"crs":null},"id":659075,"type":"Feature","properties":{"town":"Weare","name":"CamaID: 409-131-0000","pid":"000409000131000000","streetaddress":"4 DEERHAVEN ROAD","townid":"4224","displayid":"409-131-0000","nh_gis_id":"064224-000409000131000000","objectid":659075}},{"geometry":{"type":"Polygon","coordinates":[[[-71.7524379953188,43.0623773778664],[-71.75258182284371,43.06350334452567],[-71.75330812782434,43.06350077696378],[-71.75332672439019,43.0633819684868],[-71.75335276781958,43.06326391500643],[-71.75338620440688,43.06314686770546],[-71.75342696202665,43.06303107327848],[-71.75347495505363,43.06291678022933],[-71.75332103366273,43.062592815319995],[-71.75313732009509,43.06220613631222],[-71.7524379953188,43.0623773778664]]],"crs":null},"id":659076,"type":"Feature","properties":{"town":"Weare","name":"CamaID: 407-131-0002","pid":"000407000131000002","streetaddress":"433 MT DEARBORN ROAD","townid":"4224","displayid":"407-131-0002","nh_gis_id":"064224-000407000131000002","objectid":659076}},{"geometry":{"type":"Polygon","coordinates":[[[-71.74652516607978,43.06338088041997],[-71.74697668293557,43.06346388948616],[-71.74742653755557,43.06355161932871],[-71.74731324019419,43.06199742681541],[-71.74778080967745,43.061940057135516],[-71.74794454570741,43.061871558708475],[-71.74779301902255,43.0613472222234],[-71.74969409147855,43.061006959404736],[-71.74955529167183,43.0607637478457],[-71.74932634263834,43.05961876375732],[-71.75070479399372,43.05966611330324],[-71.75188645918948,43.059573210614346],[-71.75096932945104,43.05764259828204],[-71.75074459835764,43.05567278652308],[-71.75049110313873,43.055589127931],[-71.75023451866545,43.05551069742022],[-71.74997504505542,43.05543755783651],[-71.74971288486812,43.05536976482388],[-71.74944824433985,43.055307372225194],[-71.74918132846904,43.05525042848468],[-71.74891234715533,43.05519897754427],[-71.74625075452326,43.05463030267938],[-71.74588906801623,43.05455744719696],[-71.74559524601372,43.054422288901584],[-71.74541902629547,43.05434786989393],[-71.7452452029707,43.0542704793063],[-71.74103995144195,43.05641089589284],[-71.74104058776422,43.0565544870075],[-71.74103529742777,43.0566980270598],[-71.74101456905734,43.05678134406278],[-71.74100235110106,43.056865560203924],[-71.74099871300267,43.056950210953055],[-71.74100367509615,43.05703482460871],[-71.74101720739012,43.05711893310083],[-71.74103923815747,43.05720207018507],[-71.74106964411746,43.05728377414943],[-71.74110825535136,43.057363593212614],[-71.74115485898325,43.057441084621225],[-71.74120919672752,43.057515817352595],[-71.74132474802542,43.057730894332096],[-71.7414119037107,43.05789425517573],[-71.74143814157172,43.05794658021119],[-71.74154728380456,43.05816345337501],[-71.74158227405843,43.05826984314626],[-71.74162437043114,43.058374839288575],[-71.74167346952876,43.05847818711393],[-71.74172945322816,43.05857963554345],[-71.74181499484408,43.05864982864858],[-71.7418968640889,43.05872233843943],[-71.74197494298481,43.05879706238205],[-71.74203016283562,43.05884751744881],[-71.74208015672704,43.05890082046858],[-71.74212465422796,43.05895668267206],[-71.74238107625486,43.05923203183261],[-71.74263671048804,43.05950777520244],[-71.74272168817357,43.05958961888732],[-71.74281351354027,43.0596673837843],[-71.74291182284365,43.059740763161564],[-71.7430162277996,43.05980946560672],[-71.74312631559215,43.05987322132813],[-71.74318998762841,43.059903446069434],[-71.74325786616168,43.05992826334213],[-71.74332910251263,43.05994736314887],[-71.74340280389097,43.0599605057368],[-71.74347804690711,43.05996752699],[-71.7435538873941,43.05996833842297],[-71.74362937759925,43.059962929869975],[-71.74370356986694,43.05995136858212],[-71.74377508505118,43.059942059473755],[-71.743847573797,43.05993869168305],[-71.74392012037798,43.05994130633405],[-71.74399180897521,43.05994987073911],[-71.74406173472218,43.059964276591266],[-71.74412901598426,43.05998434355636],[-71.74419280417486,43.060009816565845],[-71.74425229235935,43.06004037481199],[-71.7443030423157,43.06007569995193],[-71.7443482741169,43.060114850934674],[-71.74438745193473,43.060157364543336],[-71.74442011600435,43.060202742402495],[-71.74444588016473,43.060250447379005],[-71.74446444292828,43.06029991977698],[-71.74447558379654,43.06035057553988],[-71.74484520664,43.061527232051674],[-71.74489135681212,43.06166190544257],[-71.74494553150177,43.061794962020066],[-71.74500762853387,43.06192614439438],[-71.74507752609325,43.0620551996887],[-71.7451732861968,43.06227406597808],[-71.74527765018766,43.062490807270756],[-71.74533242193327,43.06258839207238],[-71.74539545257515,43.06268325895513],[-71.74546648999163,43.062775033608844],[-71.74554525628697,43.06286335164176],[-71.74563143675135,43.06294786579005],[-71.74572469335665,43.06302823960745],[-71.74582465617519,43.0631041573733],[-71.74593092950872,43.06317531688758],[-71.74601952839605,43.06322378179651],[-71.74611313067136,43.06326689615926],[-71.74621113440219,43.06330438493032],[-71.7463129119122,43.06333600638989],[-71.74641781347538,43.06336156024315],[-71.74652516607978,43.06338088041997]]],"crs":null},"id":659077,"type":"Feature","properties":{"town":"Weare","name":"CamaID: 407-130-0000","pid":"000407000130000000","streetaddress":"285 MT DEARBORN ROAD","townid":"4224","displayid":"407-130-0000","nh_gis_id":"064224-000407000130000000","objectid":659077}},{"geometry":{"type":"Polygon","coordinates":[[[-71.71811503037281,43.063344658286724],[-71.71951435807517,43.06357239529012],[-71.7196032235302,43.06298679697032],[-71.71943131778715,43.06279261627432],[-71.71924485039867,43.062572386609396],[-71.71905688563793,43.062330843112],[-71.71888872027073,43.06207137689465],[-71.71873175633549,43.06175552502157],[-71.7186283098205,43.06154919473076],[-71.71853091655008,43.06134028711139],[-71.71844771857054,43.06111762289211],[-71.71839419498048,43.060960048144956],[-71.71833829127925,43.06087408832034],[-71.7182441238831,43.0607326313711],[-71.71812007646231,43.06064542568888],[-71.71798078590908,43.060552251382155],[-71.71784591241956,43.06051474590937],[-71.71771896112655,43.06048929361313],[-71.71762063393152,43.060509204176576],[-71.71752903534072,43.06055294815224],[-71.717402917819,43.06061850766726],[-71.71727385508638,43.06065288827624],[-71.717543165059,43.061514711637344],[-71.71771975665949,43.062079808758554],[-71.71811503037281,43.063344658286724]]],"crs":null},"id":659078,"type":"Feature","properties":{"town":"Weare","name":"CamaID: 408-099-0000","pid":"000408000099000000","streetaddress":"205 IRVING DRIVE","townid":"4224","displayid":"408-099-0000","nh_gis_id":"064224-000408000099000000","objectid":659078}},{"geometry":{"type":"Polygon","coordinates":[[[-71.71461603132744,43.06366667585638],[-71.71462865187613,43.06367130823804],[-71.71506866137041,43.06313653510847],[-71.71423947382654,43.06248044530829],[-71.71320888846735,43.062980003871566],[-71.71322068325178,43.062990437434394],[-71.71332059089156,43.063048173198084],[-71.7134485214757,43.063133136536806],[-71.71359207266259,43.06326543861723],[-71.71369945820733,43.06338169186835],[-71.71377299095461,43.06345006186457],[-71.71388701972782,43.06348576778076],[-71.7140126300966,43.06350645757393],[-71.71412299670298,43.06352117732988],[-71.714232617446,43.06354926749927],[-71.71436921388946,43.063584858231906],[-71.71461603132744,43.06366667585638]]],"crs":null},"id":659079,"type":"Feature","properties":{"town":"Weare","name":"CamaID: 408-154-0000","pid":"000408000154000000","streetaddress":"36 BROWN RIDGE ROAD","townid":"4224","displayid":"408-154-0000","nh_gis_id":"064224-000408000154000000","objectid":659079}},{"geometry":{"type":"Polygon","coordinates":[[[-71.71635998338635,43.063640373338615],[-71.7163788087408,43.06367077647045],[-71.71686515282367,43.0635634647596],[-71.71680247059705,43.06347869902107],[-71.71640660066292,43.06294892245972],[-71.71632372140668,43.06281620061679],[-71.71586286620457,43.06294028183779],[-71.7158974498872,43.06298650054864],[-71.71599863985729,43.06313683471314],[-71.71609564370571,43.063256320899804],[-71.71619616021628,43.06338024511495],[-71.71630041693442,43.0635334276098],[-71.71635998338635,43.063640373338615]]],"crs":null},"id":659080,"type":"Feature","properties":{"town":"Weare","name":"CamaID: 408-159-0000","pid":"000408000159000000","streetaddress":"31 MARTIN ROAD","townid":"4224","displayid":"408-159-0000","nh_gis_id":"064224-000408000159000000","objectid":659080}},{"geometry":{"type":"Polygon","coordinates":[[[-71.74778086452743,43.06362428961342],[-71.74814275490786,43.06372200331596],[-71.74794454570741,43.061871558708475],[-71.74778080967745,43.061940057135516],[-71.74731324019419,43.06199742681541],[-71.74742653755557,43.06355161932871],[-71.74778086452743,43.06362428961342]]],"crs":null},"id":659081,"type":"Feature","properties":{"town":"Weare","name":"CamaID: 407-131-0001","pid":"000407000131000001","streetaddress":"363 MT DEARBORN ROAD","townid":"4224","displayid":"407-131-0001","nh_gis_id":"064224-000407000131000001","objectid":659081}},{"geometry":{"type":"Polygon","coordinates":[[[-71.66181567773747,43.06313359695263],[-71.66240686015671,43.06382771109014],[-71.66241548106804,43.063595526325386],[-71.66359102474098,43.063511540350085],[-71.66461134788163,43.06343510734104],[-71.66506577563186,43.06338974786975],[-71.6650049530384,43.063009800047624],[-71.66228261880867,43.06276356256579],[-71.66227888391421,43.06276813618207],[-71.66216975622369,43.06288855207246],[-71.66199858856181,43.06302886268153],[-71.66182690762096,43.063129408040965],[-71.66181567773747,43.06313359695263]]],"crs":null},"id":659082,"type":"Feature","properties":{"town":"Weare","name":"CamaID: 409-124-0000","pid":"000409000124000000","streetaddress":"30 GUY'S LANE","townid":"4224","displayid":"409-124-0000","nh_gis_id":"064224-000409000124000000","objectid":659082}},{"geometry":{"type":"Polygon","coordinates":[[[-71.68023668240198,43.06202396556726],[-71.6812491343529,43.06384485879166],[-71.68126101923856,43.06375526886065],[-71.68129410657833,43.063615469293126],[-71.68139329458494,43.06340861933614],[-71.68149900670052,43.06329204729419],[-71.68164756231106,43.06315200394369],[-71.68176313911876,43.063030528939855],[-71.68186258038693,43.06287012994823],[-71.68192302952734,43.062730925152586],[-71.68194734453779,43.06267087252511],[-71.6818402761987,43.06255712699758],[-71.68171163417911,43.062406752721856],[-71.68157916735332,43.06220552643712],[-71.68152624634541,43.06198545994869],[-71.68147783694111,43.06177399306074],[-71.68143936682159,43.06151114949811],[-71.68101296462504,43.06150693065271],[-71.68090877168542,43.06147355908957],[-71.6807842990915,43.06148149150471],[-71.68086755388583,43.0616876550808],[-71.68052020747882,43.0617332660339],[-71.68036842620911,43.06180604229326],[-71.68023668240198,43.06202396556726]]],"crs":null},"id":659083,"type":"Feature","properties":{"town":"Weare","name":"CamaID: 409-189-0000","pid":"000409000189000000","streetaddress":"220 BARNARD HILL ROAD","townid":"4224","displayid":"409-189-0000","nh_gis_id":"064224-000409000189000000","objectid":659083}},{"geometry":{"type":"Polygon","coordinates":[[[-71.76084778457111,43.06292725116594],[-71.76092106149366,43.06323394142426],[-71.76098477724574,43.06354177731313],[-71.76103890075083,43.0638505995441],[-71.76336470902855,43.063511069380375],[-71.76314756374305,43.06295915562742],[-71.76261280024976,43.062657409480245],[-71.76247088052108,43.062621773663565],[-71.76194766921701,43.06244990641875],[-71.76069237100715,43.062347975244236],[-71.76084778457111,43.06292725116594]]],"crs":null},"id":659084,"type":"Feature","properties":{"town":"Weare","name":"CamaID: 407-048-0000","pid":"000407000048000000","streetaddress":"31 HODGDON ROAD","townid":"4224","displayid":"407-048-0000","nh_gis_id":"064224-000407000048000000","objectid":659084}},{"geometry":{"type":"Polygon","coordinates":[[[-71.6899141643752,43.06388997594679],[-71.68999142725363,43.063891513015136],[-71.69008729837275,43.06388691337312],[-71.69020917414952,43.06387837006439],[-71.69031708003621,43.06386034623421],[-71.6904524061571,43.063851418213986],[-71.69056561360176,43.06384418877346],[-71.69069608545173,43.06382605635112],[-71.6908344024189,43.06381170373308],[-71.69096270615083,43.06379389912609],[-71.69110020000034,43.06378464221795],[-71.69128028260309,43.06378218036891],[-71.69141620131627,43.063791388585805],[-71.69149219363716,43.06379643197403],[-71.69153061878295,43.0638017517312],[-71.69133148105641,43.062346382568876],[-71.69209645779377,43.05784509646199],[-71.68995195634659,43.05734740069828],[-71.68898232149844,43.05839511350747],[-71.6884581042234,43.058597849061414],[-71.68846067721671,43.05860124041113],[-71.68854142175486,43.0586981588857],[-71.68861939750487,43.058782434948746],[-71.6886906426629,43.05889093041961],[-71.68878952112607,43.059033343400515],[-71.68891311652041,43.05922337406689],[-71.68904373287937,43.059422280693695],[-71.68911050156757,43.0595148851715],[-71.68915529684273,43.059625734066486],[-71.68922629630408,43.0598055154666],[-71.68927952761176,43.05993828267295],[-71.68933267191257,43.06011083106135],[-71.68936482726954,43.060265021927414],[-71.68939825330845,43.060415705467506],[-71.68942084510124,43.06056803305785],[-71.6894381357957,43.060709565962576],[-71.68947335327057,43.06086660610891],[-71.68950354287095,43.06109400178273],[-71.68952016976209,43.06120912382528],[-71.6895397864579,43.061318821745196],[-71.68956015447631,43.061415150194335],[-71.68958253154784,43.06154265560019],[-71.68963112799622,43.06169103876736],[-71.6896661297743,43.061823257603194],[-71.68969068906081,43.06190238024304],[-71.68972062040073,43.06200057187981],[-71.68977736621261,43.06213777772986],[-71.68980468364688,43.0622347087314],[-71.68983080249609,43.06234342048161],[-71.68985453790648,43.06242763910359],[-71.68989066860375,43.062539803656385],[-71.68989961036826,43.06261963784323],[-71.68991795765234,43.0627328420876],[-71.6899393666647,43.062848896539684],[-71.68994053661764,43.0629332241432],[-71.68994013108788,43.06303601723419],[-71.68992514848897,43.063159247124894],[-71.68992959819977,43.063271246153825],[-71.6899198601545,43.06334894352293],[-71.68989681672146,43.0634435712704],[-71.68987264517483,43.06355825410558],[-71.68981708047002,43.06370586606907],[-71.68977654148912,43.06383462993116],[-71.68976775821734,43.06386305183882],[-71.68981023127786,43.06386597330622],[-71.6899141643752,43.06388997594679]]],"crs":null},"id":659085,"type":"Feature","properties":{"town":"Weare","name":"CamaID: 408-185-0000","pid":"000408000185000000","streetaddress":"17 MELVIN VALLEY ROAD","townid":"4224","displayid":"408-185-0000","nh_gis_id":"064224-000408000185000000","objectid":659085}},{"geometry":{"type":"Polygon","coordinates":[[[-71.66111714044041,43.06335802238208],[-71.66191008106401,43.06494585339921],[-71.66261961973085,43.06486014409564],[-71.66256840392812,43.06437154773426],[-71.66240686015671,43.06382771109014],[-71.66181567773747,43.06313359695263],[-71.66156185028588,43.06322829900659],[-71.66130984259237,43.063310156069086],[-71.66113292622252,43.063355085894514],[-71.66111714044041,43.06335802238208]]],"crs":null},"id":659086,"type":"Feature","properties":{"town":"Weare","name":"CamaID: 409-125-0000","pid":"000409000125000000","streetaddress":"22 GUY'S LANE","townid":"4224","displayid":"409-125-0000","nh_gis_id":"064224-000409000125000000","objectid":659086}},{"geometry":{"type":"Polygon","coordinates":[[[-71.78698578588714,43.06357090909818],[-71.78866396140774,43.06388504484443],[-71.78873644734924,43.063842038497576],[-71.78891997286611,43.06372802704199],[-71.78910696465681,43.06361708475781],[-71.78929732708454,43.063509268441365],[-71.78939192080894,43.06346654224134],[-71.78949116600506,43.063429924017505],[-71.78959432907826,43.06339968279615],[-71.78970064934252,43.0633760435267],[-71.7898093439122,43.063359178074954],[-71.78991961140025,43.06334921332094],[-71.79003063803349,43.06334622035055],[-71.79051601560866,43.06330630920105],[-71.79065777908752,43.063300652960486],[-71.7907987159027,43.06328810034695],[-71.79093820368642,43.063268706949515],[-71.79107562504575,43.06324255896069],[-71.79121037247045,43.06320977137044],[-71.79134184956355,43.06317048886485],[-71.79146947472691,43.063124886722164],[-71.79159268360642,43.063073165408596],[-71.79219154719483,43.06285600596756],[-71.79199665099476,43.06214793418697],[-71.7900121375377,43.06198032475516],[-71.78872391532308,43.06166259872049],[-71.78694100587393,43.06143302951828],[-71.78694620733104,43.06150396188481],[-71.78694376563787,43.061574973396844],[-71.7869336970945,43.0616456238541],[-71.78691606465031,43.06171547210545],[-71.78689097791897,43.06178408325063],[-71.7868585919565,43.06185103134198],[-71.78675718512407,43.06203131835253],[-71.78666344506307,43.06221382334694],[-71.78657746356406,43.06239837071467],[-71.78649932259457,43.06258478215367],[-71.78642909798896,43.06277288026724],[-71.78636685575628,43.06296248406669],[-71.78633204258435,43.06307922647913],[-71.78629046613754,43.06319477332281],[-71.78624220085743,43.06330891297301],[-71.78618733470067,43.06342143829056],[-71.78698578588714,43.06357090909818]]],"crs":null},"id":659087,"type":"Feature","properties":{"town":"Weare","name":"CamaID: 407-187-0000","pid":"000407000187000000","streetaddress":"DEERING CENTER ROAD","townid":"4224","displayid":"407-187-0000","nh_gis_id":"064224-000407000187000000","objectid":659087}},{"geometry":{"type":"Polygon","coordinates":[[[-71.68146462520434,43.06362747542486],[-71.68278900467003,43.063953971395165],[-71.68310655988061,43.063918162497906],[-71.68291096894983,43.06308606880114],[-71.68207300723923,43.0627784708936],[-71.6820353400683,43.0628872694981],[-71.68197354673168,43.06300676442678],[-71.68189763501842,43.06311689944159],[-71.68180834883228,43.063212574058525],[-71.68170494544681,43.063298887802375],[-71.68162127313555,43.06337539693378],[-71.68153840169661,43.06348498621],[-71.68146646767221,43.063616069145276],[-71.68146462520434,43.06362747542486]]],"crs":null},"id":659088,"type":"Feature","properties":{"town":"Weare","name":"CamaID: 409-200-0000","pid":"000409000200000000","streetaddress":"217 BARNARD HILL ROAD","townid":"4224","displayid":"409-200-0000","nh_gis_id":"064224-000409000200000000","objectid":659088}},{"geometry":{"type":"Polygon","coordinates":[[[-71.71622043830428,43.06394658760877],[-71.71631115218204,43.063947721211136],[-71.71633558319279,43.063914182018074],[-71.71633714390197,43.063847662457654],[-71.71625874422412,43.06372203557624],[-71.7161716772398,43.06359772573471],[-71.71606032078243,43.063427394368915],[-71.71590308111361,43.063222605266425],[-71.71579576181588,43.063066573780816],[-71.71567035725491,43.06287849041424],[-71.71564538610346,43.06283490681588],[-71.71506866137041,43.06313653510847],[-71.71462865187613,43.06367130823804],[-71.71471182940546,43.06370183588298],[-71.71482242220978,43.06374137702779],[-71.71506550164148,43.06379393346179],[-71.71538240798101,43.063851846385425],[-71.71554582976495,43.06387839019347],[-71.71575259131517,43.06389835025408],[-71.71597893034742,43.06392362150472],[-71.71622043830428,43.06394658760877]]],"crs":null},"id":659089,"type":"Feature","properties":{"town":"Weare","name":"CamaID: 408-155-0000","pid":"000408000155000000","streetaddress":"8 BROWN RIDGE ROAD","townid":"4224","displayid":"408-155-0000","nh_gis_id":"064224-000408000155000000","objectid":659089}},{"geometry":{"type":"Polygon","coordinates":[[[-71.65759903224033,43.063475748745724],[-71.65772879933013,43.06397613857886],[-71.65919633065771,43.06377471211962],[-71.65909643667918,43.06322067583654],[-71.65759903224033,43.063475748745724]]],"crs":null},"id":659090,"type":"Feature","properties":{"town":"Weare","name":"CamaID: 409-128-0000","pid":"000409000128000000","streetaddress":"22 JAMIE DRIVE","townid":"4224","displayid":"409-128-0000","nh_gis_id":"064224-000409000128000000","objectid":659090}},{"geometry":{"type":"Polygon","coordinates":[[[-71.6523857885111,43.063896743707254],[-71.65233471568682,43.063979512358806],[-71.65243158676229,43.063969099590324],[-71.65465079132682,43.06373054643306],[-71.65462183881175,43.063567182523116],[-71.65455292869154,43.06320629658832],[-71.65454468358466,43.06316278784438],[-71.65241117855999,43.06343496378472],[-71.65231703586015,43.06344697287862],[-71.65241118619677,43.06355568995238],[-71.65247205428051,43.063706972715394],[-71.65245980613072,43.063795255267536],[-71.6523857885111,43.063896743707254]]],"crs":null},"id":659091,"type":"Feature","properties":{"town":"Weare","name":"CamaID: 409-211-0000","pid":"000409000211000000","streetaddress":"492 RIVER ROAD","townid":"4224","displayid":"409-211-0000","nh_gis_id":"064224-000409000211000000","objectid":659091}},{"geometry":{"type":"Polygon","coordinates":[[[-71.65535098609199,43.06387054725469],[-71.65555119528352,43.06400751947314],[-71.65759903224033,43.063475748745724],[-71.65746711516204,43.06296706349059],[-71.65496236874668,43.06351752761861],[-71.6551353801399,43.06369419254042],[-71.65535098609199,43.06387054725469]]],"crs":null},"id":659092,"type":"Feature","properties":{"town":"Weare","name":"CamaID: 409-151-0000","pid":"000409000151000000","streetaddress":"7 CHUCK STREET","townid":"4224","displayid":"409-151-0000","nh_gis_id":"064224-000409000151000000","objectid":659092}},{"geometry":{"type":"Polygon","coordinates":[[[-71.78543364625246,43.06384060524441],[-71.78557632293217,43.063983874678456],[-71.78602512438977,43.063421230417795],[-71.78625183680137,43.06272270208132],[-71.78633131290789,43.06251027813529],[-71.78641966198981,43.062299746898894],[-71.78651680087307,43.0620913082764],[-71.78662263655933,43.06188515858003],[-71.78673706991503,43.06168149322666],[-71.78676218100446,43.061632842439536],[-71.78677847984406,43.06158221602284],[-71.78678569312649,43.06153046672733],[-71.78678369736129,43.061478468748625],[-71.78677252743135,43.06142709971458],[-71.78675237164867,43.06137722448751],[-71.7867235692796,43.06132968616541],[-71.78668660682189,43.061285286282335],[-71.78664210816095,43.0612447740173],[-71.78659082349225,43.06120883180394],[-71.78644626716856,43.06111825783915],[-71.78632376301239,43.06102250626568],[-71.78620770592005,43.06092253053207],[-71.78609836641292,43.06081856261904],[-71.78599599906806,43.060710845325914],[-71.78590084374258,43.06059963046875],[-71.78581312065972,43.060485177084765],[-71.7857330353199,43.06036775142716],[-71.78566077481953,43.06024762786896],[-71.78559650784652,43.06012508620224],[-71.78554038222717,43.060000412540575],[-71.78549253106097,43.05987389751238],[-71.7854530641282,43.05974583626952],[-71.78542207402656,43.05961652758079],[-71.78539963371307,43.05948627203387],[-71.78538579405479,43.059355374738516],[-71.78538461263402,43.05930104713199],[-71.78537458977559,43.059247212987664],[-71.78535587061396,43.05919464089744],[-71.78532872178508,43.059144084922785],[-71.7852935326235,43.05909626929063],[-71.78525080531915,43.05905187760212],[-71.78520115490277,43.05901154563181],[-71.78514528958478,43.05897585144656],[-71.78508400951002,43.05894530640597],[-71.78501819323738,43.05892034617503],[-71.78494878300738,43.05890132984003],[-71.78487677121728,43.0588885282206],[-71.78330357192266,43.0587172855573],[-71.78318659243756,43.05870941211609],[-71.78307072428761,43.05869522813589],[-71.78295660108937,43.05867481129095],[-71.7828448442441,43.05864827257657],[-71.78273606293698,43.05861575630904],[-71.78263085291024,43.05857744102691],[-71.78252978663338,43.05853353499963],[-71.7824334169904,43.05848427892426],[-71.7823422674468,43.05842993963377],[-71.78225683696967,43.05837081549283],[-71.78217759264692,43.058307228303434],[-71.78210496478006,43.05823952510977],[-71.78202596695873,43.05817432536128],[-71.78194156885351,43.05811287300283],[-71.78185209990102,43.058055406236065],[-71.78175791037677,43.05800214973932],[-71.78170730870971,43.05798187208396],[-71.78166106791627,43.05795660758469],[-71.78162009610482,43.057926852228185],[-71.78158519719952,43.05789319032309],[-71.78155705618796,43.057856282812054],[-71.78153622436379,43.05781685288314],[-71.78149841010118,43.057729911927055],[-71.7814692077114,43.057641204286696],[-71.78144876655112,43.05755118890542],[-71.78143719301632,43.057460328368464],[-71.78139108557875,43.0572014578428],[-71.78136175028644,43.05707086269419],[-71.78132330783077,43.05694154409898],[-71.78127585710754,43.05681384401366],[-71.78121952646218,43.05668809986236],[-71.7811544626392,43.056564643647945],[-71.7810808381436,43.056443800144706],[-71.78102370573194,43.0563631408054],[-71.78095891093245,43.05628565858777],[-71.78088678223946,43.05621174292465],[-71.78080768248392,43.05614176791127],[-71.78072201004738,43.05607608510263],[-71.78063019763914,43.056015026216095],[-71.78053270737955,43.0559588995355],[-71.78043003202419,43.055907988110235],[-71.78032268882139,43.05586254706115],[-71.7802112182921,43.05582280718259],[-71.7800961842182,43.055788968641835],[-71.77993006279159,43.055752362125595],[-71.77976609302965,43.05571086801838],[-71.77960454023638,43.05566455358013],[-71.7792012266859,43.05554118559327],[-71.7789212568558,43.05545251294332],[-71.77864435850887,43.05535879834914],[-71.77837069997031,43.05526009747906],[-71.77810044957155,43.05515647140366],[-71.77783377196084,43.05504798299893],[-71.77758316831407,43.05493743680664],[-71.77733739664166,43.05482120351592],[-71.77709669655007,43.05469939544769],[-71.77686130519882,43.05457213302801],[-71.77658839736954,43.05443384126853],[-71.77645048817939,43.054364740647834],[-71.77630861628197,43.05430009949989],[-71.77616304824505,43.0542400408784],[-71.7760140592041,43.054184676127605],[-71.77586193042058,43.054134112086295],[-71.77570694926584,43.0540884420859],[-71.77554940923613,43.054047754052455],[-71.77448274016446,43.05381615630593],[-71.77483113327874,43.055207840129626],[-71.77489864104598,43.05547750059866],[-71.7785414073123,43.05746880662406],[-71.7810889126198,43.058920035880156],[-71.78026080673231,43.059814794025144],[-71.78306422201423,43.06135287247127],[-71.78247245175835,43.06187225293705],[-71.78279831948146,43.06206091862357],[-71.78312711319438,43.06224683578255],[-71.78345878741341,43.06242998193114],[-71.78386706954666,43.062692836062446],[-71.78409679044803,43.062837462064415],[-71.78432074169645,43.06298687343054],[-71.78453873891664,43.06314094796117],[-71.78475060016869,43.06329955625339],[-71.78495615209998,43.06346256889575],[-71.78515522256716,43.063629850174635],[-71.78543364625246,43.06384060524441]]],"crs":null},"id":659093,"type":"Feature","properties":{"town":"Weare","name":"CamaID: 407-172-0001","pid":"000407000172000001","streetaddress":"DEERING CENTER ROAD","townid":"4224","displayid":"407-172-0001","nh_gis_id":"064224-000407000172000001","objectid":659093}},{"geometry":{"type":"Polygon","coordinates":[[[-71.75347503042869,43.06377156981786],[-71.75346151517779,43.06382405001376],[-71.7534559502913,43.06387730192426],[-71.75345840117443,43.06393068007978],[-71.75346883992442,43.06398353637941],[-71.75348713920734,43.06403523179771],[-71.7566397560835,43.063007926352206],[-71.75636975978662,43.06206892438865],[-71.75419567725532,43.06240612164019],[-71.75411736111049,43.06241826358375],[-71.75402403791149,43.062506437111196],[-71.75393696804943,43.06259798592748],[-71.75385637708911,43.06269267042997],[-71.75378247708812,43.062790245624655],[-71.7537154592252,43.06289045753133],[-71.75365549871215,43.06299304407959],[-71.75360274988907,43.06309773961329],[-71.7535573511296,43.06320427128597],[-71.75347503042869,43.06377156981786]]],"crs":null},"id":659094,"type":"Feature","properties":{"town":"Weare","name":"CamaID: 407-095-0000","pid":"000407000095000000","streetaddress":"MT DEARBORN ROAD","townid":"4224","displayid":"407-095-0000","nh_gis_id":"064224-000407000095000000","objectid":659094}},{"geometry":{"type":"Polygon","coordinates":[[[-71.71119809475442,43.06330706939414],[-71.71142396538613,43.06408795526294],[-71.71348148064942,43.063758802623624],[-71.71333808990696,43.063256602005254],[-71.71325544287976,43.06318566185488],[-71.71304332002319,43.06301970373447],[-71.71119809475442,43.06330706939414]]],"crs":null},"id":659095,"type":"Feature","properties":{"town":"Weare","name":"CamaID: 408-147-0000","pid":"000408000147000000","streetaddress":"31 BROWN RIDGE ROAD","townid":"4224","displayid":"408-147-0000","nh_gis_id":"064224-000408000147000000","objectid":659095}},{"geometry":{"type":"Polygon","coordinates":[[[-71.68146936109326,43.064058944695624],[-71.68149136136383,43.06417603581926],[-71.68400926783679,43.064169465321314],[-71.68373157175436,43.063847681379364],[-71.68310655988061,43.063918162497906],[-71.68278900467003,43.063953971395165],[-71.68146462520434,43.06362747542486],[-71.68143701631459,43.063798457987495],[-71.68146936109326,43.064058944695624]]],"crs":null},"id":659096,"type":"Feature","properties":{"town":"Weare","name":"CamaID: 409-202-0000","pid":"000409000202000000","streetaddress":"235 BARNARD HILL ROAD","townid":"4224","displayid":"409-202-0000","nh_gis_id":"064224-000409000202000000","objectid":659096}},{"geometry":{"type":"Polygon","coordinates":[[[-71.68285749104204,43.06176458661995],[-71.68482911161038,43.06419885646238],[-71.68648799425561,43.06391514583677],[-71.68625367151493,43.06265634659272],[-71.68622573675906,43.062566187728855],[-71.6846287873733,43.06330040423269],[-71.68336782256632,43.06142668152819],[-71.68330322910614,43.06146358527829],[-71.68310624054689,43.0615931319122],[-71.68292465941595,43.06171356630268],[-71.68285749104204,43.06176458661995]]],"crs":null},"id":659097,"type":"Feature","properties":{"town":"Weare","name":"CamaID: 409-198-0000","pid":"000409000198000000","streetaddress":"193 BARNARD HILL ROAD","townid":"4224","displayid":"409-198-0000","nh_gis_id":"064224-000409000198000000","objectid":659097}},{"geometry":{"type":"Polygon","coordinates":[[[-71.75175779221613,43.0641444843809],[-71.75190502810833,43.06416184978559],[-71.75205334112076,43.06417327308278],[-71.75220228550866,43.064178719494976],[-71.75235141186842,43.06417817225293],[-71.75250027450416,43.06417163259042],[-71.75264842406493,43.06415912155002],[-71.7527954161342,43.064140676375814],[-71.75294080754858,43.064116351416445],[-71.75300477722861,43.06410802701984],[-71.75306744571601,43.064095461074146],[-71.75312829137684,43.06407875929525],[-71.75318680735666,43.06405805979515],[-71.75321569471315,43.0640447586605],[-71.75324133276463,43.0640282616768],[-71.7532630689642,43.06400898611814],[-71.75328035277082,43.06398742389566],[-71.75329274544438,43.06396412264614],[-71.75329992984774,43.063939672221736],[-71.7533017251669,43.06391469657743],[-71.75329486646115,43.06381122915697],[-71.75329364760842,43.063707643143665],[-71.75329807126877,43.063604104166714],[-71.75330812782434,43.06350077696378],[-71.75258182284371,43.06350334452567],[-71.7524379953188,43.0623773778664],[-71.75313732009509,43.06220613631222],[-71.75188645918948,43.059573210614346],[-71.75070479399372,43.05966611330324],[-71.74932634263834,43.05961876375732],[-71.74955529167183,43.0607637478457],[-71.74969409147855,43.061006959404736],[-71.74779301902255,43.0613472222234],[-71.74794454570741,43.061871558708475],[-71.74814275490786,43.06372200331596],[-71.74860007191575,43.063849841955246],[-71.74905512898644,43.063981945391156],[-71.74922373073761,43.06402876228906],[-71.74939545821813,43.06406901084695],[-71.74956983610979,43.06410257887411],[-71.74974638174965,43.0641293730914],[-71.74992460513069,43.064149319131346],[-71.7501040138147,43.06416236243501],[-71.75028410924868,43.06416846735433],[-71.75046439412947,43.06416761534673],[-71.75064436750114,43.064159810379614],[-71.75082353088567,43.06414507262472],[-71.75097859905898,43.06413096535887],[-71.7511344249571,43.06412244737215],[-71.75129063174955,43.06411954054419],[-71.75144684626864,43.064122251451046],[-71.7516026904159,43.06413057227179],[-71.75175779221613,43.0641444843809]]],"crs":null},"id":659098,"type":"Feature","properties":{"town":"Weare","name":"CamaID: 407-131-0000","pid":"000407000131000000","streetaddress":"MT DEARBORN ROAD","townid":"4224","displayid":"407-131-0000","nh_gis_id":"064224-000407000131000000","objectid":659098}},{"geometry":{"type":"Polygon","coordinates":[[[-71.71809620734707,43.063906863674546],[-71.71835829680401,43.064211531972724],[-71.71811503037281,43.063344658286724],[-71.71771975665949,43.062079808758554],[-71.71687919944556,43.06250833083438],[-71.71809620734707,43.063906863674546]]],"crs":null},"id":659099,"type":"Feature","properties":{"town":"Weare","name":"CamaID: 408-115-0000","pid":"000408000115000000","streetaddress":"947 SOUTH STARK HIGHWAY","townid":"4224","displayid":"408-115-0000","nh_gis_id":"064224-000408000115000000","objectid":659099}},{"geometry":{"type":"Polygon","coordinates":[[[-71.68400926783679,43.064169465321314],[-71.68413680612726,43.06431725005083],[-71.68482911161038,43.06419885646238],[-71.68285749104204,43.06176458661995],[-71.68274732897227,43.061848262987375],[-71.68259425437576,43.06198073170196],[-71.68245340734755,43.0621162212906],[-71.68232931257114,43.06226230790317],[-71.68220899669618,43.06242107274711],[-71.6821236027454,43.062605788225206],[-71.68207672806754,43.06276772417356],[-71.68207300723923,43.0627784708936],[-71.68291096894983,43.06308606880114],[-71.68310655988061,43.063918162497906],[-71.68373157175436,43.063847681379364],[-71.68400926783679,43.064169465321314]]],"crs":null},"id":659100,"type":"Feature","properties":{"town":"Weare","name":"CamaID: 409-199-0000","pid":"000409000199000000","streetaddress":"205 BARNARD HILL ROAD","townid":"4224","displayid":"409-199-0000","nh_gis_id":"064224-000409000199000000","objectid":659100}},{"geometry":{"type":"Polygon","coordinates":[[[-71.66575162243201,43.06420574865452],[-71.66596934612416,43.064412879042514],[-71.66809124097135,43.06389458919458],[-71.66810059960939,43.06389230354848],[-71.66863708520283,43.06390597182184],[-71.6690980342733,43.063719244498095],[-71.66914428031106,43.06366486159642],[-71.66934972928817,43.0634232660009],[-71.67057889469649,43.063352207214194],[-71.67078070004646,43.06334053934257],[-71.6708575721749,43.06333609421711],[-71.67085007266047,43.063071093722876],[-71.67084377552965,43.06284856855192],[-71.670649644884,43.06254018563296],[-71.67062448132982,43.062500213594674],[-71.6704088565906,43.06174793322748],[-71.67027749828723,43.06128963964424],[-71.66986397639252,43.05984685582214],[-71.66486374581301,43.06104397141347],[-71.66489164109291,43.06118084800524],[-71.66497024794974,43.06158169280444],[-71.66505564140944,43.06215745130176],[-71.6651420136991,43.062683242201686],[-71.66521308462525,43.063150049217235],[-71.66525346295637,43.063415676104555],[-71.6652983774013,43.06370558147701],[-71.66555171299999,43.06405604789661],[-71.66575162243201,43.06420574865452]]],"crs":null},"id":659101,"type":"Feature","properties":{"town":"Weare","name":"CamaID: 409-171-0000","pid":"000409000171000000","streetaddress":"WORTHLEY ROAD","townid":"4224","displayid":"409-171-0000","nh_gis_id":"064224-000409000171000000","objectid":659101}},{"geometry":{"type":"Polygon","coordinates":[[[-71.71387241280792,43.064375443158404],[-71.7153678275645,43.06440504868165],[-71.71550383412293,43.06399281689267],[-71.71534827167417,43.06396308398427],[-71.71514793584599,43.06393386133379],[-71.71490844325064,43.06389401664996],[-71.71474711309891,43.063858868138496],[-71.7145607472125,43.06379106725029],[-71.71443662782931,43.06374363881897],[-71.7142582607789,43.0636961644134],[-71.71406337972387,43.06364622740685],[-71.71386349363287,43.06361859201832],[-71.71384966282027,43.06361577659222],[-71.7137658172248,43.06362115363496],[-71.71371126781446,43.063636070269204],[-71.71366374138462,43.06365986055951],[-71.71387241280792,43.064375443158404]]],"crs":null},"id":659102,"type":"Feature","properties":{"town":"Weare","name":"CamaID: 408-145-0000","pid":"000408000145000000","streetaddress":"25 BROWN RIDGE ROAD","townid":"4224","displayid":"408-145-0000","nh_gis_id":"064224-000408000145000000","objectid":659102}},{"geometry":{"type":"Polygon","coordinates":[[[-71.78889573118215,43.06390797417891],[-71.79130477068878,43.0643731421951],[-71.7925505561269,43.06415746822894],[-71.79253152741487,43.06409114132037],[-71.79223288242173,43.06300617811478],[-71.7915804412767,43.06324673133904],[-71.79143777672499,43.06329770870813],[-71.79129112846803,43.06334219371844],[-71.79114104375478,43.06338002102865],[-71.7909880870742,43.063411048685616],[-71.7908328266556,43.06343516083979],[-71.79067584796861,43.06345226593034],[-71.79051773531775,43.063462302106494],[-71.79035908164855,43.06346523001537],[-71.7902004811931,43.063461039111445],[-71.79006994835622,43.0634661893831],[-71.78994030142377,43.06347846248801],[-71.78981226454768,43.063497790137276],[-71.78968654952463,43.06352406355076],[-71.78956385703356,43.06355713795658],[-71.78944486803623,43.06359682899929],[-71.78933024869202,43.06364291453472],[-71.78922063318065,43.06369513914899],[-71.78911663597219,43.063753210544064],[-71.7890188322009,43.06381680766012],[-71.78892776992983,43.06388557436066],[-71.78889573118215,43.06390797417891]]],"crs":null},"id":659103,"type":"Feature","properties":{"town":"Weare","name":"CamaID: 407-188-0000","pid":"000407000188000000","streetaddress":"DEERING CENTER ROAD","townid":"4224","displayid":"407-188-0000","nh_gis_id":"064224-000407000188000000","objectid":659103}},{"geometry":{"type":"Polygon","coordinates":[[[-71.73851335364854,43.106325464970496],[-71.73852935169512,43.10646095273818],[-71.7385388991081,43.10659676681031],[-71.7385419845942,43.10673274156575],[-71.73853860546174,43.10686871317725],[-71.73852876515973,43.10700451601225],[-71.73873804056346,43.106970033305906],[-71.7385004949898,43.10624495803498],[-71.73851335364854,43.106325464970496]]],"crs":null},"id":659104,"type":"Feature","properties":{"town":"Weare","name":"CamaID: 203-110-0000","pid":"000203000110000000","streetaddress":"CENTER ROAD","townid":"4224","displayid":"203-110-0000","nh_gis_id":"064224-000203000110000000","objectid":659104}},{"geometry":{"type":"Polygon","coordinates":[[[-71.70945008663872,43.10684373986955],[-71.70991115980914,43.10704071195206],[-71.71009554938377,43.10682481024121],[-71.70908681114346,43.10632126796036],[-71.70870447840547,43.10613040993776],[-71.70862368728923,43.1062308544908],[-71.70844570032297,43.106185398412165],[-71.7084106723194,43.10617457954405],[-71.70739826562941,43.10586189497647],[-71.70597331144508,43.10553581175589],[-71.70502345272202,43.10534458225735],[-71.70410969906129,43.10515812102241],[-71.7037320499954,43.10510367793338],[-71.70309547466493,43.10496133534811],[-71.70139706799183,43.10460656123619],[-71.70052033356384,43.10437054573124],[-71.7002256087997,43.104291334531425],[-71.7003258498538,43.10442454984856],[-71.70039127214434,43.10450904234393],[-71.70044170776876,43.10457954259852],[-71.7004682608039,43.10463786348772],[-71.7004751789193,43.104665382112024],[-71.70079355014029,43.104732202978305],[-71.70086360288605,43.10474690602109],[-71.70147495663201,43.10489531509454],[-71.70148224392922,43.104897083497015],[-71.70165529371712,43.10493909170269],[-71.70214956483242,43.10506757630805],[-71.70376987557229,43.105365431101966],[-71.70540305548333,43.10567986297498],[-71.70759025433864,43.10615546210959],[-71.7084327817227,43.106435764350415],[-71.7085733447174,43.10646918548837],[-71.70945008663872,43.10684373986955]]],"crs":null},"id":659105,"type":"Feature","properties":{"town":"Weare","name":"CamaID: 405-030-0000","pid":"000405000030000000","streetaddress":"RIVER ROAD","townid":"4224","displayid":"405-030-0000","nh_gis_id":"064224-000405000030000000","objectid":659105}},{"geometry":{"type":"Polygon","coordinates":[[[-71.76571487534231,43.10699899204433],[-71.76573496738959,43.107007559496395],[-71.76660051250697,43.10581078842429],[-71.76545543848331,43.10551473368211],[-71.7649525007979,43.105728867999865],[-71.76425144550711,43.10602734789644],[-71.76428090884079,43.10674061665491],[-71.76438764244043,43.10673822383994],[-71.76449439159806,43.10674020569985],[-71.7646008233864,43.106746553517965],[-71.76470660486333,43.10675724957715],[-71.7648530556912,43.10677606971797],[-71.76499802744635,43.1068002685106],[-71.76514115150427,43.10682978596695],[-71.76526032180496,43.10685493739596],[-71.7653775815513,43.10688451644577],[-71.76549262718981,43.106918445970514],[-71.76560515637594,43.1069566380222],[-71.76571487534231,43.10699899204433]]],"crs":null},"id":659106,"type":"Feature","properties":{"town":"Weare","name":"CamaID: 201-117-0000","pid":"000201000117000000","streetaddress":"381 THORNDIKE ROAD","townid":"4224","displayid":"201-117-0000","nh_gis_id":"064224-000201000117000000","objectid":659106}},{"geometry":{"type":"Polygon","coordinates":[[[-71.77818575734655,43.10693191472461],[-71.77832351000835,43.10705501887342],[-71.77836302542826,43.107009198067736],[-71.77840372029858,43.10696883557912],[-71.77848240875424,43.10688836164189],[-71.77824007583528,43.10667247827703],[-71.77808701335775,43.10683887745024],[-71.77818575734655,43.10693191472461]]],"crs":null},"id":659107,"type":"Feature","properties":{"town":"Weare","name":"CamaID: 104-068-0000","pid":"000104000068000000","streetaddress":"95 EAST SHORE DRIVE","townid":"4224","displayid":"104-068-0000","nh_gis_id":"064224-000104000068000000","objectid":659107}},{"geometry":{"type":"Polygon","coordinates":[[[-71.79767615550536,43.10635836151404],[-71.79747778626576,43.107048082864495],[-71.79850245039543,43.10642427114164],[-71.79954456242051,43.106578710975334],[-71.79970550988604,43.10604641565229],[-71.79884312549488,43.105993518734316],[-71.79767615550536,43.10635836151404]]],"crs":null},"id":659108,"type":"Feature","properties":{"town":"Weare","name":"CamaID: 404-175-0000","pid":"000404000175000000","streetaddress":"627 RESERVOIR DRIVE","townid":"4224","displayid":"404-175-0000","nh_gis_id":"064224-000404000175000000","objectid":659108}},{"geometry":{"type":"Polygon","coordinates":[[[-71.76307940169127,43.10709502273636],[-71.76308221616057,43.10709962469378],[-71.76308602267505,43.10710382704342],[-71.76309071662838,43.10710751555277],[-71.76309617132432,43.10711059131066],[-71.76310223920494,43.10711297072625],[-71.76310875800078,43.107114590024736],[-71.76311555072937,43.10711540434706],[-71.76312243307642,43.10711539404507],[-71.76312922075442,43.10711455657349],[-71.76313572951831,43.10711291639217],[-71.76314178375407,43.107110517757086],[-71.76314722016438,43.10710742471749],[-71.76315189145433,43.10710372111277],[-71.7631835977149,43.10707618002074],[-71.7632185630824,43.107050846067665],[-71.76325650408387,43.10702792472684],[-71.76332565745338,43.10698300945716],[-71.76339966915107,43.10694246392589],[-71.76347802731935,43.1069065685071],[-71.76356018811487,43.10687557299736],[-71.76364558307066,43.10684969120882],[-71.76376795345755,43.10681517693697],[-71.76389326734126,43.10678689365555],[-71.76402093280777,43.10676497508255],[-71.76415035052817,43.10674952523936],[-71.76428090884079,43.10674061665491],[-71.76425144550711,43.10602734789644],[-71.76317556201917,43.10620050099431],[-71.76317457036065,43.10620582899043],[-71.76312803802348,43.106369166645],[-71.76310172273449,43.106521796914194],[-71.76308302524602,43.10667503016452],[-71.76307197109055,43.10682866024104],[-71.76307070860423,43.10688375482448],[-71.76306899729535,43.106954252458614],[-71.76307189793712,43.10702472910323],[-71.76307940169127,43.10709502273636]]],"crs":null},"id":659109,"type":"Feature","properties":{"town":"Weare","name":"CamaID: 201-116-0000","pid":"000201000116000000","streetaddress":"159 RESERVOIR DRIVE","townid":"4224","displayid":"201-116-0000","nh_gis_id":"064224-000201000116000000","objectid":659109}},{"geometry":{"type":"Polygon","coordinates":[[[-71.80089978126786,43.10656178686643],[-71.80162602147276,43.1070892386061],[-71.801182123833,43.10514112095154],[-71.8011003497967,43.105009571018236],[-71.80103070310217,43.105033223569045],[-71.80068859152887,43.10649841455981],[-71.80074899680399,43.106510940663256],[-71.80089978126786,43.10656178686643]]],"crs":null},"id":659110,"type":"Feature","properties":{"town":"Weare","name":"CamaID: 401-005-0001","pid":"000401000005000001","streetaddress":"630 RESERVOIR DRIVE","townid":"4224","displayid":"401-005-0001","nh_gis_id":"064224-000401000005000001","objectid":659110}},{"geometry":{"type":"Polygon","coordinates":[[[-71.77865970706856,43.10687831347614],[-71.77893625040915,43.107115856288594],[-71.77895109483512,43.10709827146096],[-71.77899049171042,43.1070617681324],[-71.77901774836737,43.10703085051377],[-71.7790444056357,43.10700002709396],[-71.77907607210486,43.106973462814615],[-71.77909745679827,43.10694689692707],[-71.77893049276803,43.10681433466236],[-71.7787951553552,43.10669829154407],[-71.7787394007786,43.1067733359659],[-71.77866878992727,43.10686628832304],[-71.77865970706856,43.10687831347614]]],"crs":null},"id":659111,"type":"Feature","properties":{"town":"Weare","name":"CamaID: 101-017-0000","pid":"000101000017000000","streetaddress":"98 EAST SHORE DRIVE","townid":"4224","displayid":"101-017-0000","nh_gis_id":"064224-000101000017000000","objectid":659111}},{"geometry":{"type":"Polygon","coordinates":[[[-71.77863804839087,43.106904960564876],[-71.77891350404754,43.10713956816711],[-71.77892785544292,43.10712580231345],[-71.77893625040915,43.107115856288594],[-71.77865970706856,43.10687831347614],[-71.77863804839087,43.106904960564876]]],"crs":null},"id":659112,"type":"Feature","properties":{"town":"Weare","name":"CamaID: 101-018-0000","pid":"000101000018000000","streetaddress":"ROW 4 EAST SHORE DRIVE","townid":"4224","displayid":"101-018-0000","nh_gis_id":"064224-000101000018000000","objectid":659112}},{"geometry":{"type":"Polygon","coordinates":[[[-71.7538622248846,43.10637832720319],[-71.7541087378152,43.10716995948599],[-71.75540922311619,43.106837469118524],[-71.75510176676259,43.106230939354724],[-71.75660788155504,43.10584054070144],[-71.75680227284363,43.10590828698085],[-71.75686580401886,43.10580967275386],[-71.75693330399717,43.105712483916655],[-71.756989788692,43.10563694003408],[-71.75703944876267,43.10555886575562],[-71.75708207586415,43.10547858981389],[-71.75711748869969,43.10539645262138],[-71.75714553670043,43.10531280266656],[-71.75714525198454,43.105210405824856],[-71.75713547245137,43.10510826043249],[-71.75711624306768,43.105006837236466],[-71.75374307312308,43.1059956860727],[-71.7538622248846,43.10637832720319]]],"crs":null},"id":659113,"type":"Feature","properties":{"town":"Weare","name":"CamaID: 201-112-0012","pid":"000201000112000012","streetaddress":"93 GRANDVIEW DRIVE","townid":"4224","displayid":"201-112-0012","nh_gis_id":"064224-000201000112000012","objectid":659113}},{"geometry":{"type":"Polygon","coordinates":[[[-71.79794876849411,43.107118397030995],[-71.79935466551932,43.107137421542156],[-71.79948606466023,43.10677217780149],[-71.79954456242051,43.106578710975334],[-71.79850245039543,43.10642427114164],[-71.79747778626576,43.107048082864495],[-71.79794876849411,43.107118397030995]]],"crs":null},"id":659114,"type":"Feature","properties":{"town":"Weare","name":"CamaID: 401-005-0005","pid":"000401000005000005","streetaddress":"617 RESERVOIR DRIVE","townid":"4224","displayid":"401-005-0005","nh_gis_id":"064224-000401000005000005","objectid":659114}},{"geometry":{"type":"Polygon","coordinates":[[[-71.75066012456487,43.10608044455023],[-71.75074576726354,43.10719914275924],[-71.75201339915753,43.106396263384696],[-71.75184273605807,43.106280770117415],[-71.75166681529495,43.10616959137568],[-71.75148584097614,43.10606285750771],[-71.75143734430844,43.10603236804439],[-71.75139342280255,43.10599835823887],[-71.75135455240473,43.105961194110314],[-71.75066012456487,43.10608044455023]]],"crs":null},"id":659115,"type":"Feature","properties":{"town":"Weare","name":"CamaID: 201-093-0000","pid":"000201000093000000","streetaddress":"68 JOHN CONNOR ROAD","townid":"4224","displayid":"201-093-0000","nh_gis_id":"064224-000201000093000000","objectid":659115}},{"geometry":{"type":"Polygon","coordinates":[[[-71.77793899355889,43.10699662455408],[-71.77814974526576,43.10721241959554],[-71.77821202491573,43.1071625898451],[-71.7782700180404,43.10711005655386],[-71.77832351000835,43.10705501887342],[-71.77818575734655,43.10693191472461],[-71.77808701335775,43.10683887745024],[-71.77797019720902,43.106965919385196],[-71.77793899355889,43.10699662455408]]],"crs":null},"id":659116,"type":"Feature","properties":{"town":"Weare","name":"CamaID: 101-016-0000","pid":"000101000016000000","streetaddress":"93 EAST SHORE DRIVE","townid":"4224","displayid":"101-016-0000","nh_gis_id":"064224-000101000016000000","objectid":659116}},{"geometry":{"type":"Polygon","coordinates":[[[-71.79956946847966,43.107081746588484],[-71.80044679222402,43.107250945782475],[-71.80162602147276,43.1070892386061],[-71.80089978126786,43.10656178686643],[-71.80074899680399,43.106510940663256],[-71.80068859152887,43.10649841455981],[-71.79982274996449,43.10641650065279],[-71.79976898286279,43.10659169963643],[-71.79957499770391,43.10706561736549],[-71.79956946847966,43.107081746588484]]],"crs":null},"id":659117,"type":"Feature","properties":{"town":"Weare","name":"CamaID: 401-005-0000","pid":"000401000005000000","streetaddress":"626 RESERVOIR DRIVE","townid":"4224","displayid":"401-005-0000","nh_gis_id":"064224-000401000005000000","objectid":659117}},{"geometry":{"type":"Polygon","coordinates":[[[-71.77849024641111,43.107069642114645],[-71.77872710785206,43.107289182249914],[-71.77875998683017,43.10726241883627],[-71.77878169467002,43.10724247428406],[-71.7788075931244,43.10722186850261],[-71.77884272373161,43.10719429901357],[-71.77887964994106,43.107166447802406],[-71.77890781475095,43.1071450251289],[-71.77891350404754,43.10713956816711],[-71.77863804839087,43.106904960564876],[-71.77856631165143,43.106988344335925],[-71.77849024641111,43.107069642114645]]],"crs":null},"id":659118,"type":"Feature","properties":{"town":"Weare","name":"CamaID: 101-019-0000","pid":"000101000019000000","streetaddress":"94 EAST SHORE DRIVE","townid":"4224","displayid":"101-019-0000","nh_gis_id":"064224-000101000019000000","objectid":659118}},{"geometry":{"type":"Polygon","coordinates":[[[-71.75074576726354,43.10719914275924],[-71.7518950101333,43.107336143356534],[-71.7526507628068,43.106889117379836],[-71.75261311777375,43.1068594052059],[-71.75235751827334,43.10665524479969],[-71.75218864816877,43.106523479379966],[-71.75201339915753,43.106396263384696],[-71.75074576726354,43.10719914275924]]],"crs":null},"id":659119,"type":"Feature","properties":{"town":"Weare","name":"CamaID: 201-092-0000","pid":"000201000092000000","streetaddress":"84 JOHN CONNOR ROAD","townid":"4224","displayid":"201-092-0000","nh_gis_id":"064224-000201000092000000","objectid":659119}},{"geometry":{"type":"Polygon","coordinates":[[[-71.7456811477585,43.106975402649596],[-71.74603196554233,43.1071807046711],[-71.74631158671832,43.10734415174449],[-71.74599313030892,43.105698931441914],[-71.74591416900351,43.10571208621629],[-71.74487850297028,43.106478539791404],[-71.7448864429724,43.106483313325015],[-71.74520732006981,43.10668537076736],[-71.7455313126628,43.10688474267228],[-71.7456811477585,43.106975402649596]]],"crs":null},"id":659120,"type":"Feature","properties":{"town":"Weare","name":"CamaID: 201-071-0000","pid":"000201000071000000","streetaddress":"239 NORTH STARK HIGHWAY","townid":"4224","displayid":"201-071-0000","nh_gis_id":"064224-000201000071000000","objectid":659120}},{"geometry":{"type":"Polygon","coordinates":[[[-71.7424268539246,43.10683502326863],[-71.74247126846372,43.10709987555137],[-71.74251091830617,43.10736513423537],[-71.74426591866577,43.10715341322513],[-71.74380519312511,43.106775727776174],[-71.7424268539246,43.10683502326863]]],"crs":null},"id":659121,"type":"Feature","properties":{"town":"Weare","name":"CamaID: 201-053-0000","pid":"000201000053000000","streetaddress":"39 WOODBURY ROAD","townid":"4224","displayid":"201-053-0000","nh_gis_id":"064224-000201000053000000","objectid":659121}},{"geometry":{"type":"Polygon","coordinates":[[[-71.77775164407242,43.10713308211127],[-71.77794455789954,43.10735484941233],[-71.77803664720267,43.10728921362658],[-71.77809454039686,43.107251879757804],[-71.77814974526576,43.10721241959554],[-71.77793899355889,43.10699662455408],[-71.77775164407242,43.10713308211127]]],"crs":null},"id":659122,"type":"Feature","properties":{"town":"Weare","name":"CamaID: 101-015-0000","pid":"000101000015000000","streetaddress":"EAST SHORE DRIVE","townid":"4224","displayid":"101-015-0000","nh_gis_id":"064224-000101000015000000","objectid":659122}},{"geometry":{"type":"Polygon","coordinates":[[[-71.7533526337051,43.1047770871177],[-71.75347372366633,43.10513067992733],[-71.75429780276231,43.10500568446327],[-71.75651629139017,43.10442036438638],[-71.75648848948568,43.104361748729254],[-71.75646726902367,43.104301673237394],[-71.75639516081466,43.104097093160064],[-71.75638381939349,43.10406935814356],[-71.75636271639485,43.10403490476359],[-71.75633743511567,43.104001996632235],[-71.75632551841404,43.10398577964012],[-71.75631031653506,43.1039711116996],[-71.75629219608594,43.10395834628616],[-71.75627159608804,43.103947791810434],[-71.75623008986345,43.103934023012854],[-71.75619211489519,43.10391557689339],[-71.75615864484287,43.10389292707962],[-71.75613053558045,43.10386665261105],[-71.75610851044101,43.10383742894822],[-71.75609313192511,43.103806002789945],[-71.75608479554491,43.10377318217586],[-71.75602768281854,43.10378478217851],[-71.75421023996522,43.10416126048239],[-71.75320422269421,43.10434371091787],[-71.7533526337051,43.1047770871177]]],"crs":null},"id":659123,"type":"Feature","properties":{"town":"Weare","name":"CamaID: 201-112-0003","pid":"000201000112000003","streetaddress":"115 GRANDVIEW DRIVE","townid":"4224","displayid":"201-112-0003","nh_gis_id":"064224-000201000112000003","objectid":659123}},{"geometry":{"type":"Polygon","coordinates":[[[-71.78553831570916,43.10477597603822],[-71.78594562638746,43.10512659299347],[-71.78642716434196,43.104856585031534],[-71.78598507488628,43.10443504624142],[-71.78531394962948,43.104270250114055],[-71.78530393134129,43.104349193944905],[-71.78522427135826,43.104447658858554],[-71.78515006667271,43.104484214798376],[-71.78499600747043,43.104530066456455],[-71.78492636975024,43.10450771180068],[-71.78486136944817,43.1044986486114],[-71.78478024758721,43.1045209249782],[-71.78478288732335,43.10453993008274],[-71.78553831570916,43.10477597603822]]],"crs":null},"id":659124,"type":"Feature","properties":{"town":"Weare","name":"CamaID: 103-041-0000","pid":"000103000041000000","streetaddress":"109 COLLINS LANDING ROAD","townid":"4224","displayid":"103-041-0000","nh_gis_id":"064224-000103000041000000","objectid":659124}},{"geometry":{"type":"Polygon","coordinates":[[[-71.74063854249303,43.10442024409236],[-71.74182582023117,43.105171777568785],[-71.74175920436922,43.105071606226325],[-71.74155930276397,43.10476198864816],[-71.74151429083305,43.10467777009566],[-71.74146257885201,43.10459564248057],[-71.74144250487142,43.104560135189125],[-71.74142628345942,43.10452358568931],[-71.74141493332948,43.104501378894454],[-71.74139934906631,43.10448059712057],[-71.74137985183508,43.104461670433814],[-71.74135684874955,43.10444499193754],[-71.74133081443,43.10443090608221],[-71.7409231101912,43.10417852997243],[-71.74063854249303,43.10442024409236]]],"crs":null},"id":659125,"type":"Feature","properties":{"town":"Weare","name":"CamaID: 201-050-0000","pid":"000201000050000000","streetaddress":"190 NORTH STARK HIGHWAY","townid":"4224","displayid":"201-050-0000","nh_gis_id":"064224-000201000050000000","objectid":659125}},{"geometry":{"type":"Polygon","coordinates":[[[-71.75139523981684,43.1046604492103],[-71.75139405547768,43.104850142216115],[-71.75138390893032,43.10503969152404],[-71.75136481329282,43.10522887028118],[-71.7533526337051,43.1047770871177],[-71.75320422269421,43.10434371091787],[-71.75214505256123,43.10454425668203],[-71.75203983569854,43.104565134385304],[-71.75172673337248,43.104600818657],[-71.75146648472074,43.10465612876425],[-71.75139523981684,43.1046604492103]]],"crs":null},"id":659126,"type":"Feature","properties":{"town":"Weare","name":"CamaID: 201-097-0000","pid":"000201000097000000","streetaddress":"51 JOHN CONNOR ROAD","townid":"4224","displayid":"201-097-0000","nh_gis_id":"064224-000201000097000000","objectid":659126}},{"geometry":{"type":"Polygon","coordinates":[[[-71.72298563058872,43.10518144923291],[-71.7245870391452,43.105278948465106],[-71.72446744068984,43.10473209365588],[-71.72286040982097,43.10464761455075],[-71.72298563058872,43.10518144923291]]],"crs":null},"id":659127,"type":"Feature","properties":{"town":"Weare","name":"CamaID: 203-073-0000","pid":"000203000073000000","streetaddress":"125 BUZZELL HILL ROAD","townid":"4224","displayid":"203-073-0000","nh_gis_id":"064224-000203000073000000","objectid":659127}},{"geometry":{"type":"Polygon","coordinates":[[[-71.77925047819421,43.105236356441964],[-71.77962237820762,43.10524485203058],[-71.7796244077393,43.10521412838795],[-71.7796131906043,43.10506669557339],[-71.77961124467474,43.105042658659116],[-71.77922667921791,43.105044509356745],[-71.77925047819421,43.105236356441964]]],"crs":null},"id":659128,"type":"Feature","properties":{"town":"Weare","name":"CamaID: 104-058-0000","pid":"000104000058000000","streetaddress":"125 EAST SHORE DRIVE","townid":"4224","displayid":"104-058-0000","nh_gis_id":"064224-000104000058000000","objectid":659128}},{"geometry":{"type":"Polygon","coordinates":[[[-71.7979060198766,43.10516379714079],[-71.79800090430275,43.10531092601816],[-71.79921041033347,43.104996085026166],[-71.79879639405577,43.10379467151259],[-71.79926872554559,43.10333870591969],[-71.79920941758665,43.10326607210162],[-71.79913132477944,43.10316934014264],[-71.79904602701232,43.10307593266309],[-71.79895378781683,43.1029861373944],[-71.79885489157557,43.1029002294412],[-71.79871661397382,43.10332959562089],[-71.79797205272274,43.103296315547944],[-71.79697096787655,43.1031791101195],[-71.79698278332063,43.10320573517564],[-71.79784877765516,43.10503858899375],[-71.7979060198766,43.10516379714079]]],"crs":null},"id":659129,"type":"Feature","properties":{"town":"Weare","name":"CamaID: 102-030-0000","pid":"000102000030000000","streetaddress":"19 LAKEVIEW DRIVE","townid":"4224","displayid":"102-030-0000","nh_gis_id":"064224-000102000030000000","objectid":659129}},{"geometry":{"type":"Polygon","coordinates":[[[-71.7797634259158,43.10530313774502],[-71.78032142453718,43.10534400314668],[-71.78035231938988,43.105316148440295],[-71.78037515490672,43.105300117264605],[-71.78040656077269,43.10527491481389],[-71.78041719131869,43.10525577129723],[-71.78040805526443,43.10521220892279],[-71.78039906574722,43.105186078944975],[-71.78038672054488,43.10515496990289],[-71.78037330269635,43.10513505544355],[-71.78029819337704,43.105080392083906],[-71.78026059618995,43.105059267496934],[-71.78025241708514,43.105050812289896],[-71.78013870833324,43.105100688778535],[-71.77975696907646,43.10508304184001],[-71.7797675348526,43.105214804358226],[-71.7797634259158,43.10530313774502]]],"crs":null},"id":659130,"type":"Feature","properties":{"town":"Weare","name":"CamaID: 104-012-0000","pid":"000104000012000000","streetaddress":"124 EAST SHORE DRIVE","townid":"4224","displayid":"104-012-0000","nh_gis_id":"064224-000104000012000000","objectid":659130}},{"geometry":{"type":"Polygon","coordinates":[[[-71.80039025732489,43.10483291354573],[-71.80032144116838,43.1049543223214],[-71.80025964515518,43.10507774192154],[-71.80020498064474,43.10520295528824],[-71.800157543019,43.1053297408805],[-71.80103070310217,43.105033223569045],[-71.8011003497967,43.105009571018236],[-71.80126246182965,43.104954612776375],[-71.80138037430443,43.10448453617515],[-71.8006321493838,43.10431510566773],[-71.80055969716943,43.10448972115116],[-71.80047903389377,43.104662392833426],[-71.80039025732489,43.10483291354573]]],"crs":null},"id":659131,"type":"Feature","properties":{"town":"Weare","name":"CamaID: 404-002-0000","pid":"000404000002000000","streetaddress":"654 RESERVOIR DRIVE","townid":"4224","displayid":"404-002-0000","nh_gis_id":"064224-000404000002000000","objectid":659131}},{"geometry":{"type":"Polygon","coordinates":[[[-71.72789032309993,43.10521782160294],[-71.7279398315786,43.105396904010874],[-71.7282146524666,43.1053573195057],[-71.72827486334123,43.105348646444746],[-71.72841439434396,43.10532854802295],[-71.73142850846628,43.104894344784796],[-71.7313681395033,43.104656415590206],[-71.7311297565473,43.10393983532654],[-71.73080814634443,43.10252446430478],[-71.73073374463854,43.10221477435734],[-71.73045214307447,43.10158884227032],[-71.72705349050696,43.10218557248689],[-71.72706560197318,43.10223442693487],[-71.7276256449146,43.10426038988726],[-71.72767297449461,43.10443159807982],[-71.7278418468891,43.10504246798893],[-71.72786129799971,43.10511282688446],[-71.72789032309993,43.10521782160294]]],"crs":null},"id":659132,"type":"Feature","properties":{"town":"Weare","name":"CamaID: 203-059-0000","pid":"000203000059000000","streetaddress":"COLBURN'S MEADOW","townid":"4224","displayid":"203-059-0000","nh_gis_id":"064224-000203000059000000","objectid":659132}},{"geometry":{"type":"Polygon","coordinates":[[[-71.77976171888078,43.10533216246467],[-71.78027211954773,43.105373450507635],[-71.78031520999625,43.105349606528115],[-71.78032142453718,43.10534400314668],[-71.7797634259158,43.10530313774502],[-71.77976171888078,43.10533216246467]]],"crs":null},"id":659133,"type":"Feature","properties":{"town":"Weare","name":"CamaID: 104-011-0000","pid":"000104000011000000","streetaddress":"EAST SHORE DRIVE","townid":"4224","displayid":"104-011-0000","nh_gis_id":"064224-000104000011000000","objectid":659133}},{"geometry":{"type":"Polygon","coordinates":[[[-71.77923294768307,43.105427005556905],[-71.77960772586263,43.10544943557369],[-71.77962237820762,43.10524485203058],[-71.77925047819421,43.105236356441964],[-71.77923294768307,43.105427005556905]]],"crs":null},"id":659134,"type":"Feature","properties":{"town":"Weare","name":"CamaID: 104-059-0000","pid":"000104000059000000","streetaddress":"121 EAST SHORE DRIVE","townid":"4224","displayid":"104-059-0000","nh_gis_id":"064224-000104000059000000","objectid":659134}},{"geometry":{"type":"Polygon","coordinates":[[[-71.75724948640907,43.10488109437145],[-71.75728294170212,43.10495390092228],[-71.757307263457,43.105028627542694],[-71.75732225048915,43.10510466048705],[-71.75732778144989,43.105181376042644],[-71.7573238111462,43.105258143232824],[-71.7573103705542,43.10533433191841],[-71.75728757051012,43.10540931549533],[-71.75725559926657,43.1054824789982],[-71.7591407539075,43.1054554739528],[-71.759039453363,43.10483428351947],[-71.75830335998216,43.10487777440849],[-71.75780893633005,43.104781713284616],[-71.75724698402048,43.1048761535606],[-71.75724948640907,43.10488109437145]]],"crs":null},"id":659135,"type":"Feature","properties":{"town":"Weare","name":"CamaID: 201-112-0013","pid":"000201000112000013","streetaddress":"104 GRANDVIEW DRIVE","townid":"4224","displayid":"201-112-0013","nh_gis_id":"064224-000201000112000013","objectid":659135}},{"geometry":{"type":"Polygon","coordinates":[[[-71.74983659516256,43.10532630682033],[-71.74986652687674,43.105494183338415],[-71.75125021070714,43.105280346220304],[-71.75126120005191,43.10502447504528],[-71.75126868540531,43.10493885146529],[-71.75126837806008,43.10485305181257],[-71.75126028103152,43.104767457753525],[-71.7512444292719,43.10468244822921],[-71.7512208933555,43.10459839945207],[-71.75118977824931,43.10451568490736],[-71.75114769094506,43.10442989809818],[-71.75109769662667,43.104346421522685],[-71.7510400292703,43.10426564476853],[-71.75097495968626,43.104187945692864],[-71.75090279183185,43.10411368952543],[-71.75082386280211,43.104043222567626],[-71.75015417690202,43.10428924146621],[-71.74849107455859,43.10424526994078],[-71.74881534554846,43.10522871981049],[-71.74940263651497,43.10513086130591],[-71.74983659516256,43.10532630682033]]],"crs":null},"id":659136,"type":"Feature","properties":{"town":"Weare","name":"CamaID: 201-094-0001","pid":"000201000094000001","streetaddress":"54 JOHN CONNOR ROAD","townid":"4224","displayid":"201-094-0001","nh_gis_id":"064224-000201000094000001","objectid":659136}},{"geometry":{"type":"Polygon","coordinates":[[[-71.74272216188454,43.10515136463828],[-71.7433482532937,43.10553966029152],[-71.74289113173062,43.103669964604855],[-71.74279925070499,43.1032941448585],[-71.74213280652197,43.100568050545974],[-71.74202494194455,43.10046057734509],[-71.7416365384681,43.10039320951985],[-71.74015025234773,43.1000556744817],[-71.74029559906168,43.100718596207805],[-71.73921132582981,43.10079675138215],[-71.73910839017704,43.1004762640148],[-71.73887783920472,43.10028121746387],[-71.73850436912802,43.10008660321743],[-71.73824610964303,43.099970483779586],[-71.73815270665433,43.099674243540754],[-71.73770672211766,43.09960031813122],[-71.73708280412207,43.099511070917785],[-71.73669938036554,43.0994733706434],[-71.73723028947323,43.1016586324155],[-71.73746278935901,43.1018361170542],[-71.73783687734982,43.1021219612616],[-71.73803903085735,43.10227864731962],[-71.73824781111111,43.102430596714925],[-71.73846301032485,43.102577658314765],[-71.73868441579982,43.10271968819099],[-71.73891180869091,43.10285654512061],[-71.74097869290286,43.104069369884265],[-71.74142747283663,43.104347070248316],[-71.7418547274364,43.104618875218144],[-71.74228631054082,43.10488698595317],[-71.74272216188454,43.10515136463828]]],"crs":null},"id":659137,"type":"Feature","properties":{"town":"Weare","name":"CamaID: 405-009-0000","pid":"000405000009000000","streetaddress":"114 QUAKER STREET","townid":"4224","displayid":"405-009-0000","nh_gis_id":"064224-000405000009000000","objectid":659137}},{"geometry":{"type":"Polygon","coordinates":[[[-71.70876088248683,43.10537499818541],[-71.709408444564,43.105557745833686],[-71.7094998745528,43.104975692742336],[-71.70878527862772,43.105088581835176],[-71.70879632180709,43.10514600093098],[-71.70879939352233,43.10520394325451],[-71.70879446386091,43.105261817410735],[-71.708781583992,43.10531903107289],[-71.70876088248683,43.10537499818541]]],"crs":null},"id":659138,"type":"Feature","properties":{"town":"Weare","name":"CamaID: 405-025-0000","pid":"000405000025000000","streetaddress":"105 PEASLEE HILL ROAD","townid":"4224","displayid":"405-025-0000","nh_gis_id":"064224-000405000025000000","objectid":659138}},{"geometry":{"type":"Polygon","coordinates":[[[-71.73824675423108,43.10548696257197],[-71.73829498628317,43.105591508748084],[-71.7380070997362,43.10449205200418],[-71.7375251168491,43.10262192604283],[-71.73733783330644,43.102639743564886],[-71.73734284972319,43.10265414217098],[-71.73740863077222,43.10285720974788],[-71.73746821333134,43.103061301899686],[-71.73752156896944,43.103266316935176],[-71.73756866925419,43.10347215316223],[-71.73760949189337,43.10367870798371],[-71.7376362171588,43.103792112800434],[-71.73770008596725,43.10403411068556],[-71.73777294998555,43.10427473918907],[-71.73785475628348,43.104513820994974],[-71.73804820333804,43.105000944013476],[-71.73824675423108,43.10548696257197]]],"crs":null},"id":659139,"type":"Feature","properties":{"town":"Weare","name":"CamaID: 203-110-0000","pid":"000203000110000000","streetaddress":"CENTER ROAD","townid":"4224","displayid":"203-110-0000","nh_gis_id":"064224-000203000110000000","objectid":659139}},{"geometry":{"type":"Polygon","coordinates":[[[-71.74416487654976,43.106043577272224],[-71.74445262601209,43.106219146801024],[-71.74487850297028,43.106478539791404],[-71.74591416900351,43.10571208621629],[-71.74599313030892,43.105698931441914],[-71.7460280230676,43.10567432381509],[-71.74528891216052,43.10523735514994],[-71.74416487654976,43.106043577272224]]],"crs":null},"id":659140,"type":"Feature","properties":{"town":"Weare","name":"CamaID: 201-071-0001","pid":"000201000071000001","streetaddress":"233 NORTH STARK HIGHWAY","townid":"4224","displayid":"201-071-0001","nh_gis_id":"064224-000201000071000001","objectid":659140}},{"geometry":{"type":"Polygon","coordinates":[[[-71.78570442522789,43.064073290291574],[-71.78581874809582,43.06413854787549],[-71.78593868063757,43.06419814823849],[-71.78606370056247,43.06425183265941],[-71.7861932696635,43.06429936854017],[-71.78632682277227,43.064340551217995],[-71.78646378248305,43.064375199449394],[-71.78660355548982,43.06440316531624],[-71.78698578588714,43.06357090909818],[-71.78618733470067,43.06342143829056],[-71.78612353772917,43.063536265632436],[-71.78605286614771,43.06364890819739],[-71.78597546191173,43.06375914618351],[-71.78589147557926,43.0638667624798],[-71.78580106999965,43.06397154536269],[-71.78570442522789,43.064073290291574]]],"crs":null},"id":659141,"type":"Feature","properties":{"town":"Weare","name":"CamaID: 407-186-0000","pid":"000407000186000000","streetaddress":"973 DEERING CENTER ROAD","townid":"4224","displayid":"407-186-0000","nh_gis_id":"064224-000407000186000000","objectid":659141}},{"geometry":{"type":"Polygon","coordinates":[[[-71.65606366707455,43.06433925782407],[-71.65639469234613,43.06450572922902],[-71.65772879933013,43.06397613857886],[-71.65759903224033,43.063475748745724],[-71.65555119528352,43.06400751947314],[-71.655669601681,43.06408852630865],[-71.65606366707455,43.06433925782407]]],"crs":null},"id":659142,"type":"Feature","properties":{"town":"Weare","name":"CamaID: 409-152-0000","pid":"000409000152000000","streetaddress":"21 CHUCK STREET","townid":"4224","displayid":"409-152-0000","nh_gis_id":"064224-000409000152000000","objectid":659142}},{"geometry":{"type":"Polygon","coordinates":[[[-71.78660355548982,43.06440316531624],[-71.78674095826894,43.06442375571632],[-71.78687986964475,43.06443788835653],[-71.78701972717366,43.06444550531203],[-71.78715996232484,43.064446575671994],[-71.78730287204183,43.064432312267215],[-71.78744420173547,43.06441121807085],[-71.78758334382478,43.0643833828474],[-71.78771970061378,43.06434892695939],[-71.78785268796851,43.064307997762775],[-71.78798173409362,43.06426077140818],[-71.7881062856662,43.064207450133836],[-71.78822580783836,43.06414826316516],[-71.78833978668936,43.06408346491181],[-71.78844773413347,43.06401333316151],[-71.78866396140774,43.06388504484443],[-71.78698578588714,43.06357090909818],[-71.78660355548982,43.06440316531624]]],"crs":null},"id":659143,"type":"Feature","properties":{"town":"Weare","name":"CamaID: 407-011-0001","pid":"000407000011000001","streetaddress":"987 DEERING CENTER ROAD","townid":"4224","displayid":"407-011-0001","nh_gis_id":"064224-000407000011000001","objectid":659143}},{"geometry":{"type":"Polygon","coordinates":[[[-71.72036713705685,43.064304696178446],[-71.72052436667126,43.064525546225504],[-71.72100969977535,43.06424021530427],[-71.72039398101454,43.063583870620754],[-71.72034897140001,43.063569546651095],[-71.72019143928406,43.06347583093546],[-71.71998794429271,43.06333938650078],[-71.71975731401123,43.06313083905108],[-71.71960717311079,43.06299125818144],[-71.7196032235302,43.06298679697032],[-71.71951435807517,43.06357239529012],[-71.71988923165044,43.06363340153918],[-71.72036713705685,43.064304696178446]]],"crs":null},"id":659144,"type":"Feature","properties":{"town":"Weare","name":"CamaID: 408-098-0000","pid":"000408000098000000","streetaddress":"199 IRVING DRIVE","townid":"4224","displayid":"408-098-0000","nh_gis_id":"064224-000408000098000000","objectid":659144}},{"geometry":{"type":"Polygon","coordinates":[[[-71.65962155368331,43.063597271661045],[-71.65987030157844,43.06456091572446],[-71.66080861502567,43.06443578559554],[-71.66048949182239,43.06346142236284],[-71.65962155368331,43.063597271661045]]],"crs":null},"id":659145,"type":"Feature","properties":{"town":"Weare","name":"CamaID: 409-127-0000","pid":"000409000127000000","streetaddress":"10 GUY'S LANE","townid":"4224","displayid":"409-127-0000","nh_gis_id":"064224-000409000127000000","objectid":659145}},{"geometry":{"type":"Polygon","coordinates":[[[-71.76104541949374,43.06389202444032],[-71.76108897290202,43.06410309971175],[-71.76114017743983,43.064313248670146],[-71.76119899489902,43.064522324609406],[-71.76358062289042,43.06417971850344],[-71.76336470902855,43.063511069380375],[-71.76103890075083,43.0638505995441],[-71.76104541949374,43.06389202444032]]],"crs":null},"id":659146,"type":"Feature","properties":{"town":"Weare","name":"CamaID: 407-049-0000","pid":"000407000049000000","streetaddress":"51 HODGDON ROAD","townid":"4224","displayid":"407-049-0000","nh_gis_id":"064224-000407000049000000","objectid":659146}},{"geometry":{"type":"Polygon","coordinates":[[[-71.6525430488216,43.06463851498484],[-71.6525424785356,43.064646610132755],[-71.65260626327337,43.06463913578222],[-71.65475169300413,43.06438770369694],[-71.6547408677981,43.06430192277695],[-71.65468850867917,43.06394336923079],[-71.65465079132682,43.06373054643306],[-71.65243158676229,43.063969099590324],[-71.65233471568682,43.063979512358806],[-71.65229713405755,43.06404041487715],[-71.65227296659675,43.06415716554925],[-71.65231045767315,43.06423748782744],[-71.65238568502134,43.064353271558396],[-71.6524823741688,43.06449550125934],[-71.6525430488216,43.06463851498484]]],"crs":null},"id":659147,"type":"Feature","properties":{"town":"Weare","name":"CamaID: 409-212-0000","pid":"000409000212000000","streetaddress":"524 RIVER ROAD","townid":"4224","displayid":"409-212-0000","nh_gis_id":"064224-000409000212000000","objectid":659147}},{"geometry":{"type":"Polygon","coordinates":[[[-71.75374402270316,43.06440616722489],[-71.75381602193127,43.064513245105054],[-71.75387975184412,43.064623104460544],[-71.75682305237854,43.0636511607564],[-71.7566397560835,43.063007926352206],[-71.75348713920734,43.06403523179771],[-71.75351216162105,43.06408361939119],[-71.7535440744364,43.06412977563059],[-71.75374402270316,43.06440616722489]]],"crs":null},"id":659148,"type":"Feature","properties":{"town":"Weare","name":"CamaID: 407-096-0000","pid":"000407000096000000","streetaddress":"428 MT DEARBORN ROAD","townid":"4224","displayid":"407-096-0000","nh_gis_id":"064224-000407000096000000","objectid":659148}},{"geometry":{"type":"Polygon","coordinates":[[[-71.68160593557376,43.06460824780092],[-71.68164615245755,43.0647431472437],[-71.68413680612726,43.06431725005083],[-71.68400926783679,43.064169465321314],[-71.68149136136383,43.06417603581926],[-71.68151569857739,43.064305566066764],[-71.68160593557376,43.06460824780092]]],"crs":null},"id":659149,"type":"Feature","properties":{"town":"Weare","name":"CamaID: 409-203-0000","pid":"000409000203000000","streetaddress":"243 BARNARD HILL ROAD","townid":"4224","displayid":"409-203-0000","nh_gis_id":"064224-000409000203000000","objectid":659149}},{"geometry":{"type":"Polygon","coordinates":[[[-71.75803550318115,43.06282032796766],[-71.75828972569883,43.06473393057412],[-71.75830947662384,43.064731985697534],[-71.76089626994553,43.064064494576925],[-71.76086902193529,43.063931032771904],[-71.76084646187101,43.06379710171195],[-71.76082860581754,43.063662789603185],[-71.76073941073894,43.06319471480081],[-71.76068119217683,43.06292178189488],[-71.76061692408102,43.06264957944905],[-71.76054662260032,43.06237818035378],[-71.76053240339994,43.062294208940116],[-71.76052631281142,43.06226029736351],[-71.75949943097935,43.06229162820665],[-71.75913325815517,43.062556219708945],[-71.7586099731267,43.06268166400929],[-71.75818307944114,43.06217690060604],[-71.75826447574059,43.06142083378361],[-71.75857742718978,43.060969473827235],[-71.75847799303784,43.060974699011624],[-71.75840844383855,43.060979567993314],[-71.75805632169721,43.0609984868414],[-71.75781374927378,43.06101131507646],[-71.75796461998716,43.0617332124809],[-71.75790923310399,43.06181082153432],[-71.75761422910527,43.061853330107844],[-71.75803550318115,43.06282032796766]]],"crs":null},"id":659150,"type":"Feature","properties":{"town":"Weare","name":"CamaID: 407-091-0000","pid":"000407000091000000","streetaddress":"508 MT DEARBORN ROAD","townid":"4224","displayid":"407-091-0000","nh_gis_id":"064224-000407000091000000","objectid":659150}},{"geometry":{"type":"Polygon","coordinates":[[[-71.75682305237854,43.0636511607564],[-71.75716322122187,43.06484486267337],[-71.7579042215224,43.06477189443121],[-71.75828972569883,43.06473393057412],[-71.75803550318115,43.06282032796766],[-71.75761422910527,43.061853330107844],[-71.75636975978662,43.06206892438865],[-71.7566397560835,43.063007926352206],[-71.75682305237854,43.0636511607564]]],"crs":null},"id":659151,"type":"Feature","properties":{"town":"Weare","name":"CamaID: 407-094-0000","pid":"000407000094000000","streetaddress":"MT DEARBORN ROAD","townid":"4224","displayid":"407-094-0000","nh_gis_id":"064224-000407000094000000","objectid":659151}},{"geometry":{"type":"Polygon","coordinates":[[[-71.656785286724,43.06480856420123],[-71.65685082496263,43.064912291789014],[-71.65726999050848,43.06486260433936],[-71.6581345191331,43.06476135443726],[-71.65846994448114,43.06471994327372],[-71.65987030157844,43.06456091572446],[-71.65962155368331,43.063597271661045],[-71.65956089878759,43.06360676559569],[-71.65952331386424,43.06363270612712],[-71.65947259997209,43.06369063602722],[-71.65945986317269,43.063739164235855],[-71.65919633065771,43.06377471211962],[-71.65772879933013,43.06397613857886],[-71.65639469234613,43.06450572922902],[-71.65643933528352,43.06452817983656],[-71.65662910744076,43.06464979774143],[-71.656785286724,43.06480856420123]]],"crs":null},"id":659152,"type":"Feature","properties":{"town":"Weare","name":"CamaID: 409-153-0000","pid":"000409000153000000","streetaddress":"29 CHUCK STREET","townid":"4224","displayid":"409-153-0000","nh_gis_id":"064224-000409000153000000","objectid":659152}},{"geometry":{"type":"Polygon","coordinates":[[[-71.76743195100136,43.062286134550696],[-71.76799235762802,43.06488019295131],[-71.77031312394729,43.064870613467704],[-71.77223925777591,43.064493198857846],[-71.7773124238715,43.06349896412481],[-71.77624303891488,43.06036298011522],[-71.77130872223381,43.06132488073099],[-71.76904931253128,43.06115905093911],[-71.76833035849876,43.06120234641104],[-71.76827002483147,43.06120594666033],[-71.76820959021765,43.061203430317114],[-71.76815020014095,43.061194845874766],[-71.76807904924,43.06117280799235],[-71.76801192256161,43.06114479477893],[-71.7679497476221,43.06111119339348],[-71.76789338576833,43.06107246936982],[-71.7678436174321,43.061029158527326],[-71.76779888673222,43.06097425443143],[-71.76776195886289,43.06091631435494],[-71.76773321534685,43.06085593118016],[-71.76771294936033,43.060793726671164],[-71.76770136816717,43.06073033796936],[-71.76769859311555,43.06066641489256],[-71.76770464980973,43.06060261454231],[-71.76772692295866,43.06052359150997],[-71.76774218486254,43.06044367719597],[-71.76775037103577,43.060363207423265],[-71.76775144645659,43.06028251798752],[-71.76774540679551,43.06020194555605],[-71.76773227841635,43.060121828568214],[-71.76773024263461,43.060116356435664],[-71.767694136184,43.0600319812268],[-71.76764947458105,43.05994983787356],[-71.76759651150451,43.05987039062973],[-71.76753554480136,43.05979409110643],[-71.76746692384138,43.05972137196481],[-71.76739103478103,43.05965264422882],[-71.76730830793151,43.05958829907951],[-71.76721921406252,43.05952869975702],[-71.76712425704251,43.059474185168234],[-71.767023976285,43.059425064484],[-71.76691893815284,43.05938161534671],[-71.76680974087049,43.059344084766565],[-71.76665644964798,43.05931415854209],[-71.76650511960635,43.05927927856831],[-71.76637369589169,43.05924782780165],[-71.76624019368447,43.05922149975717],[-71.76687872447451,43.05956182040371],[-71.76694130137635,43.05960008400621],[-71.76709400538188,43.05969767790604],[-71.76724249374054,43.05979870855185],[-71.76738662266696,43.059903078868096],[-71.76742614252016,43.059951412885844],[-71.7674598890501,43.06000204470621],[-71.76748761488999,43.06005460458246],[-71.76750911806984,43.06010870922473],[-71.76752424201858,43.06016396269999],[-71.76705542918012,43.06026210000685],[-71.76711680203228,43.06061809915639],[-71.76729537976286,43.06165392459764],[-71.76743195100136,43.062286134550696]]],"crs":null},"id":659153,"type":"Feature","properties":{"town":"Weare","name":"CamaID: 407-028-0000","pid":"000407000028000000","streetaddress":"700 DEERING CENTER ROAD","townid":"4224","displayid":"407-028-0000","nh_gis_id":"064224-000407000028000000","objectid":659153}},{"geometry":{"type":"Polygon","coordinates":[[[-71.76385619798751,43.06473078415799],[-71.76384178827601,43.06476958196467],[-71.76383318091752,43.06480929391507],[-71.76383047831688,43.06484945543644],[-71.76383371166244,43.06488959571449],[-71.76685495572177,43.06426641872854],[-71.76614568250275,43.06256956102792],[-71.76576220471249,43.06210567112738],[-71.76555809612698,43.06189345547653],[-71.7653865148713,43.06178493249431],[-71.76503064835798,43.0617738787909],[-71.76502535938737,43.06177371680553],[-71.76430044043835,43.06177395949572],[-71.76425785437765,43.06176070932281],[-71.76423789162693,43.06173441619959],[-71.7640375009533,43.06134238674528],[-71.76307585034058,43.06143285598535],[-71.76301413505368,43.06132748913903],[-71.76288285390967,43.06113450877915],[-71.76276227093305,43.061099367569085],[-71.76258553923574,43.0610449889803],[-71.7623971360674,43.060960982707236],[-71.7621019339569,43.06095582555199],[-71.7620865130703,43.060953859838854],[-71.76262642180853,43.06129681127215],[-71.76272224402601,43.06138648946073],[-71.76300758124867,43.06171595098753],[-71.76331791701381,43.06230046709921],[-71.76345221940747,43.06266344939475],[-71.76317201280337,43.06266484005059],[-71.76320198988304,43.06273598753319],[-71.76322622705023,43.062808300168236],[-71.76326265109581,43.06292110291545],[-71.76366881572156,43.0641789353491],[-71.76368139758537,43.06423214716447],[-71.76370313188205,43.06428374801694],[-71.7637336661804,43.06433289474223],[-71.76377249955684,43.064378784807815],[-71.76380799660771,43.06441722249415],[-71.76383692140953,43.0644585147841],[-71.7638588519015,43.064502060728294],[-71.76387346909492,43.06454722688283],[-71.76388055954233,43.06459335540852],[-71.76388002149288,43.06463977396706],[-71.76387186122739,43.06468580652627],[-71.76385619798751,43.06473078415799]]],"crs":null},"id":659154,"type":"Feature","properties":{"town":"Weare","name":"CamaID: 407-036-0000","pid":"000407000036000000","streetaddress":"INDIAN ROAD","townid":"4224","displayid":"407-036-0000","nh_gis_id":"064224-000407000036000000","objectid":659154}},{"geometry":{"type":"Polygon","coordinates":[[[-71.75387975184412,43.064623104460544],[-71.75393367305979,43.06473242395606],[-71.75397940600699,43.06484373184329],[-71.75401681635749,43.064956698772704],[-71.75528123138561,43.06446069056325],[-71.7554020539202,43.06442027748087],[-71.75552633986928,43.06438597282748],[-71.75565351615765,43.06435793546707],[-71.75578299616677,43.06433629457112],[-71.75591418096263,43.064321150517735],[-71.75604646543101,43.06431257308664],[-71.75617923827642,43.064310601459525],[-71.75635156336018,43.06486577614705],[-71.75716322122187,43.06484486267337],[-71.75682305237854,43.0636511607564],[-71.75387975184412,43.064623104460544]]],"crs":null},"id":659155,"type":"Feature","properties":{"town":"Weare","name":"CamaID: 407-097-0000","pid":"000407000097000000","streetaddress":"13 GOVE ROAD","townid":"4224","displayid":"407-097-0000","nh_gis_id":"064224-000407000097000000","objectid":659155}},{"geometry":{"type":"Polygon","coordinates":[[[-71.66080861502567,43.06443578559554],[-71.66096933717724,43.06505948466955],[-71.66191008106401,43.06494585339921],[-71.66111714044041,43.06335802238208],[-71.66081309625822,43.063414593667886],[-71.66048949182239,43.06346142236284],[-71.66080861502567,43.06443578559554]]],"crs":null},"id":659156,"type":"Feature","properties":{"town":"Weare","name":"CamaID: 409-126-0000","pid":"000409000126000000","streetaddress":"18 GUY'S LANE","townid":"4224","displayid":"409-126-0000","nh_gis_id":"064224-000409000126000000","objectid":659156}},{"geometry":{"type":"Polygon","coordinates":[[[-71.65505259132205,43.06505231305552],[-71.65505131841213,43.065077112575764],[-71.65668882459546,43.06492821617206],[-71.65665294817757,43.06486164645764],[-71.65651771764583,43.064724174271056],[-71.65634743566541,43.06461504688405],[-71.65631002940894,43.06459623537837],[-71.65605383702781,43.064473657525944],[-71.65582812281035,43.06434707173483],[-71.65558798037779,43.06417962633413],[-71.6554261551025,43.06409262363587],[-71.65522619551292,43.063953613243214],[-71.65508776636541,43.06384626227938],[-71.65502584463954,43.06379806185335],[-71.65499085266693,43.06378705822489],[-71.65495578297173,43.06379101088503],[-71.65493266543231,43.06380467308255],[-71.65491697745476,43.06382046673811],[-71.65494536234276,43.06390060088792],[-71.65499693597333,43.06431739156538],[-71.65502574773312,43.06463488495436],[-71.65505259132205,43.06505231305552]]],"crs":null},"id":659157,"type":"Feature","properties":{"town":"Weare","name":"CamaID: 409-150-0000","pid":"000409000150000000","streetaddress":"20 CHUCK STREET","townid":"4224","displayid":"409-150-0000","nh_gis_id":"064224-000409000150000000","objectid":659157}},{"geometry":{"type":"Polygon","coordinates":[[[-71.75061331641861,43.064977547376756],[-71.7508267498884,43.06505419120544],[-71.75175717847664,43.06427859919081],[-71.75174025583526,43.06427945883127],[-71.74984920269763,43.06428931871202],[-71.74971432345035,43.064275281322566],[-71.74958060987923,43.06425617047818],[-71.74944841566206,43.0642320372367],[-71.74931809203517,43.06420294436146],[-71.74918998288733,43.06416896992547],[-71.74906443089394,43.06413020460644],[-71.74905053749663,43.06413144874063],[-71.7490371029959,43.064134331750324],[-71.749024487003,43.06413877686246],[-71.74901302206341,43.064144665015824],[-71.74900301489329,43.064151841160914],[-71.74899473164588,43.064160113370804],[-71.74898838933083,43.06416926274864],[-71.74898416072865,43.064179046124885],[-71.74898215475707,43.064189203272605],[-71.7489824250745,43.06419946410275],[-71.74898496640756,43.064209556768034],[-71.74898970964618,43.064219212167586],[-71.74899653045183,43.0642281747426],[-71.74900524557903,43.06423620607983],[-71.74901562393435,43.06424309210497],[-71.74940763596202,43.064435246532014],[-71.74980468990775,43.06462175458904],[-71.75020663460211,43.064802544321005],[-71.75061331641861,43.064977547376756]]],"crs":null},"id":659158,"type":"Feature","properties":{"town":"Weare","name":"CamaID: 407-132-0001","pid":"000407000132000001","streetaddress":"406 MT DEARBORN ROAD","townid":"4224","displayid":"407-132-0001","nh_gis_id":"064224-000407000132000001","objectid":659158}},{"geometry":{"type":"Polygon","coordinates":[[[-71.7153678275645,43.06440504868165],[-71.71549830876343,43.06512408301182],[-71.71657467029644,43.06475141416531],[-71.7165736050801,43.06474135614383],[-71.71655842451163,43.064647551671975],[-71.71653838464094,43.064544544188024],[-71.71653247222972,43.06446755982551],[-71.71653029399975,43.06437178100959],[-71.71651795597602,43.06430405858057],[-71.71648184539308,43.06415212219943],[-71.71645127452628,43.06408385589264],[-71.71633873973938,43.064069466986226],[-71.71612555297891,43.06405876899957],[-71.71585624769722,43.06403339679407],[-71.71556564559475,43.06400463131868],[-71.71550383412293,43.06399281689267],[-71.7153678275645,43.06440504868165]]],"crs":null},"id":659159,"type":"Feature","properties":{"town":"Weare","name":"CamaID: 408-144-0000","pid":"000408000144000000","streetaddress":"5 BROWN RIDGE ROAD","townid":"4224","displayid":"408-144-0000","nh_gis_id":"064224-000408000144000000","objectid":659159}},{"geometry":{"type":"Polygon","coordinates":[[[-71.76136616787166,43.06500660679185],[-71.76141331336133,43.06509513626508],[-71.76143059250066,43.06512799341722],[-71.7637486827264,43.06489029799723],[-71.76374472913817,43.06484494455061],[-71.76374775133968,43.06479955277986],[-71.76375771339208,43.06475469792275],[-71.76377448849561,43.06471094809155],[-71.76378885086645,43.064667807919136],[-71.76379497244307,43.06462362874307],[-71.76379273302895,43.064579252324506],[-71.76378217940297,43.06453552478186],[-71.76376350933313,43.064493281301644],[-71.76373708013635,43.0644533254275],[-71.76370339638571,43.06441642006948],[-71.76366718772404,43.06437511501613],[-71.76363685344619,43.06433134031132],[-71.76361270117403,43.064285543983104],[-71.76359497962687,43.06423819301234],[-71.76358387002678,43.06418977243947],[-71.76358062289042,43.06417971850344],[-71.76119899489902,43.064522324609406],[-71.76125014127906,43.06468458907528],[-71.76130587340305,43.06484603956951],[-71.76136616787166,43.06500660679185]]],"crs":null},"id":659160,"type":"Feature","properties":{"town":"Weare","name":"CamaID: 407-050-0000","pid":"000407000050000000","streetaddress":"63 HODGDON ROAD","townid":"4224","displayid":"407-050-0000","nh_gis_id":"064224-000407000050000000","objectid":659160}},{"geometry":{"type":"Polygon","coordinates":[[[-71.7188362551775,43.06476712972022],[-71.71919579953675,43.065191324596604],[-71.72036713705685,43.064304696178446],[-71.71988923165044,43.06363340153918],[-71.71951435807517,43.06357239529012],[-71.71811503037281,43.063344658286724],[-71.71835829680401,43.064211531972724],[-71.7188362551775,43.06476712972022]]],"crs":null},"id":659161,"type":"Feature","properties":{"town":"Weare","name":"CamaID: 408-116-0000","pid":"000408000116000000","streetaddress":"995 SOUTH STARK HIGHWAY","townid":"4224","displayid":"408-116-0000","nh_gis_id":"064224-000408000116000000","objectid":659161}},{"geometry":{"type":"Polygon","coordinates":[[[-71.73844124171147,43.06498620885413],[-71.73852262815866,43.06526590860923],[-71.7398934845406,43.0650022245714],[-71.74218412820153,43.064561578665],[-71.74293114050347,43.06350836908361],[-71.74319955331848,43.06312992538162],[-71.74249245086908,43.06075881211028],[-71.74212197754677,43.06075219589174],[-71.74120533284416,43.06073581851873],[-71.7409893287617,43.06078526218552],[-71.74055048666337,43.06014302251142],[-71.73946636835814,43.060267207056164],[-71.73790032452355,43.06044657645821],[-71.73744099562613,43.05890716461688],[-71.7373347169185,43.058900797682846],[-71.73706124931024,43.058892681966114],[-71.73686181704124,43.0588666752435],[-71.73665342674066,43.05884133257622],[-71.73844124171147,43.06498620885413]]],"crs":null},"id":659162,"type":"Feature","properties":{"town":"Weare","name":"CamaID: 408-044-0001","pid":"000408000044000001","streetaddress":"MT DEARBORN ROAD","townid":"4224","displayid":"408-044-0001","nh_gis_id":"064224-000408000044000001","objectid":659162}},{"geometry":{"type":"Polygon","coordinates":[[[-71.7579042215224,43.06477189443121],[-71.75793083892728,43.065287118963056],[-71.75864671667273,43.06526144280873],[-71.76105483713202,43.06460023258434],[-71.76099350675915,43.064423039922886],[-71.76094062966283,43.06424438828726],[-71.76089626994553,43.064064494576925],[-71.75830947662384,43.064731985697534],[-71.75828972569883,43.06473393057412],[-71.7579042215224,43.06477189443121]]],"crs":null},"id":659163,"type":"Feature","properties":{"town":"Weare","name":"CamaID: 407-090-0000","pid":"000407000090000000","streetaddress":"58 HODGDON ROAD","townid":"4224","displayid":"407-090-0000","nh_gis_id":"064224-000407000090000000","objectid":659163}},{"geometry":{"type":"Polygon","coordinates":[[[-71.75104628127293,43.065133022949816],[-71.75121389760683,43.065197308105944],[-71.75137717240368,43.06526734470681],[-71.75153573593492,43.06534297641551],[-71.75305234848493,43.06422992438926],[-71.75292395243277,43.06425464625776],[-71.75279378420207,43.0642737450611],[-71.75266230043736,43.06428715383763],[-71.75252996272341,43.06429482542783],[-71.75239723881344,43.06429673337335],[-71.75226459403225,43.06429287012349],[-71.75213249496105,43.064283248832595],[-71.7520075794097,43.06427643596008],[-71.75188233723985,43.06427488468119],[-71.75175717847664,43.06427859919081],[-71.7508267498884,43.06505419120544],[-71.75104628127293,43.065133022949816]]],"crs":null},"id":659164,"type":"Feature","properties":{"town":"Weare","name":"CamaID: 407-132-0002","pid":"000407000132000002","streetaddress":"39 LAFRANCE ROAD","townid":"4224","displayid":"407-132-0002","nh_gis_id":"064224-000407000132000002","objectid":659164}},{"geometry":{"type":"Polygon","coordinates":[[[-71.74658720423022,43.06502795254937],[-71.74813809178752,43.065392330119515],[-71.74820528265212,43.0638982883658],[-71.74795431044323,43.063829397853155],[-71.74770066107193,43.06376599701479],[-71.74744455799195,43.063708142386034],[-71.74718622710212,43.06365588510127],[-71.74717988916122,43.063654470894264],[-71.74661401806769,43.064440752841],[-71.74658720423022,43.06502795254937]]],"crs":null},"id":659165,"type":"Feature","properties":{"town":"Weare","name":"CamaID: 407-116-0000","pid":"000407000116000000","streetaddress":"364 MT DEARBORN ROAD","townid":"4224","displayid":"407-116-0000","nh_gis_id":"064224-000407000116000000","objectid":659165}},{"geometry":{"type":"Polygon","coordinates":[[[-71.7493136262004,43.06508981455757],[-71.74990450445874,43.065433591893765],[-71.74981036279198,43.06480500322176],[-71.74957014889344,43.06469274551815],[-71.74933448752533,43.06457541606925],[-71.7493136262004,43.06508981455757]]],"crs":null},"id":659166,"type":"Feature","properties":{"town":"Weare","name":"CamaID: 407-114-0000","pid":"000407000114000000","streetaddress":"18 LAFRANCE ROAD","townid":"4224","displayid":"407-114-0000","nh_gis_id":"064224-000407000114000000","objectid":659166}},{"geometry":{"type":"Polygon","coordinates":[[[-71.65219659529117,43.065431019901915],[-71.65219710512868,43.06547137362906],[-71.65241578798283,43.065451753081646],[-71.65347596390185,43.06535662700973],[-71.65382922500608,43.06532492812378],[-71.65478580728153,43.06523908509528],[-71.6547913297731,43.0651107297068],[-71.65478091779187,43.06485504468726],[-71.6547692100188,43.06452651245698],[-71.65475169300413,43.06438770369694],[-71.65260626327337,43.06463913578222],[-71.6525424785356,43.064646610132755],[-71.65253784234567,43.06471239029749],[-71.65249953175268,43.06478160314294],[-71.65240876580486,43.06487249181859],[-71.65229235539371,43.06499902388681],[-71.65223366761604,43.06510635892644],[-71.65219375633929,43.06529203079297],[-71.65219659529117,43.065431019901915]]],"crs":null},"id":659167,"type":"Feature","properties":{"town":"Weare","name":"CamaID: 409-115-0000","pid":"000409000115000000","streetaddress":"526 RIVER ROAD","townid":"4224","displayid":"409-115-0000","nh_gis_id":"064224-000409000115000000","objectid":659167}},{"geometry":{"type":"Polygon","coordinates":[[[-71.75405005282049,43.06509141875069],[-71.7540875362999,43.065309217438084],[-71.75412077604454,43.06547882071936],[-71.75493637535338,43.06509609993749],[-71.7550549909589,43.0650464648996],[-71.75517787015697,43.06500275855249],[-71.75530446201566,43.06496517844633],[-71.75543419837493,43.064933890640525],[-71.75556649999476,43.06490903690108],[-71.75570077163579,43.0648907293031],[-71.75583641310403,43.0648790475223],[-71.75635156336018,43.06486577614705],[-71.75617923827642,43.064310601459525],[-71.75604646543101,43.06431257308664],[-71.75591418096263,43.064321150517735],[-71.75578299616677,43.06433629457112],[-71.75565351615765,43.06435793546707],[-71.75552633986928,43.06438597282748],[-71.7554020539202,43.06442027748087],[-71.75528123138561,43.06446069056325],[-71.75401681635749,43.064956698772704],[-71.75402512061035,43.064989557593215],[-71.75405005282049,43.06509141875069]]],"crs":null},"id":659168,"type":"Feature","properties":{"town":"Weare","name":"CamaID: 407-098-0000","pid":"000407000098000000","streetaddress":"19 GOVE ROAD","townid":"4224","displayid":"407-098-0000","nh_gis_id":"064224-000407000098000000","objectid":659168}},{"geometry":{"type":"Polygon","coordinates":[[[-71.65690427835744,43.0650976897192],[-71.66086320854859,43.06551593869861],[-71.66419423999174,43.064974486937246],[-71.66359102474098,43.063511540350085],[-71.66241548106804,43.063595526325386],[-71.66240686015671,43.06382771109014],[-71.66256840392812,43.06437154773426],[-71.66261961973085,43.06486014409564],[-71.66191008106401,43.06494585339921],[-71.66096933717724,43.06505948466955],[-71.66080861502567,43.06443578559554],[-71.65987030157844,43.06456091572446],[-71.65846994448114,43.06471994327372],[-71.6581345191331,43.06476135443726],[-71.65726999050848,43.06486260433936],[-71.65685082496263,43.064912291789014],[-71.65690427835744,43.0650976897192]]],"crs":null},"id":659169,"type":"Feature","properties":{"town":"Weare","name":"CamaID: 409-154-0002","pid":"000409000154000002","streetaddress":"31 CHUCK STREET","townid":"4224","displayid":"409-154-0002","nh_gis_id":"064224-000409000154000002","objectid":659169}},{"geometry":{"type":"Polygon","coordinates":[[[-71.72315793615229,43.06305712892692],[-71.72395545609795,43.0655717637153],[-71.72508275779212,43.065371215042724],[-71.72791701026894,43.06486694030574],[-71.72777800786366,43.06438268780057],[-71.72853110974673,43.06425629011829],[-71.72997522433717,43.06401390039291],[-71.72997232856873,43.064005899493374],[-71.72970143105266,43.06319870369746],[-71.72954037722023,43.06272443380893],[-71.72947884290626,43.062546548275755],[-71.72941190518938,43.06225349352344],[-71.72931639760134,43.06182725181993],[-71.7291407164973,43.06103705862922],[-71.72913884285961,43.06103074946481],[-71.72891094442274,43.06026337749605],[-71.72865193298395,43.059330098961404],[-71.72840631152415,43.05843621019469],[-71.72810941362094,43.057392703153376],[-71.72632860115056,43.057489054441454],[-71.72570778942699,43.05752263679463],[-71.72500976216209,43.05513001497756],[-71.72528642078797,43.055061432748396],[-71.72534399160719,43.054920192625474],[-71.72533880952425,43.05491940223237],[-71.72515215845148,43.05486724738816],[-71.72471625730236,43.05474791500682],[-71.72432152254791,43.05462232384971],[-71.72386895966405,43.05448397962896],[-71.72334436501423,43.05429858499832],[-71.72279609510343,43.054133357088446],[-71.72236116608664,43.0539774134121],[-71.72206947206631,43.053872610424335],[-71.72187976978167,43.053816932043496],[-71.72169110674524,43.053732924481594],[-71.72155377684794,43.053650682437706],[-71.72185189873379,43.054549690536646],[-71.7205488448474,43.054829009635014],[-71.72057563316856,43.05491349870967],[-71.72111212416272,43.056605578211524],[-71.72155325121071,43.05799680880593],[-71.72173276138848,43.05856293117654],[-71.7219021590796,43.059097152476696],[-71.72208511046615,43.05967410606486],[-71.72225354908073,43.06020528103116],[-71.72245806203264,43.060850205128745],[-71.72265458771264,43.0614699279552],[-71.72284561758742,43.06207230951465],[-71.72302859777702,43.06264929818496],[-71.72315793615229,43.06305712892692]]],"crs":null},"id":659170,"type":"Feature","properties":{"town":"Weare","name":"CamaID: 408-048-0000","pid":"000408000048000000","streetaddress":"58 MT DEARBORN ROAD","townid":"4224","displayid":"408-048-0000","nh_gis_id":"064224-000408000048000000","objectid":659170}},{"geometry":{"type":"Polygon","coordinates":[[[-71.66075012632362,43.067370804913395],[-71.66081769933776,43.06741464028486],[-71.66087818594904,43.06736553737234],[-71.66081125878091,43.06732135010339],[-71.66075012632362,43.067370804913395]]],"crs":null},"id":659171,"type":"Feature","properties":{"town":"Weare","name":"CamaID: 409-157-0004","pid":"000409000157000004","streetaddress":"67&73 HIGH ROCK ROAD","townid":"4224","displayid":"409-157-0004","nh_gis_id":"064224-000409000157000004","objectid":659171}},{"geometry":{"type":"Polygon","coordinates":[[[-71.76874572971687,43.104045895313256],[-71.76941563065363,43.10570956636302],[-71.77068331413136,43.10547382435513],[-71.77066423772062,43.10542669749481],[-71.77040318689683,43.10469698380295],[-71.77014160400212,43.104024768683374],[-71.77008555916098,43.103919814491505],[-71.77003665252013,43.10381296078034],[-71.76999500119352,43.103704469400334],[-71.7699607075535,43.103594604014674],[-71.76993385432208,43.103483632803616],[-71.7698583896493,43.10309510157607],[-71.76979666168202,43.102737464979555],[-71.76974041009859,43.10237934360768],[-71.76968964225075,43.102020782469914],[-71.7673253813634,43.102333260979485],[-71.76711763177468,43.10196284560985],[-71.76700431868494,43.101760808954374],[-71.76683878520234,43.10101474861651],[-71.76679229522675,43.10080521515316],[-71.7656765461554,43.100937457668095],[-71.7649799772202,43.10102001179502],[-71.76518815682321,43.101333843795636],[-71.76570471293253,43.1020334311585],[-71.76619097985716,43.102602069672656],[-71.76645558117816,43.102859182249944],[-71.76661473059016,43.10318991254535],[-71.76687023844153,43.1041153478673],[-71.76866202923266,43.10382416900277],[-71.76874572971687,43.104045895313256]]],"crs":null},"id":659172,"type":"Feature","properties":{"town":"Weare","name":"CamaID: 104-069-0000","pid":"000104000069000000","streetaddress":"30 NICHOLS ROAD","townid":"4224","displayid":"104-069-0000","nh_gis_id":"064224-000104000069000000","objectid":659172}},{"geometry":{"type":"Polygon","coordinates":[[[-71.79800090430275,43.10531092601816],[-71.7982979050164,43.105771448902196],[-71.79948739643257,43.10539025816731],[-71.79992102063841,43.10537082811489],[-71.79998541909626,43.10522168983648],[-71.80005610688676,43.10507408976536],[-71.80013301793544,43.10492816839235],[-71.80021607757655,43.10478406891801],[-71.80025751490527,43.10472350533627],[-71.80013262920119,43.10475601640339],[-71.79964294198001,43.10488349139387],[-71.79921041033347,43.104996085026166],[-71.79800090430275,43.10531092601816]]],"crs":null},"id":659173,"type":"Feature","properties":{"town":"Weare","name":"CamaID: 404-007-0000","pid":"000404000007000000","streetaddress":"645 RESERVOIR DRIVE","townid":"4224","displayid":"404-007-0000","nh_gis_id":"064224-000404000007000000","objectid":659173}},{"geometry":{"type":"Polygon","coordinates":[[[-71.7797419542132,43.10561035464091],[-71.78024626987158,43.10579386363905],[-71.78025636184199,43.105779700371016],[-71.78028605634269,43.105742368167995],[-71.78029605048697,43.105699900292514],[-71.78029364342001,43.10563459951345],[-71.78028388633949,43.10558470600748],[-71.78027969291317,43.105547249019004],[-71.78027572990112,43.10551480750543],[-71.78027435798222,43.10550170520553],[-71.78026532089912,43.10542459727628],[-71.78026385464474,43.10539635253996],[-71.78027211954773,43.105373450507635],[-71.77976171888078,43.10533216246467],[-71.77976024714533,43.105350864790694],[-71.77974964341604,43.105486811475444],[-71.7797419542132,43.10561035464091]]],"crs":null},"id":659174,"type":"Feature","properties":{"town":"Weare","name":"CamaID: 104-010-0000","pid":"000104000010000000","streetaddress":"122 EAST SHORE DRIVE","townid":"4224","displayid":"104-010-0000","nh_gis_id":"064224-000104000010000000","objectid":659174}},{"geometry":{"type":"Polygon","coordinates":[[[-71.67312384000003,43.10588716772822],[-71.6731912228065,43.105890755551975],[-71.67326465530972,43.10588668260589],[-71.67331562768587,43.10588141280448],[-71.67338007223978,43.10587730069933],[-71.67343848530568,43.10587865290041],[-71.67351935849446,43.10588120184431],[-71.67357627275975,43.10588254866383],[-71.67363167249817,43.10588608474207],[-71.67368863638663,43.105880841414404],[-71.67374714622551,43.105869014175454],[-71.67380119596669,43.10585277458915],[-71.67384621662708,43.10584198692739],[-71.67410746841749,43.10576184768227],[-71.67422145143944,43.10574367223442],[-71.67432652142134,43.10571557208018],[-71.67439410227152,43.10569280152881],[-71.67444219154743,43.10567214224461],[-71.67446930261747,43.105652489854364],[-71.6745084703889,43.1056230059586],[-71.6745460668788,43.10560339873897],[-71.6745851029387,43.105591486895364],[-71.67461661729514,43.105583935947884],[-71.67463620535689,43.10556864442689],[-71.67463935627026,43.10554779014571],[-71.67463199758846,43.105530184382545],[-71.67460363541392,43.10551688105392],[-71.67455724797708,43.10551008983756],[-71.67448234259092,43.10551086281858],[-71.6743803914117,43.10552250073715],[-71.67430237484128,43.10553863688132],[-71.67421231717995,43.10556240804428],[-71.674135766679,43.105582943971704],[-71.6740651580685,43.10561009475684],[-71.67398556996923,43.10563610826799],[-71.6739090591943,43.105651152150436],[-71.6738490266067,43.105666266961144],[-71.67377556898818,43.10567363577829],[-71.67371714039108,43.10567447924615],[-71.6736572057439,43.10567641557335],[-71.67359876989532,43.10567835717929],[-71.67352977350409,43.105690139064166],[-71.67347572383424,43.10570637852274],[-71.67343816810389,43.10572049259734],[-71.67339764141514,43.10573129963799],[-71.67334509772998,43.105746447049164],[-71.67328357581589,43.105760457150744],[-71.67321006834945,43.10577441569611],[-71.67316654520337,43.10578520932374],[-71.67314397003678,43.1057993890613],[-71.67312286698431,43.105816870506736],[-71.67310622517196,43.105838764292834],[-71.6731000943073,43.10585740879985],[-71.67309996223861,43.10587498177611],[-71.67312384000003,43.10588716772822]]],"crs":null},"id":659175,"type":"Feature","properties":{"town":"Weare","name":"CamaID: 403-086-0000","pid":"000403000086000000","streetaddress":"455 CLOUGH PARK ROAD","townid":"4224","displayid":"403-086-0000","nh_gis_id":"064224-000403000086000000","objectid":659175}},{"geometry":{"type":"Polygon","coordinates":[[[-71.75136824131522,43.10577719351419],[-71.7513864263945,43.10582648643976],[-71.7514137350571,43.105873463689086],[-71.75347372366633,43.10513067992733],[-71.7533526337051,43.1047770871177],[-71.75136481329282,43.10522887028118],[-71.75135702629878,43.10541019304448],[-71.75134568817298,43.10550191537352],[-71.75134378066852,43.105594002488665],[-71.75135131171147,43.10568593499086],[-71.75136824131522,43.10577719351419]]],"crs":null},"id":659176,"type":"Feature","properties":{"town":"Weare","name":"CamaID: 201-097-0001","pid":"000201000097000001","streetaddress":"59 JOHN CONNOR ROAD","townid":"4224","displayid":"201-097-0001","nh_gis_id":"064224-000201000097000001","objectid":659176}},{"geometry":{"type":"Polygon","coordinates":[[[-71.70732253503992,43.105235816683695],[-71.70835929626392,43.10592491306392],[-71.70858128820925,43.105437092502875],[-71.70860936917283,43.10538047190134],[-71.708629243552,43.10532201437033],[-71.70864069681394,43.10526235820788],[-71.70864360288884,43.10520215247989],[-71.70863793030809,43.1051420525167],[-71.70862374096943,43.1050827127125],[-71.70860119013145,43.10502478022395],[-71.70857052149066,43.10496888417053],[-71.70853207086549,43.10491563473299],[-71.70847527024377,43.104830166172036],[-71.70842683897857,43.10474197513662],[-71.70838701935418,43.10465150082809],[-71.70835600820298,43.104559193264926],[-71.7083339605918,43.104465513280886],[-71.70832098613377,43.10437092712551],[-71.70831714898858,43.10427590556337],[-71.70719034515511,43.105140519273334],[-71.70732253503992,43.105235816683695]]],"crs":null},"id":659177,"type":"Feature","properties":{"town":"Weare","name":"CamaID: 405-047-0001","pid":"000405000047000001","streetaddress":"96 PEASLEE HILL ROAD","townid":"4224","displayid":"405-047-0001","nh_gis_id":"064224-000405000047000001","objectid":659177}},{"geometry":{"type":"Polygon","coordinates":[[[-71.77922681663551,43.10578533197106],[-71.77956341241206,43.10588827418507],[-71.77956885296196,43.10586922498571],[-71.77960004981871,43.10554687491241],[-71.77960529715143,43.105480885139556],[-71.77922970254625,43.10545416124389],[-71.77922681663551,43.10578533197106]]],"crs":null},"id":659178,"type":"Feature","properties":{"town":"Weare","name":"CamaID: 104-060-0000","pid":"000104000060000000","streetaddress":"119 EAST SHORE DRIVE","townid":"4224","displayid":"104-060-0000","nh_gis_id":"064224-000104000060000000","objectid":659178}},{"geometry":{"type":"Polygon","coordinates":[[[-71.7433482532937,43.10553966029152],[-71.74337077393379,43.10555291719064],[-71.74400993723212,43.1059476410931],[-71.74513963079468,43.105139776503286],[-71.74289113173062,43.103669964604855],[-71.7433482532937,43.10553966029152]]],"crs":null},"id":659179,"type":"Feature","properties":{"town":"Weare","name":"CamaID: 201-071-0002","pid":"000201000071000002","streetaddress":"213 NORTH STARK HIGHWAY","townid":"4224","displayid":"201-071-0002","nh_gis_id":"064224-000201000071000002","objectid":659179}},{"geometry":{"type":"Polygon","coordinates":[[[-71.7536288186609,43.10562876600564],[-71.75374307312308,43.1059956860727],[-71.75711624306768,43.105006837236466],[-71.75711444441336,43.10499925118948],[-71.75708627148657,43.10493618557403],[-71.75705047881935,43.10487523054957],[-71.7570073558539,43.10481687826928],[-71.75695725219461,43.10476160013426],[-71.75690057391921,43.10470984499619],[-71.75683777742259,43.10466203016117],[-71.7567693731048,43.104618543187335],[-71.75669591184821,43.10457973559482],[-71.75664901476337,43.104558647470434],[-71.75660718272623,43.10453245412501],[-71.75657144370808,43.10450179747249],[-71.75654267227362,43.10446743026754],[-71.75652157357752,43.10443019361351],[-71.75651629139017,43.10442036438638],[-71.75429780276231,43.10500568446327],[-71.75347372366633,43.10513067992733],[-71.7536288186609,43.10562876600564]]],"crs":null},"id":659180,"type":"Feature","properties":{"town":"Weare","name":"CamaID: 201-112-0002","pid":"000201000112000002","streetaddress":"107 GRANDVIEW DRIVE","townid":"4224","displayid":"201-112-0002","nh_gis_id":"064224-000201000112000002","objectid":659180}},{"geometry":{"type":"Polygon","coordinates":[[[-71.77973037855047,43.105796319791715],[-71.78017964211203,43.10601207325922],[-71.7801897560512,43.10599514467758],[-71.78020955416814,43.10596673571946],[-71.78022235568771,43.105931629293224],[-71.78022000877213,43.105896175133566],[-71.7802171706121,43.10585482809923],[-71.78022979015608,43.105816995260724],[-71.78024626987158,43.10579386363905],[-71.7797419542132,43.10561035464091],[-71.77973037855047,43.105796319791715]]],"crs":null},"id":659181,"type":"Feature","properties":{"town":"Weare","name":"CamaID: 104-008-0000","pid":"000104000008000000","streetaddress":"EAST SHORE DRIVE","townid":"4224","displayid":"104-008-0000","nh_gis_id":"064224-000104000008000000","objectid":659181}},{"geometry":{"type":"Polygon","coordinates":[[[-71.7440200767775,43.10595387326374],[-71.74416487654976,43.106043577272224],[-71.74528891216052,43.10523735514994],[-71.7460280230676,43.10567432381509],[-71.74599313030892,43.105698931441914],[-71.74666422327093,43.1055871267658],[-71.74851191147525,43.10527927882657],[-71.74881534554846,43.10522871981049],[-71.74849107455859,43.10424526994078],[-71.7484114241527,43.10400370164127],[-71.74807102440742,43.104069188091025],[-71.74765949982346,43.104148356853926],[-71.74709821105523,43.10360950767184],[-71.7455453426118,43.1034956117788],[-71.74279925070499,43.1032941448585],[-71.74289113173062,43.103669964604855],[-71.74513963079468,43.105139776503286],[-71.74400993723212,43.1059476410931],[-71.7440200767775,43.10595387326374]]],"crs":null},"id":659182,"type":"Feature","properties":{"town":"Weare","name":"CamaID: 405-007-0000","pid":"000405000007000000","streetaddress":"215&A NORTH STARK HIGHWAY","townid":"4224","displayid":"405-007-0000","nh_gis_id":"064224-000405000007000000","objectid":659182}},{"geometry":{"type":"Polygon","coordinates":[[[-71.74219964980357,43.10579992483461],[-71.74226236274943,43.10605571313503],[-71.74251861922855,43.10601321972489],[-71.74276466083748,43.10592271607934],[-71.74283775457033,43.10589582910825],[-71.74325653442898,43.10562655227548],[-71.74262627239699,43.10523567992979],[-71.74217751051252,43.10496336727094],[-71.74173326254916,43.104687110766754],[-71.74172688892918,43.10468398778343],[-71.74171990326894,43.10468166994645],[-71.74171249606354,43.104680220142114],[-71.74170486392076,43.10467967694837],[-71.74169721324773,43.10468005553263],[-71.74168975041987,43.104681344957626],[-71.74168267564136,43.104683510886005],[-71.7416761792599,43.10468649558259],[-71.74167043562417,43.1046902179186],[-71.74166560063223,43.10469457787398],[-71.74166180313445,43.10469945834326],[-71.74165914493759,43.104704728736216],[-71.7416576983489,43.104710245879794],[-71.74165750250192,43.10471586302181],[-71.74165856212413,43.10472142713161],[-71.74166084877895,43.10472678970106],[-71.74185992734617,43.105035133014596],[-71.74192882170794,43.105138890847684],[-71.7419911255643,43.1052448619744],[-71.74204670470435,43.10535282235336],[-71.7420954433364,43.105462543429354],[-71.74213723671609,43.105573791237894],[-71.74217199729584,43.1056863318021],[-71.74219964980357,43.10579992483461]]],"crs":null},"id":659183,"type":"Feature","properties":{"town":"Weare","name":"CamaID: 201-051-0000","pid":"000201000051000000","streetaddress":"210 NORTH STARK HIGHWAY","townid":"4224","displayid":"201-051-0000","nh_gis_id":"064224-000201000051000000","objectid":659183}},{"geometry":{"type":"Polygon","coordinates":[[[-71.7244476184863,43.10607326727357],[-71.72476208835776,43.10607933266691],[-71.7245870391452,43.105278948465106],[-71.72298563058872,43.10518144923291],[-71.72310044257205,43.10569341851824],[-71.72310524014988,43.10571501284629],[-71.72377005921112,43.10581345151201],[-71.72438882145293,43.1058071783741],[-71.7244476184863,43.10607326727357]]],"crs":null},"id":659184,"type":"Feature","properties":{"town":"Weare","name":"CamaID: 203-074-0000","pid":"000203000074000000","streetaddress":"131 BUZZELL HILL ROAD","townid":"4224","displayid":"203-074-0000","nh_gis_id":"064224-000203000074000000","objectid":659184}},{"geometry":{"type":"Polygon","coordinates":[[[-71.77907762906426,43.10587997585408],[-71.77938469228737,43.10604176239661],[-71.77947690459943,43.10598213389865],[-71.77950625464727,43.10596296571144],[-71.77953088107779,43.10594051028269],[-71.77955011055978,43.10591538309038],[-71.77956341241206,43.10588827418507],[-71.77922681663551,43.10578533197106],[-71.77907762906426,43.10587997585408]]],"crs":null},"id":659185,"type":"Feature","properties":{"town":"Weare","name":"CamaID: 104-062-0000","pid":"000104000062000000","streetaddress":"113 EAST SHORE DRIVE","townid":"4224","displayid":"104-062-0000","nh_gis_id":"064224-000104000062000000","objectid":659185}},{"geometry":{"type":"Polygon","coordinates":[[[-71.76941563065363,43.10570956636302],[-71.76956511052934,43.10608078226283],[-71.77017061777387,43.10604634235619],[-71.77081926132357,43.10600944575575],[-71.77079857525503,43.10587389025211],[-71.77076897168023,43.10573922501363],[-71.77073052121746,43.105605765926235],[-71.77068331413136,43.10547382435513],[-71.76941563065363,43.10570956636302]]],"crs":null},"id":659186,"type":"Feature","properties":{"town":"Weare","name":"CamaID: 104-070-0000","pid":"000104000070000000","streetaddress":"54 NICHOLS ROAD","townid":"4224","displayid":"104-070-0000","nh_gis_id":"064224-000104000070000000","objectid":659186}},{"geometry":{"type":"Polygon","coordinates":[[[-71.77709284497811,43.107459085116076],[-71.77723617854826,43.10770671897857],[-71.77749247211118,43.1076385430207],[-71.77733544724563,43.10739468089501],[-71.77709284497811,43.107459085116076]]],"crs":null},"id":659187,"type":"Feature","properties":{"town":"Weare","name":"CamaID: 101-012-0000","pid":"000101000012000000","streetaddress":"EAST SHORE DRIVE","townid":"4224","displayid":"101-012-0000","nh_gis_id":"064224-000101000012000000","objectid":659187}},{"geometry":{"type":"Polygon","coordinates":[[[-71.6582411340692,43.06716846543526],[-71.65901233805776,43.06741800937182],[-71.65903949845948,43.06737953348646],[-71.65919810310643,43.067257843874806],[-71.65942696980385,43.06715147307089],[-71.65960429300387,43.06712308653295],[-71.65983375457067,43.06713284388056],[-71.66006372882943,43.06718236663833],[-71.66026354925748,43.06725996080358],[-71.66027001785633,43.06726439539479],[-71.66037803700766,43.0665822159052],[-71.66031316294745,43.0665942403754],[-71.65888428518541,43.06675608347775],[-71.65867302518905,43.066785106557155],[-71.65838106916773,43.06678324225438],[-71.65823793305039,43.06690141672587],[-71.65820851039861,43.06709495797558],[-71.6582411340692,43.06716846543526]],[[-71.65923215267208,43.06706358704282],[-71.65910469655344,43.06712724760909],[-71.65903931493894,43.067047430737006],[-71.65916580913114,43.066987856944415],[-71.65914721126505,43.06696662975213],[-71.65938020506242,43.06685689717803],[-71.65946515159432,43.066953870501],[-71.65923215267208,43.06706358704282]]],"crs":null},"id":659188,"type":"Feature","properties":{"town":"Weare","name":"CamaID: 409-157-0003","pid":"000409000157000003","streetaddress":"HIGH ROCK ROAD","townid":"4224","displayid":"409-157-0003","nh_gis_id":"064224-000409000157000003","objectid":659188}},{"geometry":{"type":"Polygon","coordinates":[[[-71.74556575653979,43.065402619321986],[-71.74556029883125,43.06545106476026],[-71.74554660809848,43.065498628306806],[-71.74552489821217,43.06554455907066],[-71.74549551199266,43.06558813397573],[-71.74545891262726,43.065628665868616],[-71.7454156763235,43.06566551792673],[-71.74632554953915,43.06531571727518],[-71.74637741066816,43.065301345977325],[-71.74642570905316,43.06528138619158],[-71.74646933173919,43.06525629688423],[-71.74650727397221,43.065226657570115],[-71.74653866127282,43.06519314849249],[-71.7465627727546,43.06515654430503],[-71.74657905090767,43.065117685259004],[-71.74658712122941,43.06507746818726],[-71.74658679955287,43.065036818593555],[-71.74658720423022,43.06502795254937],[-71.74661401806769,43.064440752841],[-71.74717988916122,43.063654470894264],[-71.7462685845439,43.06345119044712],[-71.74616213638218,43.06342687436403],[-71.74605899681046,43.06339582442292],[-71.74595995433879,43.063358281331624],[-71.74586577052023,43.06331453082729],[-71.74577716522381,43.063264908187215],[-71.74569481785693,43.06320979462667],[-71.74561935999044,43.063149611002295],[-71.74555136922413,43.06308482051654],[-71.74545416352713,43.062999804405436],[-71.74536462172247,43.062910377513035],[-71.74528311257171,43.06281691137358],[-71.74520997661214,43.062719792843104],[-71.74514551633713,43.062619425005686],[-71.74508999741973,43.06251622357195],[-71.74504365239521,43.062410615975764],[-71.74500667083937,43.06230304048084],[-71.74496589554721,43.062192253063586],[-71.74491688022704,43.06208327520334],[-71.74485977142872,43.06197643715151],[-71.7447947414698,43.061872061939255],[-71.74472198843368,43.061770464477284],[-71.74470439371959,43.06183914768612],[-71.74469437952104,43.06190864577723],[-71.7446920091306,43.06197850862471],[-71.74469730041703,43.06204828523218],[-71.74471021723235,43.06211752463838],[-71.74473067555373,43.06218577951407],[-71.74475854594252,43.06225260976083],[-71.74492072239443,43.06275283907381],[-71.74495252957117,43.062859553065415],[-71.74499154778758,43.06296497216872],[-71.74503768221378,43.06306883449216],[-71.74509081715257,43.06317088265818],[-71.7451508209487,43.06327086289973],[-71.74521754353546,43.06336852686251],[-71.74529082011732,43.06346363160251],[-71.7453638652041,43.06358681272238],[-71.74542913124954,43.063712319782624],[-71.74548648037329,43.06383988824178],[-71.74553579187652,43.06396925174475],[-71.74557696100788,43.064100136722736],[-71.74560990265394,43.06423226779141],[-71.74563454642896,43.06436536775446],[-71.74565084158392,43.0644991557995],[-71.74565875210087,43.06463335110228],[-71.74565914725834,43.0647881231456],[-71.74565001641234,43.064942749631356],[-71.74563137996022,43.06509691728447],[-71.74560327425931,43.06525031191644],[-71.74556575653979,43.065402619321986]]],"crs":null},"id":659189,"type":"Feature","properties":{"town":"Weare","name":"CamaID: 407-117-0000","pid":"000407000117000000","streetaddress":"MAPLEWOLD/LAFRANCE","townid":"4224","displayid":"407-117-0000","nh_gis_id":"064224-000407000117000000","objectid":659189}},{"geometry":{"type":"Polygon","coordinates":[[[-71.75871751772422,43.06552958662282],[-71.7590456499889,43.06566512614693],[-71.76127336077226,43.065207431969526],[-71.76110775260165,43.06473548518965],[-71.76105483713202,43.06460023258434],[-71.75864671667273,43.06526144280873],[-71.75871679484851,43.06549119141229],[-71.75871751772422,43.06552958662282]]],"crs":null},"id":659190,"type":"Feature","properties":{"town":"Weare","name":"CamaID: 407-089-0000","pid":"000407000089000000","streetaddress":"68 HODGDON ROAD","townid":"4224","displayid":"407-089-0000","nh_gis_id":"064224-000407000089000000","objectid":659190}},{"geometry":{"type":"Polygon","coordinates":[[[-71.65501997835564,43.06568781805215],[-71.656828802231,43.06572662303248],[-71.65681981929889,43.065624666456515],[-71.65677799172146,43.06524378076831],[-71.65670397492161,43.06495632796231],[-71.65668882459546,43.06492821617206],[-71.65505131841213,43.065077112575764],[-71.65503359370898,43.06542228767795],[-71.65501997835564,43.06568781805215]]],"crs":null},"id":659191,"type":"Feature","properties":{"town":"Weare","name":"CamaID: 409-149-0002","pid":"000409000149000002","streetaddress":"537AB RIVER ROAD","townid":"4224","displayid":"409-149-0002","nh_gis_id":"064224-000409000149000002","objectid":659191}},{"geometry":{"type":"Polygon","coordinates":[[[-71.77844230205784,43.11021730440815],[-71.77875518029185,43.11035125564052],[-71.77906594775429,43.110487818555754],[-71.77904943052951,43.1104779483056],[-71.7790318323354,43.11046282127137],[-71.77900704317952,43.110442402043766],[-71.77896047063489,43.110413940543516],[-71.7789228884995,43.11039048770482],[-71.77888504678131,43.11036615835096],[-71.77884095455217,43.11033547007013],[-71.7788126554627,43.11031376790997],[-71.77877429952754,43.110287683708144],[-71.77874031579455,43.11027009003535],[-71.7787061966998,43.11024563275338],[-71.77867104779482,43.11021766583922],[-71.77864014126884,43.110197751208446],[-71.7786117664746,43.11018432245671],[-71.77858578680687,43.110170516888076],[-71.77855094664976,43.11015213995559],[-71.77852745277045,43.110142532096766],[-71.77850310112784,43.110132141030775],[-71.77834126839821,43.110082371625474],[-71.77827674785705,43.11006959107094],[-71.7782323800912,43.11006143656662],[-71.77817419636712,43.11005316498595],[-71.7781079707898,43.11004524236923],[-71.77807040819206,43.11004106438915],[-71.77802000800608,43.110031566333184],[-71.77797316131011,43.11002563843982],[-71.77792798300051,43.11001898877578],[-71.77788168979957,43.11001067847934],[-71.77783471579254,43.1100043122743],[-71.77780339938317,43.11000006782727],[-71.77774846618706,43.10999220154627],[-71.77772134487154,43.109990327630435],[-71.77784912056546,43.110013424116715],[-71.77797455581924,43.11004260692879],[-71.77809711107605,43.11007774967688],[-71.77821625901724,43.11011870165709],[-71.77833148824595,43.110165286947264],[-71.77844230205784,43.11021730440815]]],"crs":null},"id":659192,"type":"Feature","properties":{"town":"Weare","name":"CamaID: 101-042-0000","pid":"000101000042000000","streetaddress":"RESERVOIR DRIVE","townid":"4224","displayid":"101-042-0000","nh_gis_id":"064224-000101000042000000","objectid":659192}},{"geometry":{"type":"Polygon","coordinates":[[[-71.7415949730656,43.11674463249125],[-71.74160682561211,43.116785955600776],[-71.7425707228191,43.116561940008424],[-71.7427797504621,43.1165132933042],[-71.74269215924006,43.11636615907431],[-71.74259669305752,43.11622167737194],[-71.74249350337188,43.11608007491766],[-71.74241706319866,43.11569505751025],[-71.7413836071241,43.11580803115252],[-71.7415949730656,43.11674463249125]]],"crs":null},"id":659193,"type":"Feature","properties":{"town":"Weare","name":"CamaID: 202-001-0000","pid":"000202000001000000","streetaddress":"139 CONCORD STAGE ROAD","townid":"4224","displayid":"202-001-0000","nh_gis_id":"064224-000202000001000000","objectid":659193}},{"geometry":{"type":"Polygon","coordinates":[[[-71.7718331457361,43.11013566787926],[-71.77197170195737,43.110173160003555],[-71.77210754431668,43.11021565215733],[-71.77224033478967,43.110263038443065],[-71.7723697476163,43.11031520215117],[-71.77249546069856,43.110372014867714],[-71.77261716419744,43.11043333466616],[-71.77273455808482,43.11049901151028],[-71.77325342995154,43.10934214310022],[-71.772937861576,43.10916518937507],[-71.77262737195215,43.10898347631701],[-71.77251566385402,43.108915975758954],[-71.77239900420315,43.1088531326025],[-71.77227775329985,43.108795141835195],[-71.7721522886131,43.108742183127],[-71.77202299617782,43.10869441903801],[-71.77189027797444,43.1086519995128],[-71.77175454577223,43.108615053784675],[-71.7716162174582,43.10858369848075],[-71.77154882381176,43.108565182733415],[-71.77147894742703,43.10855253737522],[-71.77142852663934,43.10853901090859],[-71.77137598719504,43.10853089723103],[-71.77132240437318,43.10852836188612],[-71.77126887660108,43.10853145697784],[-71.7712164996544,43.10854012029404],[-71.77116634822498,43.10855417262289],[-71.77111944768026,43.1085733267798],[-71.7710462314767,43.108613104227636],[-71.77091689637341,43.10867562854878],[-71.77078398736568,43.108733991826725],[-71.77064775491756,43.10878808490188],[-71.77050845319572,43.108837806713865],[-71.77101416299712,43.10983756040996],[-71.77106061042396,43.1098562738114],[-71.77124913811787,43.10993278102303],[-71.77144086424067,43.11000489670674],[-71.77163559820158,43.11007254720824],[-71.7718331457361,43.11013566787926]]],"crs":null},"id":659194,"type":"Feature","properties":{"town":"Weare","name":"CamaID: 101-113-0000","pid":"000101000113000000","streetaddress":"WINSLOW ROAD","townid":"4224","displayid":"101-113-0000","nh_gis_id":"064224-000101000113000000","objectid":659194}},{"geometry":{"type":"Polygon","coordinates":[[[-71.74729543380217,43.11050656279661],[-71.7478456834764,43.11053074905717],[-71.74786324856954,43.11008794532369],[-71.74751128114012,43.11017647878569],[-71.74741715247322,43.10999089232321],[-71.74741372105797,43.10992274170858],[-71.74735438177527,43.10992380164992],[-71.74727865510812,43.10991443393208],[-71.74715260940903,43.109896563536],[-71.74705351058762,43.10987095518749],[-71.74702540201037,43.109854652300086],[-71.74697003799503,43.10989286522185],[-71.74697422728809,43.10990299720146],[-71.74717981115258,43.110400136197065],[-71.74697376708744,43.11046628983531],[-71.74707984290171,43.11048435089379],[-71.7471871904884,43.110497791329976],[-71.74729543380217,43.11050656279661]]],"crs":null},"id":659195,"type":"Feature","properties":{"town":"Weare","name":"CamaID: 201-062-0000","pid":"000201000062000000","streetaddress":"52 CONCORD STAGE ROAD","townid":"4224","displayid":"201-062-0000","nh_gis_id":"064224-000201000062000000","objectid":659195}},{"geometry":{"type":"Polygon","coordinates":[[[-71.78737432007807,43.1101120593064],[-71.78750744452451,43.11051131324675],[-71.78876840463772,43.110210447734296],[-71.78893447779473,43.11014123701699],[-71.78909633103355,43.11006685194374],[-71.78925366236929,43.10998743238088],[-71.78940618334941,43.10990312448238],[-71.78955360923247,43.10981408430104],[-71.78969566635962,43.1097204777803],[-71.78983209337629,43.109622477152016],[-71.7899626350983,43.10952026544394],[-71.79008705110107,43.10941403106909],[-71.79020511081248,43.10930397143154],[-71.79031659473793,43.10919029112462],[-71.79022535599454,43.10923817476151],[-71.79013003530507,43.109281579924705],[-71.7900310414318,43.10932032073004],[-71.78992879792548,43.10935423198232],[-71.789823745579,43.10938316737224],[-71.78971633383355,43.109407003086716],[-71.7896070220052,43.10942563690748],[-71.78951971188866,43.109439964935305],[-71.78943086386404,43.109447701762804],[-71.78934140170372,43.1094487653815],[-71.78925225792689,43.109443146689436],[-71.78916435904057,43.10943090230598],[-71.7890786194076,43.10941216087895],[-71.78809036018484,43.10927729482225],[-71.78781526807688,43.10929201509379],[-71.78760483102332,43.10939232486954],[-71.78753782543049,43.109482756591945],[-71.78748435371226,43.10962304383735],[-71.78744197412689,43.10991417922327],[-71.78737432007807,43.1101120593064]]],"crs":null},"id":659196,"type":"Feature","properties":{"town":"Weare","name":"CamaID: 401-013-0000","pid":"000401000013000000","streetaddress":"RESERVOIR DRIVE","townid":"4224","displayid":"401-013-0000","nh_gis_id":"064224-000401000013000000","objectid":659196}},{"geometry":{"type":"Polygon","coordinates":[[[-71.78285304275461,43.110540529139115],[-71.783394353586,43.11054719211974],[-71.78335326181735,43.11044993647793],[-71.78324944763055,43.11019457556364],[-71.78294396028576,43.11033383532699],[-71.78293439003258,43.11037184536875],[-71.78291651038492,43.11040908881247],[-71.78289897767631,43.11045178507892],[-71.7828799453078,43.11049150513134],[-71.78285304275461,43.110540529139115]]],"crs":null},"id":659197,"type":"Feature","properties":{"town":"Weare","name":"CamaID: 101-064-0000","pid":"000101000064000000","streetaddress":"33 WATERMAN ROAD","townid":"4224","displayid":"101-064-0000","nh_gis_id":"064224-000101000064000000","objectid":659197}},{"geometry":{"type":"Polygon","coordinates":[[[-71.74846395774478,43.110568919382914],[-71.74881407692752,43.1105768114261],[-71.7491643392983,43.11057964518734],[-71.74951461085074,43.11057742076248],[-71.74986475389254,43.11057013825148],[-71.75003133820697,43.11056751816001],[-71.75015000600897,43.11057019333906],[-71.74984540627891,43.10974054000179],[-71.74983050515642,43.10969292868088],[-71.74975451817058,43.109703719210074],[-71.74966959843297,43.1097230434001],[-71.74957901269896,43.10975267128223],[-71.74947886768193,43.10978365805389],[-71.74934731233982,43.10981128012993],[-71.74919026857879,43.10981178416699],[-71.74902641776299,43.109818284364025],[-71.74882301654247,43.109810840421],[-71.74866203306908,43.10980799165928],[-71.74832006162455,43.10978725072944],[-71.7481577952793,43.109779553002994],[-71.74797738366746,43.10978113780642],[-71.74787298509052,43.1097931669907],[-71.74785304960477,43.10979588882303],[-71.74777062607436,43.10980714168372],[-71.74766763586082,43.109844676662384],[-71.74753194277856,43.10991144490869],[-71.74741901621667,43.109922624551466],[-71.74741372105797,43.10992274170858],[-71.74741715247322,43.10999089232321],[-71.74751128114012,43.11017647878569],[-71.74786324856954,43.11008794532369],[-71.7478456834764,43.11053074905717],[-71.74846395774478,43.110568919382914]]],"crs":null},"id":659198,"type":"Feature","properties":{"town":"Weare","name":"CamaID: 201-063-0000","pid":"000201000063000000","streetaddress":"CONCORD STAGE ROAD","townid":"4224","displayid":"201-063-0000","nh_gis_id":"064224-000201000063000000","objectid":659198}},{"geometry":{"type":"Polygon","coordinates":[[[-71.73972377631019,43.11024758967189],[-71.739834702217,43.110602547912194],[-71.74067362156977,43.11053714816137],[-71.74071363927378,43.11056994306164],[-71.74077323089247,43.110514686774614],[-71.74084860237508,43.1104560104151],[-71.74093037436916,43.11040711820827],[-71.74096643436584,43.11038272832609],[-71.74117123747415,43.11020102176778],[-71.74121135774469,43.11016542575263],[-71.74128766701395,43.110050092318126],[-71.74137422131473,43.10992156927495],[-71.74149872105845,43.1097518947687],[-71.74161486842354,43.109579493602354],[-71.74171311454029,43.1094403695308],[-71.74182817142722,43.10927538708666],[-71.74194856376309,43.10910461837286],[-71.74202226596734,43.10900250771862],[-71.74212555991109,43.10885651892151],[-71.74221944679311,43.108747072006814],[-71.74232082954587,43.1086371204675],[-71.74241479357876,43.10855392835793],[-71.74249199761522,43.10851300087476],[-71.74248850189254,43.10837730739142],[-71.7424806041699,43.108251549207736],[-71.74145300391446,43.108932973727896],[-71.7415002146791,43.10903357104706],[-71.73954816670206,43.109685636239554],[-71.73972377631019,43.11024758967189]]],"crs":null},"id":659199,"type":"Feature","properties":{"town":"Weare","name":"CamaID: 201-046-0000","pid":"000201000046000000","streetaddress":"56 WOODBURY ROAD","townid":"4224","displayid":"201-046-0000","nh_gis_id":"064224-000201000046000000","objectid":659199}},{"geometry":{"type":"Polygon","coordinates":[[[-71.79492972530258,43.10960768696209],[-71.7949838048363,43.109749452186676],[-71.79504522464744,43.10988960235879],[-71.79511389712648,43.110027935028825],[-71.79518971991575,43.11016424686227],[-71.7952725845263,43.11029834173175],[-71.79536237017757,43.110430022622644],[-71.79545894626956,43.11055909883162],[-71.79658443193985,43.110357654021264],[-71.79606586958026,43.109070993477495],[-71.79520650397565,43.1093540051985],[-71.79514649316836,43.10938695999914],[-71.79509133929801,43.10942419228608],[-71.79504160549102,43.10946531976606],[-71.79499780442528,43.1095099214955],[-71.79496038236368,43.109557540599],[-71.79492972530258,43.10960768696209]]],"crs":null},"id":659200,"type":"Feature","properties":{"town":"Weare","name":"CamaID: 401-009-0000","pid":"000401000009000000","streetaddress":"37 CHASE HILL ROAD","townid":"4224","displayid":"401-009-0000","nh_gis_id":"064224-000401000009000000","objectid":659200}},{"geometry":{"type":"Polygon","coordinates":[[[-71.68208059869248,43.095666954957096],[-71.68562336684352,43.09581398849474],[-71.6856192735064,43.09578832549986],[-71.68560218347321,43.09572357143768],[-71.68558022450661,43.095647215064105],[-71.68554118961339,43.09552745199736],[-71.68543981464799,43.09528144306085],[-71.6854373158645,43.09527616400902],[-71.68210707013034,43.09550968554578],[-71.68207422716522,43.09566615376922],[-71.68208059869248,43.095666954957096]]],"crs":null},"id":659201,"type":"Feature","properties":{"town":"Weare","name":"CamaID: 406-065-0017","pid":"000406000065000017","streetaddress":"NELSON SUBDIVISION","townid":"4224","displayid":"406-065-0017","nh_gis_id":"064224-000406000065000017","objectid":659201}},{"geometry":{"type":"Polygon","coordinates":[[[-71.73043547752229,43.095449842197695],[-71.73049591703908,43.095569245849305],[-71.73056070378594,43.09568741831548],[-71.73062979224879,43.09580427589906],[-71.73093408459891,43.09571241020812],[-71.73079013196659,43.095462742291566],[-71.73062833017835,43.09550652770448],[-71.73057812304506,43.09540784828217],[-71.73043547752229,43.095449842197695]]],"crs":null},"id":659202,"type":"Feature","properties":{"town":"Weare","name":"CamaID: 203-021-0000","pid":"000203000021000000","streetaddress":"15 NORTH STARK HIGHWAY","townid":"4224","displayid":"203-021-0000","nh_gis_id":"064224-000203000021000000","objectid":659202}},{"geometry":{"type":"Polygon","coordinates":[[[-71.79223596811536,43.09569976318473],[-71.79231691788372,43.09572288865069],[-71.79240048099743,43.095740319452304],[-71.7924859152086,43.0957519006717],[-71.79257245749022,43.095757528725244],[-71.79265933878288,43.095757154048115],[-71.79274578522211,43.0957507801926],[-71.79282723526185,43.09573146382472],[-71.79290538655175,43.09570585529258],[-71.79297933685754,43.09567424905209],[-71.7930482332299,43.09563701061974],[-71.79311127936008,43.095594569362355],[-71.79316774785815,43.09554741578277],[-71.79318120478379,43.095532215142356],[-71.7931876084037,43.09533252112186],[-71.79326296024628,43.095202231784675],[-71.7932270278554,43.09509226430594],[-71.79222960336466,43.09569336370322],[-71.79223596811536,43.09569976318473]]],"crs":null},"id":659203,"type":"Feature","properties":{"town":"Weare","name":"CamaID: 106-051-0000","pid":"000106000051000000","streetaddress":"WINTER ROAD","townid":"4224","displayid":"106-051-0000","nh_gis_id":"064224-000106000051000000","objectid":659203}},{"geometry":{"type":"Polygon","coordinates":[[[-71.72974007189703,43.09553241618717],[-71.72983439715182,43.0958322285518],[-71.73021933378676,43.09571620572518],[-71.73011305623321,43.09540661731803],[-71.72974007189703,43.09553241618717]]],"crs":null},"id":659204,"type":"Feature","properties":{"town":"Weare","name":"CamaID: 203-051-0000","pid":"000203000051000000","streetaddress":"12 NORTH STARK HIGHWAY","townid":"4224","displayid":"203-051-0000","nh_gis_id":"064224-000203000051000000","objectid":659204}},{"geometry":{"type":"Polygon","coordinates":[[[-71.79300624805019,43.09576437434611],[-71.79292967900943,43.09578947980983],[-71.79291034177064,43.0957956204581],[-71.79348825617417,43.095683461037744],[-71.79366560505476,43.09565170910703],[-71.79347995173177,43.09534310030318],[-71.79346015618212,43.09536038648109],[-71.79339598645466,43.09543848736608],[-71.79335821157596,43.09549493705965],[-71.7933138203324,43.095548737679636],[-71.79326315579121,43.0955994756638],[-71.79320660897113,43.09564675810007],[-71.79314461640274,43.09569022083115],[-71.79307765767018,43.09572952755742],[-71.79300624805019,43.09576437434611]]],"crs":null},"id":659205,"type":"Feature","properties":{"town":"Weare","name":"CamaID: 106-061-0000","pid":"000106000061000000","streetaddress":"WINTER ROAD","townid":"4224","displayid":"106-061-0000","nh_gis_id":"064224-000106000061000000","objectid":659205}},{"geometry":{"type":"Polygon","coordinates":[[[-71.79613365949342,43.09566157807354],[-71.79618496792118,43.09580031086166],[-71.79623064908557,43.0957972237964],[-71.79625511463804,43.095793008531025],[-71.79638996061288,43.09576687251738],[-71.79647174236202,43.09574811758235],[-71.79653958732582,43.095731041009586],[-71.79659187433533,43.09571748279902],[-71.7966408215121,43.095709737114866],[-71.79666688498878,43.09570781356373],[-71.7966529837031,43.095604294318434],[-71.79663312223663,43.09525895913046],[-71.79647284091057,43.09532960948475],[-71.79601312778453,43.09535586032403],[-71.79613365949342,43.09566157807354]]],"crs":null},"id":659206,"type":"Feature","properties":{"town":"Weare","name":"CamaID: 105-009-0000","pid":"000105000009000000","streetaddress":"45 THURBER ROAD","townid":"4224","displayid":"105-009-0000","nh_gis_id":"064224-000105000009000000","objectid":659206}},{"geometry":{"type":"Polygon","coordinates":[[[-71.79678266545602,43.09579930784073],[-71.79675947064703,43.09582006228317],[-71.79716740747816,43.0956963977743],[-71.79706890002966,43.09506687068728],[-71.79663312223663,43.09525895913046],[-71.7966529837031,43.095604294318434],[-71.79666688498878,43.09570781356373],[-71.79669949043995,43.09571049141138],[-71.79672877169112,43.095721709281044],[-71.79676013641861,43.09573999556091],[-71.79677618547454,43.09576017608868],[-71.79678519009444,43.09578094342978],[-71.79678266545602,43.09579930784073]]],"crs":null},"id":659207,"type":"Feature","properties":{"town":"Weare","name":"CamaID: 105-008-0000","pid":"000105000008000000","streetaddress":"THURBER ROAD","townid":"4224","displayid":"105-008-0000","nh_gis_id":"064224-000105000008000000","objectid":659207}},{"geometry":{"type":"Polygon","coordinates":[[[-71.79585021088702,43.09582276218044],[-71.79589299596631,43.09582331338058],[-71.79594148891897,43.095815608115814],[-71.79598365510392,43.09580982732925],[-71.79603648848875,43.09580832284796],[-71.79609483987124,43.09580640072643],[-71.79618496792118,43.09580031086166],[-71.79613365949342,43.09566157807354],[-71.79601312778453,43.09535586032403],[-71.79565326102647,43.09537640859643],[-71.7957688829712,43.09571972670319],[-71.79579982908211,43.0958165971145],[-71.79580839138845,43.09581700422761],[-71.79585021088702,43.09582276218044]]],"crs":null},"id":659208,"type":"Feature","properties":{"town":"Weare","name":"CamaID: 105-010-0000","pid":"000105000010000000","streetaddress":"53 THURBER ROAD","townid":"4224","displayid":"105-010-0000","nh_gis_id":"064224-000105000010000000","objectid":659208}},{"geometry":{"type":"Polygon","coordinates":[[[-71.79496859169059,43.09585702321355],[-71.79497215482994,43.095877497943654],[-71.79510533671562,43.09587407554105],[-71.79514022353332,43.09586751379189],[-71.79521931870676,43.09586367488104],[-71.79527311164345,43.095867530149356],[-71.79535619710138,43.09585404320499],[-71.79551043868936,43.0958289756121],[-71.79560556822577,43.09582212893544],[-71.79569296544418,43.09581880783824],[-71.79573081087025,43.09581325345691],[-71.79577278963906,43.09581531158533],[-71.79579982908211,43.0958165971145],[-71.7957688829712,43.09571972670319],[-71.79565326102647,43.09537640859643],[-71.79493518727064,43.09541740626854],[-71.79485219303282,43.095433165719584],[-71.79496859169059,43.09585702321355]]],"crs":null},"id":659209,"type":"Feature","properties":{"town":"Weare","name":"CamaID: 105-012-0000","pid":"000105000012000000","streetaddress":"55 THURBER ROAD","townid":"4224","displayid":"105-012-0000","nh_gis_id":"064224-000105000012000000","objectid":659209}},{"geometry":{"type":"Polygon","coordinates":[[[-71.68582616429269,43.09595696105233],[-71.68582673789822,43.095960819058696],[-71.68719111584686,43.09534254159482],[-71.6871657162311,43.09531916888964],[-71.68708438281587,43.09528136844359],[-71.68702944314151,43.095260761778505],[-71.68701497254513,43.09519464370668],[-71.68702102950819,43.09502447112303],[-71.68694990578672,43.09479904126867],[-71.68695134228707,43.094756230111095],[-71.68697510902027,43.09465279254156],[-71.6870467895556,43.09445001243091],[-71.68702606763414,43.094378141615294],[-71.68707186036049,43.09433516592313],[-71.68708103128405,43.09431061231033],[-71.68561458149014,43.095267139451444],[-71.68571139046163,43.09549012550037],[-71.68576216457743,43.095629056442405],[-71.68579535134587,43.09577071869703],[-71.68582616429269,43.09595696105233]]],"crs":null},"id":659210,"type":"Feature","properties":{"town":"Weare","name":"CamaID: 406-065-0003","pid":"000406000065000003","streetaddress":"NELSON SUBDIVISION","townid":"4224","displayid":"406-065-0003","nh_gis_id":"064224-000406000065000003","objectid":659210}},{"geometry":{"type":"Polygon","coordinates":[[[-71.79113940408702,43.09544492943985],[-71.79138356247715,43.0959122266681],[-71.79204130459797,43.09564517555941],[-71.7917853059726,43.095180773184325],[-71.79113940408702,43.09544492943985]]],"crs":null},"id":659211,"type":"Feature","properties":{"town":"Weare","name":"CamaID: 106-054-0000","pid":"000106000054000000","streetaddress":"85 WINTER ROAD","townid":"4224","displayid":"106-054-0000","nh_gis_id":"064224-000106000054000000","objectid":659211}},{"geometry":{"type":"Polygon","coordinates":[[[-71.75075820419984,43.09489891100634],[-71.75103284079655,43.09599132329445],[-71.75212629670224,43.095971473428435],[-71.75212256093982,43.09593849871689],[-71.75206834764411,43.09536773808213],[-71.75200487307613,43.09536249337339],[-71.75194310764937,43.09535055463706],[-71.75188436112059,43.09533217384656],[-71.75182987464751,43.095307740753825],[-71.75171456314749,43.09531704689403],[-71.75075820419984,43.09489891100634]]],"crs":null},"id":659212,"type":"Feature","properties":{"town":"Weare","name":"CamaID: 405-095-0000","pid":"000405000095000000","streetaddress":"61 SCOTT AVENUE","townid":"4224","displayid":"405-095-0000","nh_gis_id":"064224-000405000095000000","objectid":659212}},{"geometry":{"type":"Polygon","coordinates":[[[-71.79497215482994,43.095877497943654],[-71.79461702810872,43.095963354422025],[-71.79468613339942,43.09595596870221],[-71.79474222250161,43.095952337689894],[-71.7948168550261,43.09593129382149],[-71.79487683034093,43.09591579333276],[-71.7949414658632,43.09589909307138],[-71.79502275462384,43.09588571820326],[-71.79507728408807,43.09587935137812],[-71.79510533671562,43.09587407554105],[-71.79497215482994,43.095877497943654]]],"crs":null},"id":659213,"type":"Feature","properties":{"town":"Weare","name":null,"pid":"000105000000000000","streetaddress":null,"townid":"4224","displayid":null,"nh_gis_id":"064224-000105000000000000","objectid":659213}},{"geometry":{"type":"Polygon","coordinates":[[[-71.79460245351159,43.09591534878267],[-71.79461702810872,43.095963354422025],[-71.79497215482994,43.095877497943654],[-71.79496859169059,43.09585702321355],[-71.79485219303282,43.095433165719584],[-71.7944978739283,43.09550044604971],[-71.79460245351159,43.09591534878267]]],"crs":null},"id":659214,"type":"Feature","properties":{"town":"Weare","name":"CamaID: 105-013-0000","pid":"000105000013000000","streetaddress":"55 WINTER ROAD","townid":"4224","displayid":"105-013-0000","nh_gis_id":"064224-000105000013000000","objectid":659214}},{"geometry":{"type":"Polygon","coordinates":[[[-71.79636380428944,43.095941331395665],[-71.79628489788759,43.095965381359726],[-71.7996970507749,43.09532072350723],[-71.79968946242553,43.09510233727893],[-71.79967204021193,43.09411316738467],[-71.80050204342217,43.09391195006228],[-71.80028090841962,43.0936996509412],[-71.80023352732123,43.09365954453463],[-71.80018207566634,43.09362222706512],[-71.80012685978403,43.09358792231086],[-71.80006820683275,43.093556831521816],[-71.79874444723231,43.093027949849045],[-71.79837766570287,43.09420425065494],[-71.79895663123017,43.09510157643198],[-71.79877514757364,43.09514490664386],[-71.79852186263457,43.09512134263301],[-71.79716740747816,43.0956963977743],[-71.79675947064703,43.09582006228317],[-71.79636380428944,43.095941331395665]]],"crs":null},"id":659215,"type":"Feature","properties":{"town":"Weare","name":"CamaID: 105-002-0000","pid":"000105000002000000","streetaddress":"186 DUDLEY BROOK ROAD","townid":"4224","displayid":"105-002-0000","nh_gis_id":"064224-000105000002000000","objectid":659215}},{"geometry":{"type":"Polygon","coordinates":[[[-71.75269311963166,43.09606577924279],[-71.75316400469616,43.096066388345875],[-71.75258750520952,43.09362610721953],[-71.7521591398439,43.09371547679996],[-71.75184070325027,43.093780496379615],[-71.75168282438405,43.09381273164198],[-71.75192565935069,43.09474759010909],[-71.75198764595969,43.09474145069744],[-71.75205019324264,43.09474191623743],[-71.75211199674605,43.094748978700444],[-71.75217176901654,43.09476248962248],[-71.7522282617183,43.0947821672886],[-71.75228030003282,43.09480760300794],[-71.7523267974022,43.09483826470281],[-71.75236678625988,43.094873513988055],[-71.75239943032726,43.09491261606306],[-71.75242405043119,43.09495475589445],[-71.7524401343539,43.09499905441103],[-71.75244734423329,43.095044589201585],[-71.75244553255403,43.09509040980525],[-71.75243473481368,43.09513556202114],[-71.75241517814433,43.095179103205005],[-71.75238726783826,43.095220127483714],[-71.75235158859543,43.09525777835756],[-71.75230888121835,43.095291271222194],[-71.75226003771944,43.09531990777548],[-71.75231266735712,43.0958777197525],[-71.7523244985745,43.09598519135707],[-71.75232927802384,43.09602661421791],[-71.75269311963166,43.09606577924279]]],"crs":null},"id":659216,"type":"Feature","properties":{"town":"Weare","name":"CamaID: 405-098-0000","pid":"000405000098000000","streetaddress":"72 SCOTT AVENUE","townid":"4224","displayid":"405-098-0000","nh_gis_id":"064224-000405000098000000","objectid":659216}},{"geometry":{"type":"Polygon","coordinates":[[[-71.7341781676407,43.093861561205046],[-71.73455899434971,43.096091189737656],[-71.73560388022462,43.09586855671347],[-71.73498803856604,43.093813425836764],[-71.73480997548056,43.0932191814785],[-71.73478882948359,43.093277929787696],[-71.73476460625086,43.09334965939208],[-71.73473158389788,43.09341947867516],[-71.7346900368911,43.093486807760485],[-71.73464030851147,43.09355109013341],[-71.73458281208445,43.093611793541044],[-71.73451802361515,43.093668413597584],[-71.73443835291829,43.09372152639061],[-71.73435499991635,43.09377151143505],[-71.73426819169687,43.09381823266404],[-71.7341781676407,43.093861561205046]]],"crs":null},"id":659217,"type":"Feature","properties":{"town":"Weare","name":"CamaID: 203-014-0001","pid":"000203000014000001","streetaddress":"50 FLANDERS MEMORIAL RD","townid":"4224","displayid":"203-014-0001","nh_gis_id":"064224-000203000014000001","objectid":659217}},{"geometry":{"type":"Polygon","coordinates":[[[-71.76103279736779,43.095114019267065],[-71.76129459232659,43.0960939833988],[-71.76267050399505,43.0958213722209],[-71.76352805683766,43.09565145475079],[-71.76324125396559,43.09464395194297],[-71.76103279736779,43.095114019267065]]],"crs":null},"id":659218,"type":"Feature","properties":{"town":"Weare","name":"CamaID: 404-117-0001","pid":"000404000117000001","streetaddress":"239 THORNDIKE ROAD","townid":"4224","displayid":"404-117-0001","nh_gis_id":"064224-000404000117000001","objectid":659218}},{"geometry":{"type":"Polygon","coordinates":[[[-71.70724627806429,43.137565374702724],[-71.707158722518,43.13777069019173],[-71.70737092936142,43.13769958438361],[-71.70757975574327,43.13762330078509],[-71.70778496691047,43.1375419250137],[-71.70757201308732,43.1364171817724],[-71.70537423080509,43.136722484078255],[-71.70540385702174,43.13687642977585],[-71.70542639408282,43.13704665991012],[-71.70544079146012,43.137167737000475],[-71.70544073069946,43.137260265996055],[-71.70667647178674,43.137084391771275],[-71.70704739507788,43.13723395853176],[-71.70724627806429,43.137565374702724]]],"crs":null},"id":659219,"type":"Feature","properties":{"town":"Weare","name":"CamaID: 403-230-0000","pid":"000403000230000000","streetaddress":"18 ANN'S DRIVE","townid":"4224","displayid":"403-230-0000","nh_gis_id":"064224-000403000230000000","objectid":659219}},{"geometry":{"type":"Polygon","coordinates":[[[-71.69509338424442,43.13481673234849],[-71.69589968815171,43.137811589933605],[-71.69616434155209,43.13779320470646],[-71.69642849157921,43.137771285880774],[-71.6966920521498,43.137745840683834],[-71.69592605884463,43.13480870276319],[-71.69509338424442,43.13481673234849]]],"crs":null},"id":659220,"type":"Feature","properties":{"town":"Weare","name":"CamaID: 403-219-0004","pid":"000403000219000004","streetaddress":"804 CONCORD STAGE ROAD","townid":"4224","displayid":"403-219-0004","nh_gis_id":"064224-000403000219000004","objectid":659220}},{"geometry":{"type":"Polygon","coordinates":[[[-71.66758188892184,43.13729905672745],[-71.66771910648424,43.13782325495547],[-71.66802428021347,43.13712391410355],[-71.66869391184946,43.13660629205825],[-71.66895162252808,43.13623113395682],[-71.66900719068221,43.13604004018826],[-71.66893320649562,43.13603535005843],[-71.66885895948951,43.13603635518262],[-71.66878526210012,43.13604304294314],[-71.66871292553317,43.1360553404137],[-71.66864274255693,43.136073112559494],[-71.66857548258676,43.13609616493755],[-71.66851188554048,43.136124243696564],[-71.66845264831862,43.136157040977864],[-71.66839842234681,43.13619419761538],[-71.6682762835057,43.13625913856614],[-71.66814909865786,43.13631865870289],[-71.66801731522477,43.13637254646665],[-71.66788139784224,43.136420613703834],[-71.66774182590159,43.13646269026553],[-71.6675990910912,43.136498628508754],[-71.66745369616628,43.13652830059585],[-71.66758188892184,43.13729905672745]]],"crs":null},"id":659221,"type":"Feature","properties":{"town":"Weare","name":"CamaID: 403-158-0005","pid":"000403000158000005","streetaddress":"10 BOULDER HILL ROAD","townid":"4224","displayid":"403-158-0005","nh_gis_id":"064224-000403000158000005","objectid":659221}},{"geometry":{"type":"Polygon","coordinates":[[[-71.69430332701721,43.13784739796616],[-71.69456928506311,43.13785033723817],[-71.69483527100189,43.137849720263915],[-71.69510119751635,43.13784554706496],[-71.69429120963844,43.13482446226414],[-71.69412899596928,43.13422406816575],[-71.69262404482237,43.13424686583858],[-71.69278142466072,43.13483899612327],[-71.69351141067126,43.134831971571465],[-71.69430332701721,43.13784739796616]]],"crs":null},"id":659222,"type":"Feature","properties":{"town":"Weare","name":"CamaID: 403-219-0002","pid":"000403000219000002","streetaddress":"CONCORD STAGE ROAD","townid":"4224","displayid":"403-219-0002","nh_gis_id":"064224-000403000219000002","objectid":659222}},{"geometry":{"type":"Polygon","coordinates":[[[-71.67920506127699,43.136397898831575],[-71.68129844614843,43.1378904757365],[-71.68135729759828,43.13760293815424],[-71.68307324538762,43.13738808942637],[-71.6829314567939,43.13668794924702],[-71.6834625906908,43.13662049031577],[-71.68326021447305,43.13587091097246],[-71.68153738635644,43.136137764656134],[-71.6813840318261,43.13559376525175],[-71.68069165833569,43.135700601020524],[-71.67907561343984,43.1359499441491],[-71.67889454905364,43.135975898086166],[-71.67865057187912,43.13601086802149],[-71.67920506127699,43.136397898831575]]],"crs":null},"id":659223,"type":"Feature","properties":{"town":"Weare","name":"CamaID: 403-175-0000","pid":"000403000175000000","streetaddress":"33 SOUTH SUGAR HILL RD","townid":"4224","displayid":"403-175-0000","nh_gis_id":"064224-000403000175000000","objectid":659223}},{"geometry":{"type":"Polygon","coordinates":[[[-71.69228210175639,43.137790291593404],[-71.69336207308203,43.13790127263303],[-71.69327191969683,43.13752460301358],[-71.69235106273682,43.137484183044826],[-71.69230297803487,43.137661030632685],[-71.69228210175639,43.137790291593404]]],"crs":null},"id":659224,"type":"Feature","properties":{"town":"Weare","name":"CamaID: 403-216-0000","pid":"000403000216000000","streetaddress":"CONCORD STAGE ROAD","townid":"4224","displayid":"403-216-0000","nh_gis_id":"064224-000403000216000000","objectid":659224}},{"geometry":{"type":"Polygon","coordinates":[[[-71.72630188681453,43.13779118023676],[-71.7263063869474,43.13781915387817],[-71.72630462339393,43.13784729101224],[-71.7262966408988,43.13787484448486],[-71.72628265384758,43.13790108235525],[-71.72789676926564,43.13727916824203],[-71.72776553661413,43.13675664933527],[-71.72622579011673,43.137222468091075],[-71.7262284655724,43.137249895392486],[-71.72626812388464,43.137496190187356],[-71.72630188681453,43.13779118023676]]],"crs":null},"id":659225,"type":"Feature","properties":{"town":"Weare","name":"CamaID: 402-072-0000","pid":"000402000072000000","streetaddress":"24 MEADOW DRIVE","townid":"4224","displayid":"402-072-0000","nh_gis_id":"064224-000402000072000000","objectid":659225}},{"geometry":{"type":"Polygon","coordinates":[[[-71.68129844614843,43.1378904757365],[-71.68147765689606,43.138018247099886],[-71.68395334289369,43.13750602446188],[-71.68389311119964,43.13749638566098],[-71.68383557569436,43.13748016357326],[-71.68378206645295,43.1374577360698],[-71.68373382508443,43.13742962146162],[-71.68369196785386,43.13739647130306],[-71.68365746601022,43.13735905329104],[-71.68363111628207,43.13731823416546],[-71.68307324538762,43.13738808942637],[-71.68135729759828,43.13760293815424],[-71.68129844614843,43.1378904757365]]],"crs":null},"id":659226,"type":"Feature","properties":{"town":"Weare","name":"CamaID: 403-173-0000","pid":"000403000173000000","streetaddress":"CONCORD STAGE ROAD","townid":"4224","displayid":"403-173-0000","nh_gis_id":"064224-000403000173000000","objectid":659226}},{"geometry":{"type":"Polygon","coordinates":[[[-71.66442761836039,43.13795641354111],[-71.66581263068298,43.13806641343689],[-71.66582359712571,43.13799487622163],[-71.66584215489405,43.13792418430686],[-71.66586819087323,43.13785476796323],[-71.6659015464715,43.137787052059025],[-71.66594201639161,43.13772144975864],[-71.66598935477727,43.137658360723066],[-71.66603195095476,43.137594594722806],[-71.66606913136661,43.137529037364956],[-71.66610075590017,43.13746193439688],[-71.66614343071444,43.137371916164554],[-71.66459219270901,43.13717680479124],[-71.66442761836039,43.13795641354111]]],"crs":null},"id":659227,"type":"Feature","properties":{"town":"Weare","name":"CamaID: 403-146-0000","pid":"000403000146000000","streetaddress":"85 SHERWOOD FOREST ROAD","townid":"4224","displayid":"403-146-0000","nh_gis_id":"064224-000403000146000000","objectid":659227}},{"geometry":{"type":"Polygon","coordinates":[[[-71.70309279597215,43.13806048708951],[-71.70313484997925,43.13806921962059],[-71.70156861492308,43.13212784280144],[-71.70106650283643,43.13007102057486],[-71.7009917833487,43.12976493151131],[-71.70094056649442,43.129555119006376],[-71.70057068547672,43.12803984266141],[-71.69901915999509,43.12844212547389],[-71.69666315871505,43.12888324387422],[-71.6965475446126,43.12890488873699],[-71.69606571405824,43.12899509603777],[-71.69609815794848,43.12912521733153],[-71.6961249463011,43.12923265157134],[-71.6982133254592,43.1376070033524],[-71.69851318351374,43.13759430997697],[-71.69881335874041,43.137586636804016],[-71.69911369511023,43.13758398657575],[-71.69941403659399,43.13758636113595],[-71.69971422470282,43.13759375963018],[-71.70001410463314,43.137606177603914],[-71.70000427078382,43.137654976196316],[-71.70060665066535,43.137723950072726],[-71.70062431058821,43.137660397329014],[-71.70309279597215,43.13806048708951]]],"crs":null},"id":659228,"type":"Feature","properties":{"town":"Weare","name":"CamaID: 403-220-0000","pid":"000403000220000000","streetaddress":"732 CONCORD STAGE ROAD","townid":"4224","displayid":"403-220-0000","nh_gis_id":"064224-000403000220000000","objectid":659228}},{"geometry":{"type":"Polygon","coordinates":[[[-71.72425968040841,43.13799636498015],[-71.72427307015516,43.13801770546785],[-71.724290789862,43.1380372812655],[-71.72431241625533,43.13805462360244],[-71.72433743269484,43.13806931956464],[-71.72533825461772,43.13759363213017],[-71.72532228999133,43.13674596574361],[-71.72430172961795,43.13701270322471],[-71.7242770486217,43.137329965309384],[-71.72426177816261,43.137647543990646],[-71.72425592685222,43.13796529164198],[-71.72425968040841,43.13799636498015]]],"crs":null},"id":659229,"type":"Feature","properties":{"town":"Weare","name":"CamaID: 402-068-0000","pid":"000402000068000000","streetaddress":"45 HATFIELD ROAD","townid":"4224","displayid":"402-068-0000","nh_gis_id":"064224-000402000068000000","objectid":659229}},{"geometry":{"type":"Polygon","coordinates":[[[-71.66941428826605,43.136559132161544],[-71.66810287584143,43.13810890667425],[-71.6721837928054,43.1375250305795],[-71.67192181346854,43.13666002767344],[-71.67108760364627,43.13390546616115],[-71.67027994706287,43.13402972712642],[-71.67055112050525,43.134802679247315],[-71.67050361537554,43.134840823235656],[-71.67046277589627,43.134882905173015],[-71.67042920552883,43.13492830303756],[-71.67040339957532,43.134976346201945],[-71.67038573903287,43.13502632713498],[-71.67037648321822,43.135077507702704],[-71.67037576976708,43.13512913267032],[-71.67038360971686,43.135180440504215],[-71.67039988627661,43.135230672373496],[-71.67042435974274,43.135279089253025],[-71.6704566687271,43.135324974624076],[-71.67049633753163,43.13536765337775],[-71.67054277983478,43.135406493615704],[-71.67059530975419,43.135440922853064],[-71.67071876748399,43.135512816836],[-71.67076208081957,43.135535216615786],[-71.67080129408123,43.13556135488203],[-71.67083580988911,43.13559083289091],[-71.67086510214573,43.13562320148724],[-71.67088872341114,43.135657967405166],[-71.67097101588102,43.135780919564894],[-71.67113571555376,43.13605279413997],[-71.67114457831158,43.13611291531592],[-71.67114428773405,43.136173385210306],[-71.67113484496896,43.13623345849259],[-71.6711163679332,43.13629239522642],[-71.6710890839403,43.13634946897158],[-71.67105332970243,43.136403975785754],[-71.67100954518683,43.13645524502698],[-71.67095826992968,43.13650264295508],[-71.67090013689221,43.13654558623453],[-71.67083586139874,43.13658354553642],[-71.67076623622098,43.13661605364024],[-71.67069212051548,43.13664270903588],[-71.6706144263029,43.13666318312576],[-71.67053411232145,43.1366772238261],[-71.67045216804688,43.136684658268514],[-71.67036960262888,43.13668539460071],[-71.67028743505637,43.13667942378756],[-71.67020667817684,43.13666681961147],[-71.67012832640341,43.13664773687224],[-71.67005334587982,43.13662241138755],[-71.6699826609585,43.136591154591514],[-71.66991714313687,43.13655435263478],[-71.66980751136724,43.13668401438061],[-71.66968712562333,43.136620478210375],[-71.66952439746856,43.13666502848668],[-71.66941428826605,43.136559132161544]]],"crs":null},"id":659230,"type":"Feature","properties":{"town":"Weare","name":"CamaID: 403-158-0000","pid":"000403000158000000","streetaddress":"42 BOULDER HILL ROAD","townid":"4224","displayid":"403-158-0000","nh_gis_id":"064224-000403000158000000","objectid":659230}},{"geometry":{"type":"Polygon","coordinates":[[[-71.72433743269484,43.13806931956464],[-71.72436785185037,43.138081913630295],[-71.72440072323016,43.138090597067794],[-71.72443511611276,43.138095124601996],[-71.72591831483481,43.13788022863416],[-71.72595528649612,43.13786820228493],[-71.72598920950827,43.137852058384865],[-71.72601923244369,43.13783220154898],[-71.72604460844626,43.13780912815446],[-71.72606470136508,43.137783413735164],[-71.7260790090979,43.13775570216696],[-71.72608717463308,43.13772668495818],[-71.72601647874744,43.137001952787955],[-71.72601878333656,43.13694087771487],[-71.72602867586087,43.13688021007648],[-71.72604607443382,43.13682045490167],[-71.72607083201756,43.13676210915024],[-71.72596993151961,43.13657669035574],[-71.72532228999133,43.13674596574361],[-71.72533825461772,43.13759363213017],[-71.72433743269484,43.13806931956464]]],"crs":null},"id":659231,"type":"Feature","properties":{"town":"Weare","name":"CamaID: 402-069-0000","pid":"000402000069000000","streetaddress":"29 MEADOW DRIVE","townid":"4224","displayid":"402-069-0000","nh_gis_id":"064224-000402000069000000","objectid":659231}},{"geometry":{"type":"Polygon","coordinates":[[[-71.70544071425184,43.137286757632396],[-71.705605778482,43.13811659887796],[-71.70583378050634,43.1380836311097],[-71.7060601500583,43.1380450995773],[-71.70628463389664,43.138001045785124],[-71.70650698001673,43.13795151934059],[-71.7067269401083,43.13789657615272],[-71.70694426955495,43.13783627753193],[-71.707158722518,43.13777069019173],[-71.70724627806429,43.137565374702724],[-71.70704739507788,43.13723395853176],[-71.70667647178674,43.137084391771275],[-71.70544073069946,43.137260265996055],[-71.70544071425184,43.137286757632396]]],"crs":null},"id":659232,"type":"Feature","properties":{"town":"Weare","name":"CamaID: 403-231-0000","pid":"000403000231000000","streetaddress":"700B CONCORD STAGE ROAD","townid":"4224","displayid":"403-231-0000","nh_gis_id":"064224-000403000231000000","objectid":659232}},{"geometry":{"type":"Polygon","coordinates":[[[-71.66776565955108,43.13800109048507],[-71.66780503521635,43.138151513574144],[-71.66810287584143,43.13810890667425],[-71.66941428826605,43.136559132161544],[-71.66955695075522,43.13639053364666],[-71.66953421422036,43.136340317132614],[-71.6695040734903,43.136292236871434],[-71.66946689243066,43.136246876150516],[-71.66942312339931,43.13620478674861],[-71.66937329741225,43.1361664790351],[-71.6693180192263,43.136132418369534],[-71.6692579611934,43.136103017901085],[-71.66919385096897,43.13607863406873],[-71.66913331664341,43.136061637716246],[-71.6690709240618,43.13604873708762],[-71.66900719068221,43.13604004018826],[-71.66895162252808,43.13623113395682],[-71.66869391184946,43.13660629205825],[-71.66802428021347,43.13712391410355],[-71.66771910648424,43.13782325495547],[-71.66776565955108,43.13800109048507]]],"crs":null},"id":659233,"type":"Feature","properties":{"town":"Weare","name":"CamaID: 403-158-0004","pid":"000403000158000004","streetaddress":"30 BOULDER HILL ROAD","townid":"4224","displayid":"403-158-0004","nh_gis_id":"064224-000403000158000004","objectid":659233}},{"geometry":{"type":"Polygon","coordinates":[[[-71.67435018130344,43.137596089099034],[-71.67451196792895,43.13821325113883],[-71.67581625847993,43.137707696143735],[-71.67580416846026,43.137642131452964],[-71.67577582345172,43.13751495588807],[-71.6757389250065,43.13738896199847],[-71.67569356417827,43.137264458522715],[-71.67563985168387,43.13714175059557],[-71.67435018130344,43.137596089099034]]],"crs":null},"id":659234,"type":"Feature","properties":{"town":"Weare","name":"CamaID: 403-164-0000","pid":"000403000164000000","streetaddress":"31 REYNWOOD LANE","townid":"4224","displayid":"403-164-0000","nh_gis_id":"064224-000403000164000000","objectid":659234}},{"geometry":{"type":"Polygon","coordinates":[[[-71.68731575183858,43.13813886085388],[-71.68731966006384,43.13821390175463],[-71.68872192431151,43.13800661106183],[-71.68857875453664,43.137409438221056],[-71.68866138128422,43.13730336672804],[-71.68864253507313,43.13730128378488],[-71.68829998842786,43.13726023528253],[-71.68794213137348,43.137253238855166],[-71.68758440857282,43.13724320595344],[-71.68758706866464,43.13729785221988],[-71.68735243544593,43.1373114989622],[-71.68731575183858,43.13813886085388]]],"crs":null},"id":659235,"type":"Feature","properties":{"town":"Weare","name":"CamaID: 403-063-0000","pid":"000403000063000000","streetaddress":"889 CONCORD STAGE ROAD","townid":"4224","displayid":"403-063-0000","nh_gis_id":"064224-000403000063000000","objectid":659235}},{"geometry":{"type":"Polygon","coordinates":[[[-71.71184603501771,43.13987534343697],[-71.71247788517127,43.14155339763694],[-71.71792437683732,43.14041462766307],[-71.71685762583591,43.13598049868635],[-71.7153195493467,43.13627766953785],[-71.71415070955497,43.13650579511166],[-71.71403180144367,43.136528617481545],[-71.71391518133254,43.13655707556891],[-71.71380134690337,43.136591048554585],[-71.71369078230225,43.13663039132247],[-71.71358396182949,43.13667493715825],[-71.71348134010417,43.13672449415283],[-71.71338335452775,43.136778851501944],[-71.7130211706886,43.13694903404306],[-71.71293260183678,43.13699486989943],[-71.71283992525811,43.13703612014267],[-71.71274358331382,43.13707258925053],[-71.71264403436368,43.13710410239925],[-71.712541752769,43.137130509964045],[-71.71270627033115,43.137567951850286],[-71.71274294491012,43.137666176652665],[-71.71277148851057,43.137765839569056],[-71.71279179511357,43.137866577884814],[-71.71280379311494,43.13796802886967],[-71.71280743917666,43.13806982527966],[-71.7128027182289,43.13817159715694],[-71.71278964839169,43.13827297722915],[-71.71276827728597,43.13837359821002],[-71.71273868203639,43.13847309550034],[-71.71270269543295,43.138565068239046],[-71.71267430615158,43.138658454757575],[-71.71265361722647,43.13875292106182],[-71.71264070218788,43.13884812596677],[-71.71263560875373,43.13894372739621],[-71.71263835391021,43.13903937968403],[-71.71264892883192,43.13913473897316],[-71.71266729642223,43.13922946231653],[-71.7126933876255,43.13932320857877],[-71.71271451624204,43.13942299868469],[-71.71272640070167,43.139523605348394],[-71.71272898775965,43.13962457041439],[-71.71272226473212,43.139725433007925],[-71.71184603501771,43.13987534343697]]],"crs":null},"id":659236,"type":"Feature","properties":{"town":"Weare","name":"CamaID: 402-085-0000","pid":"000402000085000000","streetaddress":"BURNT HILL ROAD","townid":"4224","displayid":"402-085-0000","nh_gis_id":"064224-000402000085000000","objectid":659236}},{"geometry":{"type":"Polygon","coordinates":[[[-71.67756498206273,43.1410352191018],[-71.67837189762032,43.14156260781612],[-71.67856745832644,43.14152579553419],[-71.67853805507444,43.141476290871445],[-71.67851616214115,43.1414247429674],[-71.67850203899656,43.14137175850518],[-71.67849585168987,43.14131796487962],[-71.6784976728481,43.14126399759514],[-71.6784915788222,43.140947944187204],[-71.67806776585456,43.14095671153145],[-71.6775943696942,43.14032640041113],[-71.67681579274371,43.14070305275625],[-71.67756498206273,43.1410352191018]]],"crs":null},"id":659237,"type":"Feature","properties":{"town":"Weare","name":"CamaID: 403-089-0029","pid":"000403000089000029","streetaddress":"30 FOX HOLLOW DRIVE","townid":"4224","displayid":"403-089-0029","nh_gis_id":"064224-000403000089000029","objectid":659237}},{"geometry":{"type":"Polygon","coordinates":[[[-71.6943502849867,43.14104300521306],[-71.69448719098455,43.14158804750089],[-71.69919823626952,43.141189897964665],[-71.69901919243486,43.14062933109251],[-71.6943502849867,43.14104300521306]]],"crs":null},"id":659238,"type":"Feature","properties":{"town":"Weare","name":"CamaID: 403-019-0001","pid":"000403000019000001","streetaddress":"53 SUGAR HILL ROAD","townid":"4224","displayid":"403-019-0001","nh_gis_id":"064224-000403000019000001","objectid":659238}},{"geometry":{"type":"Polygon","coordinates":[[[-71.6786798168915,43.14117203660308],[-71.67868459742094,43.141247477337004],[-71.67869813249365,43.14132234644997],[-71.67872032123663,43.14139610025482],[-71.67875100500213,43.14146820317006],[-71.67878995999153,43.1415381304214],[-71.67883690340204,43.14160537524228],[-71.67889149465528,43.141669449774405],[-71.67977313774936,43.14121160267461],[-71.67971529645307,43.14093638635779],[-71.67971222807766,43.1409238241197],[-71.67867899589838,43.141122516366146],[-71.6786798168915,43.14117203660308]]],"crs":null},"id":659239,"type":"Feature","properties":{"town":"Weare","name":"CamaID: 403-089-0003","pid":"000403000089000003","streetaddress":"37 FOX HOLLOW DRIVE","townid":"4224","displayid":"403-089-0003","nh_gis_id":"064224-000403000089000003","objectid":659239}},{"geometry":{"type":"Polygon","coordinates":[[[-71.72254541161189,43.141070577784006],[-71.72260529686272,43.141691482002834],[-71.72291291958227,43.14163115752034],[-71.72468211226818,43.141305846856156],[-71.72462295947916,43.14120893985953],[-71.72456965387731,43.141110230458466],[-71.72452229887207,43.14100990674144],[-71.72448098558343,43.14090816220348],[-71.72444579160785,43.140805190345546],[-71.72254541161189,43.141070577784006]]],"crs":null},"id":659240,"type":"Feature","properties":{"town":"Weare","name":"CamaID: 402-079-0000","pid":"000402000079000000","streetaddress":"104 HATFIELD ROAD","townid":"4224","displayid":"402-079-0000","nh_gis_id":"064224-000402000079000000","objectid":659240}},{"geometry":{"type":"Polygon","coordinates":[[[-71.68749076922158,43.14030449717294],[-71.68914214834177,43.14179296564227],[-71.68920991770821,43.14173178666462],[-71.68928332435907,43.14167420085747],[-71.68936201191279,43.141620485529025],[-71.6894456030886,43.14157089998871],[-71.68953369233044,43.14152568374866],[-71.68962585686889,43.14148505382122],[-71.68972164934685,43.14144920832117],[-71.68829889537055,43.13959864039198],[-71.6882737564156,43.13961122483644],[-71.68820852982779,43.139667114381325],[-71.68811746798347,43.139794302967296],[-71.68806429066922,43.13990914864799],[-71.68805586828714,43.13997663588851],[-71.68800466280824,43.14006802938109],[-71.68795058861804,43.14011814758829],[-71.6878827360501,43.140175365162456],[-71.68772698067728,43.14006041779867],[-71.68763425687231,43.140062576303265],[-71.68758107197606,43.14010082020315],[-71.68756089843814,43.14014512691173],[-71.6875775388508,43.14019713583728],[-71.68755444523316,43.14021425023817],[-71.68749076922158,43.14030449717294]]],"crs":null},"id":659241,"type":"Feature","properties":{"town":"Weare","name":"CamaID: 403-053-0000","pid":"000403000053000000","streetaddress":"56 BEECH HILL ROAD","townid":"4224","displayid":"403-053-0000","nh_gis_id":"064224-000403000053000000","objectid":659241}},{"geometry":{"type":"Polygon","coordinates":[[[-71.67889737908341,43.14167574304083],[-71.67900168737421,43.14189867543797],[-71.67900556729319,43.14190678903138],[-71.67991499121196,43.14188654091916],[-71.67977313774936,43.14121160267461],[-71.67889149465528,43.141669449774405],[-71.67889737908341,43.14167574304083]]],"crs":null},"id":659242,"type":"Feature","properties":{"town":"Weare","name":"CamaID: 403-089-0004","pid":"000403000089000004","streetaddress":"41 FOX HOLLOW DRIVE","townid":"4224","displayid":"403-089-0004","nh_gis_id":"064224-000403000089000004","objectid":659242}},{"geometry":{"type":"Polygon","coordinates":[[[-71.67767444521446,43.14182920804341],[-71.67782034045635,43.141933481557636],[-71.67837189762032,43.14156260781612],[-71.67756498206273,43.1410352191018],[-71.67740450416616,43.14184159555226],[-71.677472052315,43.141888395536284],[-71.67748833490762,43.14189500294707],[-71.67750586975185,43.14189958038363],[-71.67752418970923,43.14190200546852],[-71.67754280306596,43.14190221343679],[-71.67756121443088,43.14190019893454],[-71.67757893211115,43.141896015118064],[-71.67759548163404,43.14188977365239],[-71.67761042295639,43.14188164200926],[-71.67762335660986,43.14187183716526],[-71.67767444521446,43.14182920804341]]],"crs":null},"id":659243,"type":"Feature","properties":{"town":"Weare","name":"CamaID: 403-089-0028","pid":"000403000089000028","streetaddress":"16 HUNTERS END","townid":"4224","displayid":"403-089-0028","nh_gis_id":"064224-000403000089000028","objectid":659243}},{"geometry":{"type":"Polygon","coordinates":[[[-71.66663269226835,43.141391113972375],[-71.66667563949733,43.14145439409223],[-71.66670964284222,43.14152052589552],[-71.66673435440173,43.14158883337284],[-71.66674952215102,43.14165861980893],[-71.66675498994313,43.14172916958313],[-71.6667507036568,43.14179976437187],[-71.66673670505203,43.14186968134825],[-71.6667131391472,43.141938205784314],[-71.66758610635341,43.141890650402864],[-71.6676108245045,43.14159640699353],[-71.6688829519368,43.14126383369856],[-71.66869893332087,43.140732528586206],[-71.66651017417645,43.14125393629035],[-71.66663269226835,43.141391113972375]]],"crs":null},"id":659244,"type":"Feature","properties":{"town":"Weare","name":"CamaID: 403-154-0000","pid":"000403000154000000","streetaddress":"30 SHERWOOD FOREST ROAD","townid":"4224","displayid":"403-154-0000","nh_gis_id":"064224-000403000154000000","objectid":659244}},{"geometry":{"type":"Polygon","coordinates":[[[-71.67456667050014,43.141901110164],[-71.67548786819997,43.14197395101579],[-71.67531613821293,43.14094730661041],[-71.67505011218047,43.14094313618779],[-71.67504409226287,43.14100343453064],[-71.67502918608538,43.141062900877564],[-71.67500556930808,43.1411208339902],[-71.67497352085246,43.14117655242426],[-71.67493341798668,43.141229400831406],[-71.67488573141048,43.14127875626093],[-71.67480533909179,43.14139832442539],[-71.6747330721203,43.141520642836944],[-71.67466910504918,43.1416454153471],[-71.67461359276757,43.1417723404064],[-71.67456667050014,43.141901110164]]],"crs":null},"id":659245,"type":"Feature","properties":{"town":"Weare","name":"CamaID: 403-093-0000","pid":"000403000093000000","streetaddress":"11 BLAKE ROAD","townid":"4224","displayid":"403-093-0000","nh_gis_id":"064224-000403000093000000","objectid":659245}},{"geometry":{"type":"Polygon","coordinates":[[[-71.70234194185889,43.141477543947346],[-71.7024811870073,43.14200018630145],[-71.70406562103499,43.14172090985333],[-71.70393315337186,43.14120035825909],[-71.70234194185889,43.141477543947346]]],"crs":null},"id":659246,"type":"Feature","properties":{"town":"Weare","name":"CamaID: 403-013-0002","pid":"000403000013000002","streetaddress":"48 LUFKIN ROAD","townid":"4224","displayid":"403-013-0002","nh_gis_id":"064224-000403000013000002","objectid":659246}},{"geometry":{"type":"Polygon","coordinates":[[[-71.68478470585855,43.141194331558516],[-71.68498819454504,43.142016131392474],[-71.68577477259818,43.14186132700759],[-71.68579990704752,43.14146708659354],[-71.68582084206905,43.141072715427036],[-71.68478470585855,43.141194331558516]]],"crs":null},"id":659247,"type":"Feature","properties":{"town":"Weare","name":"CamaID: 403-081-0000","pid":"000403000081000000","streetaddress":"54 WINDSONG HEIGHTS","townid":"4224","displayid":"403-081-0000","nh_gis_id":"064224-000403000081000000","objectid":659247}},{"geometry":{"type":"Polygon","coordinates":[[[-71.70416584464759,43.14136592816934],[-71.70434165812802,43.14205680004814],[-71.70567147214423,43.14173502282028],[-71.7052776133412,43.141103380538006],[-71.70453578332416,43.14124648425028],[-71.7045964515538,43.141422141437275],[-71.70436702981642,43.14147047646437],[-71.70432075939344,43.14133745394288],[-71.70416584464759,43.14136592816934]]],"crs":null},"id":659248,"type":"Feature","properties":{"town":"Weare","name":"CamaID: 403-008-0000","pid":"000403000008000000","streetaddress":"49 LUFKIN ROAD","townid":"4224","displayid":"403-008-0000","nh_gis_id":"064224-000403000008000000","objectid":659248}},{"geometry":{"type":"Polygon","coordinates":[[[-71.66487906417369,43.1413230815176],[-71.66508208919157,43.14208077607118],[-71.66649464558083,43.142012295761106],[-71.66651897634857,43.14194556538402],[-71.66654663094342,43.14188600385192],[-71.66656510913954,43.14182456637854],[-71.66657418355081,43.14176200909963],[-71.66657374357214,43.14169909985101],[-71.66656379537777,43.14163661276726],[-71.66654445946101,43.14157531748],[-71.66651597432023,43.14151596651579],[-71.66647869031118,43.14145928989561],[-71.66646409557154,43.14144294932649],[-71.66487906417369,43.1413230815176]]],"crs":null},"id":659249,"type":"Feature","properties":{"town":"Weare","name":"CamaID: 403-139-0000","pid":"000403000139000000","streetaddress":"27 SHERWOOD FOREST ROAD","townid":"4224","displayid":"403-139-0000","nh_gis_id":"064224-000403000139000000","objectid":659249}},{"geometry":{"type":"Polygon","coordinates":[[[-71.68402902219447,43.14061507992863],[-71.68445906805114,43.14212026310888],[-71.68498819454504,43.142016131392474],[-71.68478470585855,43.141194331558516],[-71.68454066717764,43.1402087432401],[-71.68445188274951,43.14002882021173],[-71.68432388753098,43.13976943731112],[-71.6842160291136,43.13924411957848],[-71.68394856977531,43.13794142586182],[-71.68322432447906,43.1380868066515],[-71.68341053752842,43.13856143513718],[-71.68390347965453,43.139484408205135],[-71.68421372320242,43.140585252956654],[-71.68402902219447,43.14061507992863]]],"crs":null},"id":659250,"type":"Feature","properties":{"town":"Weare","name":"CamaID: 403-085-0000","pid":"000403000085000000","streetaddress":"937 CONCORD STAGE ROAD","townid":"4224","displayid":"403-085-0000","nh_gis_id":"064224-000403000085000000","objectid":659250}},{"geometry":{"type":"Polygon","coordinates":[[[-71.68594772631528,43.14207073202879],[-71.68686165987943,43.14213447286617],[-71.68711970046793,43.14105457027361],[-71.68601155029836,43.141002157856796],[-71.6860091819139,43.14105394517605],[-71.68598272763899,43.141546095930664],[-71.68594975168355,43.14203803619934],[-71.68594772631528,43.14207073202879]]],"crs":null},"id":659251,"type":"Feature","properties":{"town":"Weare","name":"CamaID: 403-070-0000","pid":"000403000070000000","streetaddress":"57 WINDSONG HEIGHTS","townid":"4224","displayid":"403-070-0000","nh_gis_id":"064224-000403000070000000","objectid":659251}},{"geometry":{"type":"Polygon","coordinates":[[[-71.69262401381998,43.14158855470228],[-71.69285230172208,43.142181684293334],[-71.694371813876,43.14188704812681],[-71.69423914685909,43.141358874544885],[-71.69362556045503,43.14145096277748],[-71.69316770666698,43.141512491939274],[-71.69271005758797,43.14157483026283],[-71.69262401381998,43.14158855470228]]],"crs":null},"id":659252,"type":"Feature","properties":{"town":"Weare","name":"CamaID: 403-030-0000","pid":"000403000030000000","streetaddress":"3 BEECH HILL ROAD","townid":"4224","displayid":"403-030-0000","nh_gis_id":"064224-000403000030000000","objectid":659252}},{"geometry":{"type":"Polygon","coordinates":[[[-71.70330904121494,43.14207878598376],[-71.70338045857072,43.142239215998956],[-71.7041769936856,43.14215580746498],[-71.7041594054964,43.14208944018433],[-71.70406562103499,43.14172090985333],[-71.7024811870073,43.14200018630145],[-71.70253926949553,43.14221721206084],[-71.70292426908165,43.14214833854294],[-71.70330904121494,43.14207878598376]]],"crs":null},"id":659253,"type":"Feature","properties":{"town":"Weare","name":"CamaID: 403-012-0000","pid":"000403000012000000","streetaddress":"54 LUFKIN ROAD","townid":"4224","displayid":"403-012-0000","nh_gis_id":"064224-000403000012000000","objectid":659253}},{"geometry":{"type":"Polygon","coordinates":[[[-71.69450453992653,43.14165712040336],[-71.6946587622422,43.1422710895021],[-71.69654470483128,43.142138811611225],[-71.69636982227466,43.14150656192318],[-71.69450453992653,43.14165712040336]]],"crs":null},"id":659254,"type":"Feature","properties":{"town":"Weare","name":"CamaID: 403-019-0005","pid":"000403000019000005","streetaddress":"SUGAR HILL ROAD","townid":"4224","displayid":"403-019-0005","nh_gis_id":"064224-000403000019000005","objectid":659254}},{"geometry":{"type":"Polygon","coordinates":[[[-71.78448953881555,43.114315940992384],[-71.78456866701616,43.114456751763484],[-71.78464197352287,43.11459924367806],[-71.7847093941611,43.11474328809032],[-71.78477086597607,43.1148887527519],[-71.78537712120591,43.11480921370955],[-71.78456420409874,43.113303864453755],[-71.78443084655885,43.1133202775902],[-71.78429657944686,43.11333205477684],[-71.7841617025398,43.11333916959804],[-71.78402651686648,43.11334160734032],[-71.78401650111667,43.11333862367687],[-71.78400595571553,43.11333687827704],[-71.78399516211888,43.11333641766051],[-71.78398441154818,43.113337255031055],[-71.78397399146839,43.113339366689736],[-71.78396418191062,43.11334269653963],[-71.7839552456393,43.11334715429552],[-71.7839474232514,43.11335262268997],[-71.7839409233366,43.11335895208276],[-71.78393592250484,43.11336597486322],[-71.78393255309099,43.11337350096182],[-71.78393090686312,43.11338132954885],[-71.78393102765209,43.11338924994174],[-71.78393291136692,43.11339704970673],[-71.78393650846068,43.11340451915696],[-71.78448953881555,43.114315940992384]]],"crs":null},"id":659255,"type":"Feature","properties":{"town":"Weare","name":"CamaID: 101-087-0001","pid":"000101000087000001","streetaddress":"3 UPPER CRANEY HILL RD","townid":"4224","displayid":"101-087-0001","nh_gis_id":"064224-000101000087000001","objectid":659255}},{"geometry":{"type":"Polygon","coordinates":[[[-71.74112435121604,43.11491188936561],[-71.74114526183551,43.114984171274166],[-71.74217533222863,43.11495159176763],[-71.74175456024685,43.113657422832645],[-71.74166267930543,43.11337481631399],[-71.74140698072009,43.11340775038089],[-71.74115299636578,43.113447171121415],[-71.74090103573542,43.11349303063748],[-71.74065139971532,43.113545273837964],[-71.7409726549888,43.11452936199539],[-71.74112435121604,43.11491188936561]]],"crs":null},"id":659256,"type":"Feature","properties":{"town":"Weare","name":"CamaID: 202-003-0000","pid":"000202000003000000","streetaddress":"147 CONCORD STAGE ROAD","townid":"4224","displayid":"202-003-0000","nh_gis_id":"064224-000202000003000000","objectid":659256}},{"geometry":{"type":"Polygon","coordinates":[[[-71.75662679618044,43.11437715142403],[-71.7571263848636,43.11498145141682],[-71.7578632634828,43.114832758539755],[-71.75754007108607,43.114171675569175],[-71.75658280854472,43.11430821296903],[-71.75662679618044,43.11437715142403]]],"crs":null},"id":659257,"type":"Feature","properties":{"town":"Weare","name":"CamaID: 201-015-0000","pid":"000201000015000000","streetaddress":"411 NORTH STARK HIGHWAY","townid":"4224","displayid":"201-015-0000","nh_gis_id":"064224-000201000015000000","objectid":659257}},{"geometry":{"type":"Polygon","coordinates":[[[-71.74206879733627,43.113262732306204],[-71.74254971391441,43.115018767047175],[-71.74310917483236,43.1148606036685],[-71.7430217969603,43.11444402524633],[-71.74291403741763,43.11416396341966],[-71.74290510474732,43.113968932394],[-71.7429917033423,43.11383380460485],[-71.74297966807987,43.1137920703657],[-71.74297162946911,43.113748128965476],[-71.74296893054778,43.11368623029208],[-71.74299503076952,43.11363322310491],[-71.74301610762315,43.113611471054426],[-71.74304520964085,43.11357640386223],[-71.74302390691976,43.11353703513358],[-71.74299167616442,43.113502480550636],[-71.742999192999,43.113441980212016],[-71.74303432521762,43.11341276724694],[-71.743091707677,43.11339055166686],[-71.74311640792926,43.11335607970109],[-71.743121758335,43.11332311222724],[-71.74309944987169,43.113246633241324],[-71.74304038444394,43.113192915959104],[-71.74298230125997,43.11317019683911],[-71.74292924208763,43.11315235681514],[-71.74287018836402,43.113119762617266],[-71.74281904882302,43.11307942623711],[-71.74277619526963,43.11304186131973],[-71.74271707407898,43.11302706507308],[-71.7426525118362,43.113020787933564],[-71.74257555357924,43.113019522977496],[-71.74251209773696,43.11302365898899],[-71.74245216453603,43.11304177123446],[-71.74227129456631,43.11311109617227],[-71.74217344943605,43.11318935327564],[-71.74206879733627,43.113262732306204]]],"crs":null},"id":659258,"type":"Feature","properties":{"town":"Weare","name":"CamaID: 201-041-0000","pid":"000201000041000000","streetaddress":"133 CONCORD STAGE ROAD","townid":"4224","displayid":"201-041-0000","nh_gis_id":"064224-000201000041000000","objectid":659258}},{"geometry":{"type":"Polygon","coordinates":[[[-71.72430339054816,43.11589897704913],[-71.72498921081414,43.11674194592923],[-71.72580191568855,43.11622681336041],[-71.72554618989626,43.1150338784844],[-71.72486827988027,43.11511868200295],[-71.72470203393978,43.11457432214375],[-71.72437593903473,43.11413045298023],[-71.72395284647106,43.11418311706435],[-71.7233525290487,43.11426714361179],[-71.72326972979599,43.1142873941148],[-71.72331737378215,43.11468697627723],[-71.72430339054816,43.11589897704913]]],"crs":null},"id":659259,"type":"Feature","properties":{"town":"Weare","name":"CamaID: 202-069-0000","pid":"000202000069000000","streetaddress":"42 ROCKLAND ROAD","townid":"4224","displayid":"202-069-0000","nh_gis_id":"064224-000202000069000000","objectid":659259}},{"geometry":{"type":"Polygon","coordinates":[[[-71.68605702790153,43.11600316299798],[-71.68627830534362,43.11676461348875],[-71.6883457926745,43.11645134728485],[-71.68848075198405,43.11554651248682],[-71.68696563497454,43.11585045606196],[-71.68682821858492,43.115879793194125],[-71.6866894566515,43.11590550814975],[-71.68654952735262,43.11592756848738],[-71.68605702790153,43.11600316299798]]],"crs":null},"id":659260,"type":"Feature","properties":{"town":"Weare","name":"CamaID: 406-036-0000","pid":"000406000036000000","streetaddress":"80 DUNBAR ROAD","townid":"4224","displayid":"406-036-0000","nh_gis_id":"064224-000406000036000000","objectid":659260}},{"geometry":{"type":"Polygon","coordinates":[[[-71.69345231856796,43.11504062931324],[-71.69355485896057,43.11506440821561],[-71.69365983797215,43.11508155406548],[-71.69376645561967,43.11509193562224],[-71.69387390211186,43.11509547566003],[-71.69398136153423,43.115092146466324],[-71.69408801676677,43.11508197254129],[-71.6941930580871,43.1150650323959],[-71.69429568439828,43.11504145405091],[-71.69439511920444,43.11501141683288],[-71.69449060446685,43.114975148675036],[-71.69458141412086,43.114932926113724],[-71.69466686021822,43.114885069785615],[-71.69474629169846,43.114831943527314],[-71.6948191054462,43.11477395077166],[-71.69541356592707,43.11439970147587],[-71.69552565259444,43.114346761797854],[-71.69564152561736,43.114298395668925],[-71.69576083736014,43.11425474809192],[-71.69588323158254,43.11421594877042],[-71.69419933586818,43.10798372383978],[-71.69322735126455,43.10815759034409],[-71.69026772569649,43.10870641700955],[-71.6913346372074,43.11012774090502],[-71.69212729640545,43.11219591600161],[-71.69117178216375,43.1123610485922],[-71.69144216302149,43.113096962186454],[-71.69037539827458,43.115088870072555],[-71.69131981023324,43.11490538782108],[-71.69146721797857,43.11487940432569],[-71.69161628052686,43.11485911469719],[-71.69176659000924,43.114844574828766],[-71.69191773240847,43.11483582441393],[-71.6920692937023,43.114832888745894],[-71.6922208561753,43.11483577421733],[-71.69237200456386,43.11484447372032],[-71.69252232236823,43.114858963946375],[-71.69267139799513,43.114879203584856],[-71.69345231856796,43.11504062931324]]],"crs":null},"id":659261,"type":"Feature","properties":{"town":"Weare","name":"CamaID: 406-042-0000","pid":"000406000042000000","streetaddress":"DUNBAR ROAD","townid":"4224","displayid":"406-042-0000","nh_gis_id":"064224-000406000042000000","objectid":659261}},{"geometry":{"type":"Polygon","coordinates":[[[-71.73736290489728,43.11469369795262],[-71.73746355670453,43.1151007415664],[-71.73790020781087,43.11498879751558],[-71.73767698916679,43.114300437403166],[-71.73722831951662,43.11441221339616],[-71.73736290489728,43.11469369795262]]],"crs":null},"id":659262,"type":"Feature","properties":{"town":"Weare","name":"CamaID: 202-011-0000","pid":"000202000011000000","streetaddress":"189 CONCORD STAGE ROAD","townid":"4224","displayid":"202-011-0000","nh_gis_id":"064224-000202000011000000","objectid":659262}},{"geometry":{"type":"Polygon","coordinates":[[[-71.72470203393978,43.11457432214375],[-71.72486827988027,43.11511868200295],[-71.72554618989626,43.1150338784844],[-71.72547820691605,43.11480343986093],[-71.72541469013242,43.11457231837304],[-71.72535564937142,43.1143405608315],[-71.72534355338837,43.11431799999995],[-71.72470203393978,43.11457432214375]]],"crs":null},"id":659263,"type":"Feature","properties":{"town":"Weare","name":"CamaID: 202-070-0000","pid":"000202000070000000","streetaddress":"34/36 ROCKLAND ROAD","townid":"4224","displayid":"202-070-0000","nh_gis_id":"064224-000202000070000000","objectid":659263}},{"geometry":{"type":"Polygon","coordinates":[[[-71.67226442738789,43.113630346401415],[-71.67269998656425,43.115144466126395],[-71.67529203002965,43.11446793083041],[-71.67522439011964,43.11435424377976],[-71.67516552422875,43.11423796537196],[-71.675115616669,43.114119460171985],[-71.67507482471713,43.113999097245895],[-71.67504327370098,43.113877252861435],[-71.67504178114386,43.113870454054236],[-71.67490206288386,43.11311749472817],[-71.67458357426449,43.111620489573184],[-71.67447182109802,43.11157756135408],[-71.6743641723198,43.11152933079856],[-71.67426109608664,43.111476007624674],[-71.67391515079719,43.111349009189006],[-71.67356520963025,43.11122803112582],[-71.67427786401937,43.11324548327237],[-71.67375001619573,43.11334638383527],[-71.67226442738789,43.113630346401415]]],"crs":null},"id":659264,"type":"Feature","properties":{"town":"Weare","name":"CamaID: 406-018-0000","pid":"000406000018000000","streetaddress":"11 CILLEY HILL ROAD","townid":"4224","displayid":"406-018-0000","nh_gis_id":"064224-000406000018000000","objectid":659264}},{"geometry":{"type":"Polygon","coordinates":[[[-71.6595192237366,43.06943218926294],[-71.66213324868819,43.069511029695526],[-71.66214031428886,43.069449794241976],[-71.66215704259503,43.06938957635818],[-71.66218320760444,43.06933119248358],[-71.66221845317367,43.06927543564596],[-71.66226230284299,43.06922306105975],[-71.66255195287452,43.06887000968764],[-71.66259100240848,43.06881963947372],[-71.66262323167865,43.06876673863268],[-71.6626483398584,43.06871180225213],[-71.66266608996814,43.068655344324604],[-71.6626763186971,43.06859789414649],[-71.66267893026397,43.06853998731668],[-71.66267389764376,43.06848216663608],[-71.66265170489287,43.06830271642184],[-71.66263633534251,43.06826839156625],[-71.66261456650449,43.06823598114008],[-71.66258682561103,43.06820612337416],[-71.66255365898895,43.06817940519357],[-71.66214973028076,43.06816175207694],[-71.66166889936926,43.06815239465564],[-71.66143613070507,43.06813154806462],[-71.66123528464635,43.06806574091317],[-71.66109377049413,43.06799375665622],[-71.66106076853495,43.06797386312611],[-71.66120596534066,43.06879973129371],[-71.65929133547468,43.06905009395668],[-71.6595192237366,43.06943218926294]]],"crs":null},"id":659265,"type":"Feature","properties":{"town":"Weare","name":"CamaID: 409-159-0013","pid":"000409000159000013","streetaddress":"12 TRACIE LANE","townid":"4224","displayid":"409-159-0013","nh_gis_id":"064224-000409000159000013","objectid":659265}},{"geometry":{"type":"Polygon","coordinates":[[[-71.717559580277,43.069575055793315],[-71.71760399987606,43.06960925321661],[-71.71790324062322,43.069525254571516],[-71.71834820619776,43.06931591213359],[-71.71808098080709,43.06912380791502],[-71.71726358090372,43.069313589215824],[-71.71726672067464,43.06931692385041],[-71.71728855147349,43.069342920950824],[-71.71731677378675,43.069380319447326],[-71.71733986306144,43.0694107097009],[-71.71736292978245,43.069430094505094],[-71.71739923801226,43.06945202901201],[-71.7174346294108,43.069477316139846],[-71.71745353144583,43.069499635520586],[-71.71747741086259,43.06952623478753],[-71.71750867525391,43.06954802837203],[-71.717559580277,43.069575055793315]]],"crs":null},"id":659266,"type":"Feature","properties":{"town":"Weare","name":"CamaID: 108-021-0000","pid":"000108000021000000","streetaddress":"120 MARTIN ROAD","townid":"4224","displayid":"108-021-0000","nh_gis_id":"064224-000108000021000000","objectid":659266}},{"geometry":{"type":"Polygon","coordinates":[[[-71.71519168484242,43.069364482782994],[-71.71521066921086,43.06963377350317],[-71.71577179598172,43.06947361744007],[-71.71575506490461,43.06943539358122],[-71.71572884479568,43.069362546123514],[-71.71571252145074,43.06921659176779],[-71.71571370448669,43.069212808754465],[-71.71519168484242,43.069364482782994]]],"crs":null},"id":659267,"type":"Feature","properties":{"town":"Weare","name":"CamaID: 108-056-0000","pid":"000108000056000000","streetaddress":"157 PONDVIEW ROAD","townid":"4224","displayid":"108-056-0000","nh_gis_id":"064224-000108000056000000","objectid":659267}},{"geometry":{"type":"Polygon","coordinates":[[[-71.72452158727432,43.069534001022866],[-71.7244818126681,43.06967387932921],[-71.72657105470034,43.069583159691675],[-71.72643712310203,43.06917484058344],[-71.72644224479384,43.068999789420225],[-71.7247236208991,43.069019875731115],[-71.72470202281096,43.06910058945727],[-71.7245838695369,43.06937042518812],[-71.72452158727432,43.069534001022866]]],"crs":null},"id":659268,"type":"Feature","properties":{"town":"Weare","name":"CamaID: 408-018-0000","pid":"000408000018000000","streetaddress":"25 ORCHARD PATH ROAD","townid":"4224","displayid":"408-018-0000","nh_gis_id":"064224-000408000018000000","objectid":659268}},{"geometry":{"type":"Polygon","coordinates":[[[-71.71493139313587,43.06950003844863],[-71.71489510847898,43.06962295998923],[-71.71486399948496,43.069746642678325],[-71.71514533472204,43.06966899236862],[-71.71512604953608,43.0694554491741],[-71.71493139313587,43.06950003844863]]],"crs":null},"id":659269,"type":"Feature","properties":{"town":"Weare","name":"CamaID: 108-056-0000","pid":"000108000056000000","streetaddress":"157 PONDVIEW ROAD","townid":"4224","displayid":"108-056-0000","nh_gis_id":"064224-000108000056000000","objectid":659269}},{"geometry":{"type":"Polygon","coordinates":[[[-71.66232006220275,43.06956980801078],[-71.66231008610204,43.06979798762599],[-71.66704407702865,43.06930973313553],[-71.66677824659484,43.06821997751009],[-71.66500060343027,43.068549175011874],[-71.66505934392563,43.068846501403556],[-71.66514732998282,43.06918886175134],[-71.66350234896464,43.06939248486322],[-71.66244589728906,43.069249765159164],[-71.66244027598172,43.06925627406738],[-71.66240222444385,43.06930381773537],[-71.66237101765178,43.06935396943417],[-71.662346984706,43.06940620168334],[-71.66233037858845,43.06945996449413],[-71.66232137247756,43.06951469257076],[-71.66232006220275,43.06956980801078]]],"crs":null},"id":659270,"type":"Feature","properties":{"town":"Weare","name":"CamaID: 409-159-0007","pid":"000409000159000007","streetaddress":"21 TRACIE LANE","townid":"4224","displayid":"409-159-0007","nh_gis_id":"064224-000409000159000007","objectid":659270}},{"geometry":{"type":"Polygon","coordinates":[[[-71.71946055424966,43.068870704215875],[-71.71977633664098,43.069814391508785],[-71.72038554946482,43.06944552435173],[-71.72037030836874,43.06928195116564],[-71.72002183294262,43.068103894866006],[-71.71924974795769,43.06824071145144],[-71.71946055424966,43.068870704215875]]],"crs":null},"id":659271,"type":"Feature","properties":{"town":"Weare","name":"CamaID: 108-014-0000","pid":"000108000014000000","streetaddress":"141 MARTIN ROAD","townid":"4224","displayid":"108-014-0000","nh_gis_id":"064224-000108000014000000","objectid":659271}},{"geometry":{"type":"Polygon","coordinates":[[[-71.74048798804908,43.069360003311736],[-71.74140786335387,43.069847965191336],[-71.74258312222761,43.0686951646013],[-71.74258432487368,43.06865489748228],[-71.74167111236274,43.068188859685506],[-71.74048798804908,43.069360003311736]]],"crs":null},"id":659272,"type":"Feature","properties":{"town":"Weare","name":"CamaID: 408-004-0000","pid":"000408000004000000","streetaddress":"256 MAPLEWOLD ROAD","townid":"4224","displayid":"408-004-0000","nh_gis_id":"064224-000408000004000000","objectid":659272}},{"geometry":{"type":"Polygon","coordinates":[[[-71.71796607527595,43.06985423242677],[-71.71802704255786,43.069884074453505],[-71.7186162379557,43.06950859236324],[-71.71834820619776,43.06931591213359],[-71.71790324062322,43.069525254571516],[-71.71760399987606,43.06960925321661],[-71.7176384567724,43.06963860315495],[-71.71768850412955,43.069673560480496],[-71.71772187620334,43.06970053353333],[-71.71775814831464,43.06972889604109],[-71.71779684697609,43.06975917751142],[-71.71782943416119,43.069781226064094],[-71.71786766687737,43.06980332339113],[-71.7179185734972,43.06983035065077],[-71.71796607527595,43.06985423242677]]],"crs":null},"id":659273,"type":"Feature","properties":{"town":"Weare","name":"CamaID: 108-023-0000","pid":"000108000023000000","streetaddress":"126 MARTIN ROAD","townid":"4224","displayid":"108-023-0000","nh_gis_id":"064224-000108000023000000","objectid":659273}},{"geometry":{"type":"Polygon","coordinates":[[[-71.65668843459245,43.06989271323431],[-71.65674843712726,43.06989639293453],[-71.65679825432929,43.06987347626207],[-71.65687154670694,43.06981525698957],[-71.65695431364414,43.069735595571224],[-71.65697200752442,43.06965804849533],[-71.65689883282018,43.06955685798565],[-71.65684185783704,43.06947963849418],[-71.65679615789875,43.06941005787215],[-71.65657966884389,43.069496389423286],[-71.65636460090565,43.0692751620661],[-71.65664663221095,43.06915581130641],[-71.65664026417001,43.06914496912405],[-71.65660346032399,43.06902135300693],[-71.65656446377258,43.06889036880544],[-71.65579730222274,43.069068931500524],[-71.65590896085897,43.06919227678296],[-71.65609592467548,43.069386500065995],[-71.65626554923156,43.06954531065204],[-71.65641964279645,43.06969000225779],[-71.65652836233306,43.069788826082615],[-71.65658352845026,43.06984475029215],[-71.65664647971268,43.069881164014845],[-71.65668843459245,43.06989271323431]]],"crs":null},"id":659274,"type":"Feature","properties":{"town":"Weare","name":"CamaID: 409-145-0000","pid":"000409000145000000","streetaddress":"104 CHUCK STREET","townid":"4224","displayid":"409-145-0000","nh_gis_id":"064224-000409000145000000","objectid":659274}},{"geometry":{"type":"Polygon","coordinates":[[[-71.71521066921086,43.06963377350317],[-71.7152308517411,43.06989951163619],[-71.71579770773614,43.069752099400674],[-71.71583112358441,43.0696443457403],[-71.71581012637525,43.06957149605984],[-71.71577604087274,43.06948331672942],[-71.71577179598172,43.06947361744007],[-71.71521066921086,43.06963377350317]]],"crs":null},"id":659275,"type":"Feature","properties":{"town":"Weare","name":"CamaID: 108-057-0000","pid":"000108000057000000","streetaddress":"159 PONDVIEW ROAD","townid":"4224","displayid":"108-057-0000","nh_gis_id":"064224-000108000057000000","objectid":659275}},{"geometry":{"type":"Polygon","coordinates":[[[-71.76464587404735,43.06882376521546],[-71.76532364786178,43.06989369329327],[-71.76612278855879,43.06960302506154],[-71.76609365351858,43.06957464107813],[-71.76606407444227,43.069546505919206],[-71.76596091607144,43.06942587754763],[-71.76586497860721,43.06930208863267],[-71.76577644042244,43.06917536948084],[-71.76563031332711,43.068971061480255],[-71.7653934487417,43.06861223673294],[-71.76464587404735,43.06882376521546]]],"crs":null},"id":659276,"type":"Feature","properties":{"town":"Weare","name":"CamaID: 407-046-0000","pid":"000407000046000000","streetaddress":"INDIAN ROAD","townid":"4224","displayid":"407-046-0000","nh_gis_id":"064224-000407000046000000","objectid":659276}},{"geometry":{"type":"Polygon","coordinates":[[[-71.72251951457633,43.06940856259926],[-71.72266137755831,43.069984861841576],[-71.72442754202027,43.06931915771503],[-71.72444245920633,43.06928586196966],[-71.72452313023811,43.06913937646833],[-71.72459921108,43.06887262086742],[-71.72463183878324,43.06879225803764],[-71.72463500384919,43.0687829531966],[-71.72464263730194,43.06872594258083],[-71.7246313649704,43.068672509808515],[-71.72251951457633,43.06940856259926]]],"crs":null},"id":659277,"type":"Feature","properties":{"town":"Weare","name":"CamaID: 408-029-0000","pid":"000408000029000000","streetaddress":"22 ORCHARD PATH ROAD","townid":"4224","displayid":"408-029-0000","nh_gis_id":"064224-000408000029000000","objectid":659277}},{"geometry":{"type":"Polygon","coordinates":[[[-71.74913908745589,43.06888071072094],[-71.74957474394476,43.070006236948295],[-71.7547813528835,43.0690029132531],[-71.75476588937956,43.06888328111907],[-71.75463777853514,43.06841833751785],[-71.75460419492485,43.06832035752031],[-71.75456127945533,43.068224356047395],[-71.75450924279689,43.06813081001612],[-71.75444834470888,43.06804018460185],[-71.75437888789781,43.06795293144308],[-71.74913908745589,43.06888071072094]]],"crs":null},"id":659278,"type":"Feature","properties":{"town":"Weare","name":"CamaID: 407-108-0000","pid":"000407000108000000","streetaddress":"94 LAFRANCE ROAD","townid":"4224","displayid":"407-108-0000","nh_gis_id":"064224-000407000108000000","objectid":659278}},{"geometry":{"type":"Polygon","coordinates":[[[-71.70212386267069,43.06590138577921],[-71.70278082399632,43.070033262453826],[-71.70421045827256,43.06976124865829],[-71.70735038398163,43.069149924476335],[-71.70747399613505,43.06887984982866],[-71.70762705315721,43.068910273038234],[-71.71009213911579,43.068543227925915],[-71.7101346888879,43.06869393863234],[-71.7126356814542,43.068294698069735],[-71.71220218050863,43.06677827044844],[-71.71142396538613,43.06408795526294],[-71.71119809475442,43.06330706939414],[-71.71119699814395,43.0633032729079],[-71.71105039291217,43.062759510725265],[-71.71093737039772,43.06230275647146],[-71.71062844123418,43.06114346924692],[-71.71165594381195,43.06136048510686],[-71.71152433452335,43.061003432386855],[-71.7115184751039,43.06097659163241],[-71.71151849702892,43.06094941010888],[-71.7115243995638,43.060922574645765],[-71.71051293091195,43.060720316924495],[-71.70888087511139,43.06090037398835],[-71.70817648409744,43.0581936847974],[-71.70582447516078,43.05836781178023],[-71.70579304899937,43.05824605115742],[-71.70567709783013,43.05751763366654],[-71.70553159018856,43.05674478371087],[-71.70549841814017,43.05657943552946],[-71.70553615303507,43.05643002868823],[-71.7055327902866,43.055846146159176],[-71.70499226020063,43.055940109096355],[-71.70489543333134,43.05600677838207],[-71.70456793454089,43.05609234407455],[-71.70441993719535,43.05610315903121],[-71.70336703675498,43.05615476174007],[-71.70391047962015,43.05880354147338],[-71.70299945272572,43.058925198834174],[-71.70236282810896,43.05598556564846],[-71.70182755459192,43.05604333865817],[-71.70140464293299,43.05479049830913],[-71.70122273521798,43.054557726113046],[-71.70120523392542,43.05450389400441],[-71.7011443503544,43.05430782463746],[-71.7011022859346,43.05412275685449],[-71.70114572894859,43.053957472470906],[-71.70092901080125,43.05395207082713],[-71.70116706835634,43.05494178259896],[-71.70127824012509,43.05533832536357],[-71.70138777069896,43.05610219734182],[-71.70225997971235,43.05789858593066],[-71.70070709429324,43.05804540171783],[-71.7008369802351,43.05873500469984],[-71.70098825151375,43.05944889841783],[-71.70105685194075,43.05979289744308],[-71.7011640091276,43.0605664780793],[-71.70123743372335,43.06111986387657],[-71.70141268462923,43.06231279974509],[-71.70149180401874,43.06274943784793],[-71.70171508921347,43.063834320907866],[-71.70212386267069,43.06590138577921]]],"crs":null},"id":659279,"type":"Feature","properties":{"town":"Weare","name":"CamaID: 408-184-0001","pid":"000408000184000001","streetaddress":"BROWN RIDGE ROAD","townid":"4224","displayid":"408-184-0001","nh_gis_id":"064224-000408000184000001","objectid":659279}},{"geometry":{"type":"Polygon","coordinates":[[[-71.71846515495689,43.070067790297145],[-71.71850287873744,43.07007847081112],[-71.71882938381644,43.06965531730863],[-71.71863802136934,43.0695242525973],[-71.7186162379557,43.06950859236324],[-71.71802704255786,43.069884074453505],[-71.71807604755666,43.06991712371978],[-71.71811765396166,43.069940077307116],[-71.718180796376,43.0699661393684],[-71.71823636300086,43.0700007059952],[-71.71829370423323,43.07002399178954],[-71.71837924176828,43.07004523133725],[-71.71846515495689,43.070067790297145]]],"crs":null},"id":659280,"type":"Feature","properties":{"town":"Weare","name":"CamaID: 108-025-0000","pid":"000108000025000000","streetaddress":"130 MARTIN ROAD","townid":"4224","displayid":"108-025-0000","nh_gis_id":"064224-000108000025000000","objectid":659280}},{"geometry":{"type":"Polygon","coordinates":[[[-71.73690774039142,43.067168576658155],[-71.73847194439075,43.070094909479685],[-71.73938736244699,43.06988484433656],[-71.73943364399976,43.06972435457582],[-71.73939496512752,43.06952768975726],[-71.73941984488569,43.06951899902344],[-71.7393000001189,43.068784828763256],[-71.73914010921467,43.068071295703696],[-71.73888931536258,43.0680963898191],[-71.73878275216762,43.06783484652404],[-71.7378327160836,43.06725541872033],[-71.73768994850674,43.0669383951937],[-71.73747237693567,43.06699991430402],[-71.73721139112332,43.06707606770396],[-71.73690774039142,43.067168576658155]]],"crs":null},"id":659281,"type":"Feature","properties":{"town":"Weare","name":"CamaID: 408-010-0000","pid":"000408000010000000","streetaddress":"200 MAPLEWOLD ROAD","townid":"4224","displayid":"408-010-0000","nh_gis_id":"064224-000408000010000000","objectid":659281}},{"geometry":{"type":"Polygon","coordinates":[[[-71.74255458161457,43.06965098557846],[-71.74254112117062,43.07014269234086],[-71.74551954393861,43.06962662169177],[-71.74527389147497,43.06889702896525],[-71.74256369355057,43.069345809978174],[-71.74255458161457,43.06965098557846]]],"crs":null},"id":659282,"type":"Feature","properties":{"town":"Weare","name":"CamaID: 407-119-0001","pid":"000407000119000001","streetaddress":"50 SPARROW LANE","townid":"4224","displayid":"407-119-0001","nh_gis_id":"064224-000407000119000001","objectid":659282}},{"geometry":{"type":"Polygon","coordinates":[[[-71.65477763728296,43.07011051810617],[-71.65476976704669,43.07018005346304],[-71.65558738003978,43.070125796878834],[-71.65606105331963,43.06965342997631],[-71.65602074390729,43.06962101748468],[-71.65588068834326,43.06950064380373],[-71.65572490549621,43.06935788126642],[-71.6556187040354,43.069237070308006],[-71.65552633432372,43.06914219893983],[-71.65479756767522,43.06928053554425],[-71.65479102196049,43.06948575248379],[-71.65478778996523,43.06982497687268],[-71.65477763728296,43.07011051810617]]],"crs":null},"id":659283,"type":"Feature","properties":{"town":"Weare","name":"CamaID: 409-141-0000","pid":"000409000141000000","streetaddress":"31 CLOUGH PARK ROAD","townid":"4224","displayid":"409-141-0000","nh_gis_id":"064224-000409000141000000","objectid":659283}},{"geometry":{"type":"Polygon","coordinates":[[[-71.76346293757311,43.07016314345754],[-71.76346811746292,43.07017935740054],[-71.76365264404693,43.07017731891082],[-71.76383686147388,43.07016923035783],[-71.76402040137215,43.07015510915962],[-71.7642028953883,43.070134983538594],[-71.76438397887215,43.07010889341844],[-71.76456328965116,43.07007689132535],[-71.76474046802792,43.07003904058757],[-71.7649151604684,43.06999541803266],[-71.7653170016357,43.06989593684026],[-71.76532364786178,43.06989369329327],[-71.76464587404735,43.06882376521546],[-71.76403055922384,43.06899786529066],[-71.76363223528209,43.06815924500643],[-71.76183537805295,43.06847961908917],[-71.76182578072714,43.06849327451926],[-71.76164121532813,43.068705505652574],[-71.7614616235014,43.06892001878765],[-71.76136128108772,43.069048477530615],[-71.76346293757311,43.07016314345754]]],"crs":null},"id":659284,"type":"Feature","properties":{"town":"Weare","name":"CamaID: 407-055-0000","pid":"000407000055000000","streetaddress":"129 HODGDON ROAD","townid":"4224","displayid":"407-055-0000","nh_gis_id":"064224-000407000055000000","objectid":659284}},{"geometry":{"type":"Polygon","coordinates":[[[-71.7244863803627,43.07008950887828],[-71.72453445487749,43.070207653222575],[-71.72675273257708,43.0701370332138],[-71.72657105470034,43.069583159691675],[-71.7244818126681,43.06967387932921],[-71.72447283147736,43.06970546356021],[-71.7244356807119,43.06995801724596],[-71.7244863803627,43.07008950887828]]],"crs":null},"id":659285,"type":"Feature","properties":{"town":"Weare","name":"CamaID: 108-001-0000","pid":"000108000001000000","streetaddress":"37 ORCHARD PATH ROAD","townid":"4224","displayid":"108-001-0000","nh_gis_id":"064224-000108000001000000","objectid":659285}},{"geometry":{"type":"Polygon","coordinates":[[[-71.75942488705086,43.068918599334864],[-71.7598038137879,43.07018898037626],[-71.76061385618956,43.07011745432067],[-71.76063382739659,43.07000062763711],[-71.76066340783036,43.069884902062064],[-71.76070248758226,43.06977070075744],[-71.7607509235894,43.06965844240927],[-71.76080853963383,43.06954854032794],[-71.76087512265059,43.06944139614997],[-71.76094989216911,43.0693252867148],[-71.76095244918011,43.06932015725111],[-71.75942488705086,43.068918599334864]]],"crs":null},"id":659286,"type":"Feature","properties":{"town":"Weare","name":"CamaID: 407-086-0000","pid":"000407000086000000","streetaddress":"136 HODGDON ROAD","townid":"4224","displayid":"407-086-0000","nh_gis_id":"064224-000407000086000000","objectid":659286}},{"geometry":{"type":"Polygon","coordinates":[[[-71.71465066562398,43.070242747383844],[-71.71464140089617,43.07027000475236],[-71.71516099972045,43.0701759351296],[-71.71517917495154,43.070172644513484],[-71.71516470054435,43.069883415881996],[-71.71514533472204,43.06966899236862],[-71.71486399948496,43.069746642678325],[-71.71481330405037,43.06985114381767],[-71.71475767525975,43.06995428685222],[-71.71472900691612,43.069994943280605],[-71.71470926812722,43.07003836216913],[-71.71469893325745,43.07008349822822],[-71.71465066562398,43.070242747383844]]],"crs":null},"id":659287,"type":"Feature","properties":{"town":"Weare","name":"CamaID: 108-059-0000","pid":"000108000059000000","streetaddress":"163 PONDVIEW ROAD","townid":"4224","displayid":"108-059-0000","nh_gis_id":"064224-000108000059000000","objectid":659287}},{"geometry":{"type":"Polygon","coordinates":[[[-71.66231008610204,43.06979798762599],[-71.66228616013154,43.070345204225],[-71.66713460552347,43.069680844186436],[-71.66704407702865,43.06930973313553],[-71.66231008610204,43.06979798762599]]],"crs":null},"id":659288,"type":"Feature","properties":{"town":"Weare","name":"CamaID: 409-159-0008","pid":"000409000159000008","streetaddress":"25 TRACIE LANE","townid":"4224","displayid":"409-159-0008","nh_gis_id":"064224-000409000159000008","objectid":659288}},{"geometry":{"type":"Polygon","coordinates":[[[-71.71516099972045,43.0701759351296],[-71.71518878725735,43.07043222275964],[-71.71585085672326,43.07029365091888],[-71.71583364370936,43.07027955358475],[-71.71580676797379,43.070253414350674],[-71.71579385077483,43.070238889386246],[-71.71578634671553,43.07022397052386],[-71.71572426579638,43.07016085127459],[-71.71571630871536,43.070030476160504],[-71.71575026992258,43.06995185263096],[-71.71577370086028,43.06983418252215],[-71.71579770773614,43.069752099400674],[-71.7152308517411,43.06989951163619],[-71.71524985953371,43.07015916781724],[-71.71517917495154,43.070172644513484],[-71.71516099972045,43.0701759351296]]],"crs":null},"id":659289,"type":"Feature","properties":{"town":"Weare","name":"CamaID: 108-059-0000","pid":"000108000059000000","streetaddress":"163 PONDVIEW ROAD","townid":"4224","displayid":"108-059-0000","nh_gis_id":"064224-000108000059000000","objectid":659289}},{"geometry":{"type":"Polygon","coordinates":[[[-71.65880648243952,43.06965202029732],[-71.65940240512427,43.07045682873369],[-71.66004363134996,43.070311426591694],[-71.6595192237366,43.06943218926294],[-71.65929133547468,43.06905009395668],[-71.65701701973225,43.069347445708],[-71.65707525818303,43.06947216888935],[-71.65721429583716,43.06969564537203],[-71.65739501350258,43.06993735616276],[-71.65740788001489,43.06995187781399],[-71.65880648243952,43.06965202029732]]],"crs":null},"id":659290,"type":"Feature","properties":{"town":"Weare","name":"CamaID: 409-159-0001","pid":"000409000159000001","streetaddress":"101 CHUCK STREET","townid":"4224","displayid":"409-159-0001","nh_gis_id":"064224-000409000159000001","objectid":659290}},{"geometry":{"type":"Polygon","coordinates":[[[-71.74743285069061,43.068837361233335],[-71.7483351659688,43.070428071106186],[-71.75480007822462,43.06913592386853],[-71.75478988608064,43.069068928608765],[-71.7547813528835,43.0690029132531],[-71.74957474394476,43.070006236948295],[-71.74913908745589,43.06888071072094],[-71.74923874938817,43.068399377462455],[-71.74947217750723,43.0672719631872],[-71.74974335039484,43.06655941477937],[-71.74928438178034,43.06581093826573],[-71.74837158929623,43.065777563639905],[-71.74843164985526,43.064051128555164],[-71.74839282235065,43.06402491906874],[-71.74820528265212,43.0638982883658],[-71.74813809178752,43.065392330119515],[-71.74658720423022,43.06502795254937],[-71.74658679955287,43.065036818593555],[-71.74658712122941,43.06507746818726],[-71.74657905090767,43.065117685259004],[-71.7465627727546,43.06515654430503],[-71.74653866127282,43.06519314849249],[-71.74650727397221,43.065226657570115],[-71.74646933173919,43.06525629688423],[-71.74642570905316,43.06528138619158],[-71.74637741066816,43.065301345977325],[-71.74632554953915,43.06531571727518],[-71.7454156763235,43.06566551792673],[-71.74539653487435,43.065678018236106],[-71.74535071137925,43.0657069586671],[-71.74504718766535,43.065841851084606],[-71.7449699259201,43.06586735534325],[-71.74639143420104,43.0670013179829],[-71.74743285069061,43.068837361233335]]],"crs":null},"id":659291,"type":"Feature","properties":{"town":"Weare","name":"CamaID: 407-118-0000","pid":"000407000118000000","streetaddress":"282 MAPLEWOLD ROAD","townid":"4224","displayid":"407-118-0000","nh_gis_id":"064224-000407000118000000","objectid":659291}},{"geometry":{"type":"Polygon","coordinates":[[[-71.71253551269238,43.069471400251125],[-71.71291138023669,43.07050065675462],[-71.71461027400126,43.07002367603909],[-71.71464646742965,43.0699370242037],[-71.71469014695015,43.06985224606448],[-71.71474113109244,43.06976969005408],[-71.71490174857287,43.069447755685424],[-71.71511804181108,43.06938375057873],[-71.7150982829297,43.06903460534609],[-71.71253551269238,43.069471400251125]]],"crs":null},"id":659292,"type":"Feature","properties":{"town":"Weare","name":"CamaID: 108-055-0000","pid":"000108000055000000","streetaddress":"155 PONDVIEW ROAD","townid":"4224","displayid":"108-055-0000","nh_gis_id":"064224-000108000055000000","objectid":659292}},{"geometry":{"type":"Polygon","coordinates":[[[-71.76092194058344,43.06968618528239],[-71.7635617038508,43.07047226032704],[-71.76346811746292,43.07017935740054],[-71.76346293757311,43.07016314345754],[-71.76136128108772,43.069048477530615],[-71.76123298709037,43.06921981988469],[-71.76110951932039,43.069393058361634],[-71.76099093171864,43.06956812001878],[-71.76093902681708,43.06965659168923],[-71.76092194058344,43.06968618528239]]],"crs":null},"id":659293,"type":"Feature","properties":{"town":"Weare","name":"CamaID: 407-055-0001","pid":"000407000055000001","streetaddress":"133 HODGDON ROAD","townid":"4224","displayid":"407-055-0001","nh_gis_id":"064224-000407000055000001","objectid":659293}},{"geometry":{"type":"Polygon","coordinates":[[[-71.7358734657588,43.06747073891938],[-71.7365511810061,43.0705356478666],[-71.73847194439075,43.070094909479685],[-71.73690774039142,43.067168576658155],[-71.7366682758071,43.067241529909744],[-71.7358734657588,43.06747073891938]]],"crs":null},"id":659294,"type":"Feature","properties":{"town":"Weare","name":"CamaID: 408-011-0000","pid":"000408000011000000","streetaddress":"180 MAPLEWOLD ROAD","townid":"4224","displayid":"408-011-0000","nh_gis_id":"064224-000408000011000000","objectid":659294}},{"geometry":{"type":"Polygon","coordinates":[[[-71.71458239579322,43.07044360165032],[-71.71454163903763,43.07056766724404],[-71.71499688202617,43.07047238844673],[-71.71518878725735,43.07043222275964],[-71.71516099972045,43.0701759351296],[-71.71464140089617,43.07027000475236],[-71.71458239579322,43.07044360165032]]],"crs":null},"id":659295,"type":"Feature","properties":{"town":"Weare","name":"CamaID: 108-063-0000","pid":"000108000063000000","streetaddress":"138 PONDVIEW ROAD","townid":"4224","displayid":"108-063-0000","nh_gis_id":"064224-000108000063000000","objectid":659295}},{"geometry":{"type":"Polygon","coordinates":[[[-71.72266137755831,43.069984861841576],[-71.72277555817446,43.070566495318296],[-71.72429715425565,43.06998972889706],[-71.7242931653948,43.069941562918345],[-71.7243249440126,43.069717996494425],[-71.72434351363414,43.069567692385284],[-71.72437314898185,43.06944056291677],[-71.72442754202027,43.06931915771503],[-71.72266137755831,43.069984861841576]]],"crs":null},"id":659296,"type":"Feature","properties":{"town":"Weare","name":"CamaID: 108-009-0000","pid":"000108000009000000","streetaddress":"34 ORCHARD PATH ROAD","townid":"4224","displayid":"108-009-0000","nh_gis_id":"064224-000108000009000000","objectid":659296}},{"geometry":{"type":"Polygon","coordinates":[[[-71.65277477525254,43.070639663310445],[-71.65274245488752,43.070678970614765],[-71.65288169846835,43.070676039418714],[-71.65446844030305,43.070642622543055],[-71.65455539336166,43.07007681502309],[-71.65309926848659,43.070362648554756],[-71.65281163117729,43.0705948385166],[-71.65277477525254,43.070639663310445]]],"crs":null},"id":659297,"type":"Feature","properties":{"town":"Weare","name":"CamaID: 409-108-0000","pid":"000409000108000000","streetaddress":"40 CLOUGH PARK ROAD","townid":"4224","displayid":"409-108-0000","nh_gis_id":"064224-000409000108000000","objectid":659297}},{"geometry":{"type":"Polygon","coordinates":[[[-71.65159771934857,43.07018055929182],[-71.65274245488752,43.070678970614765],[-71.65277477525254,43.070639663310445],[-71.65281163117729,43.0705948385166],[-71.65309926848659,43.070362648554756],[-71.65455539336166,43.07007681502309],[-71.65455595762778,43.06989860432598],[-71.65455278327862,43.069545462672174],[-71.65455223708214,43.06937619591101],[-71.65456148505457,43.06912566660425],[-71.65455763703142,43.06894530670931],[-71.65457682945703,43.068766240085544],[-71.65459657321367,43.06857380241247],[-71.65460864834651,43.06842410120924],[-71.6546313407522,43.06826439844797],[-71.65467223419617,43.0681582341945],[-71.65474096685871,43.06805425573625],[-71.65478359027075,43.06798434229703],[-71.65480533564599,43.06791278837329],[-71.65479259883976,43.067778679976016],[-71.6547710600243,43.067493228952976],[-71.65475621370442,43.06719617723745],[-71.65306863848761,43.06743291712999],[-71.65166778476876,43.06751601761888],[-71.65157937713357,43.06752126118314],[-71.65157348106916,43.06754768484839],[-71.65150589286462,43.067701263541544],[-71.65141102098164,43.06783928814974],[-71.65126318707954,43.067959226580825],[-71.65109023266874,43.06806326443082],[-71.65098113275145,43.06816870334596],[-71.65090108941315,43.068272813911946],[-71.65077876632049,43.06840399111893],[-71.6507033007175,43.06856023451949],[-71.65070280105057,43.068687840493375],[-71.65085142707267,43.06995859150961],[-71.65110487551861,43.07015384117542],[-71.65159771934857,43.07018055929182]]],"crs":null},"id":659298,"type":"Feature","properties":{"town":"Weare","name":"CamaID: 409-109-0000","pid":"000409000109000000","streetaddress":"20 CLOUGH PARK ROAD","townid":"4224","displayid":"409-109-0000","nh_gis_id":"064224-000409000109000000","objectid":659298}},{"geometry":{"type":"Polygon","coordinates":[[[-71.75507565564887,43.109239312480234],[-71.75502457058636,43.10946394768301],[-71.75506520867793,43.109421008288926],[-71.75511157788186,43.10938130863318],[-71.75516320085593,43.10934525595111],[-71.7552195449261,43.10931322331485],[-71.75528003067238,43.10928553972528],[-71.7553440343858,43.10926249011031],[-71.75533496883487,43.10925331548601],[-71.75532792915762,43.10924323012797],[-71.75532308524636,43.10923247424809],[-71.75532054803881,43.10922130070613],[-71.75532038057406,43.10920997410101],[-71.75533552880427,43.1091603562514],[-71.75565428498389,43.10826699977457],[-71.75620857229531,43.10841431363928],[-71.75576113922718,43.10753169227021],[-71.75540922311619,43.106837469118524],[-71.7541087378152,43.10716995948599],[-71.75420185846117,43.10746899412381],[-71.75437947046927,43.10744064523781],[-71.75448024230336,43.107762303840964],[-71.75450224599126,43.10791956864739],[-71.75434703870341,43.10797931890762],[-71.75440070569485,43.10812935186478],[-71.75461875071092,43.10830439018381],[-71.75490438497201,43.10845207497353],[-71.75516451941122,43.10854299206222],[-71.75532933392249,43.10858134459332],[-71.75507565564887,43.109239312480234]]],"crs":null},"id":659299,"type":"Feature","properties":{"town":"Weare","name":"CamaID: 201-112-0005","pid":"000201000112000005","streetaddress":"9 GRANDVIEW DRIVE","townid":"4224","displayid":"201-112-0005","nh_gis_id":"064224-000201000112000005","objectid":659299}},{"geometry":{"type":"Polygon","coordinates":[[[-71.75448907970387,43.10889770001767],[-71.75458585433744,43.10896709028549],[-71.75467643226054,43.10904083391833],[-71.75476044815458,43.10911863595886],[-71.75483756615517,43.10920018342393],[-71.75490747494081,43.109285147108196],[-71.75496989265503,43.10937318698111],[-71.75502457058636,43.10946394768301],[-71.75507565564887,43.109239312480234],[-71.75532933392249,43.10858134459332],[-71.75516451941122,43.10854299206222],[-71.75490438497201,43.10845207497353],[-71.75461875071092,43.10830439018381],[-71.75440070569485,43.10812935186478],[-71.75434703870341,43.10797931890762],[-71.75450224599126,43.10791956864739],[-71.75448024230336,43.107762303840964],[-71.75437947046927,43.10744064523781],[-71.75420185846117,43.10746899412381],[-71.75367406978413,43.107801362890555],[-71.75375679917235,43.10793918135928],[-71.75383133418883,43.10807948775359],[-71.75386780378169,43.10817684398143],[-71.75391268899912,43.10827229443816],[-71.75396580626273,43.108365448583754],[-71.7540269376025,43.108455924904675],[-71.75409583557678,43.108543355411065],[-71.75418264277553,43.10863850816927],[-71.75427736994777,43.10872951675259],[-71.75437964679693,43.10881602586148],[-71.75448907970387,43.10889770001767]]],"crs":null},"id":659300,"type":"Feature","properties":{"town":"Weare","name":"CamaID: 201-100-0000","pid":"000201000100000000","streetaddress":"5 GRANDVIEW DRIVE","townid":"4224","displayid":"201-100-0000","nh_gis_id":"064224-000201000100000000","objectid":659300}},{"geometry":{"type":"Polygon","coordinates":[[[-71.78313627535005,43.10912893548958],[-71.7841341018393,43.109466773257225],[-71.78403330619118,43.10910993378606],[-71.7830113943547,43.10874403186206],[-71.78270397063075,43.10873401286704],[-71.7827019440925,43.108737598465986],[-71.78268546536457,43.10876052969231],[-71.78264913052035,43.10881812466823],[-71.78264070146652,43.10885341955118],[-71.782648066921,43.10889769914244],[-71.78267519652007,43.10898154960955],[-71.78269127116566,43.109010686848706],[-71.78270841351691,43.10903919649015],[-71.78272526103595,43.1090709650132],[-71.78274037609103,43.10910264707519],[-71.78303964704014,43.10909621930755],[-71.78313627535005,43.10912893548958]]],"crs":null},"id":659301,"type":"Feature","properties":{"town":"Weare","name":"CamaID: 101-075-0000","pid":"000101000075000000","streetaddress":"29 PUTNEY BROOK ROAD","townid":"4224","displayid":"101-075-0000","nh_gis_id":"064224-000101000075000000","objectid":659301}},{"geometry":{"type":"Polygon","coordinates":[[[-71.724460350974,43.109396537405495],[-71.72453034758253,43.10951475267501],[-71.72474781818602,43.109485450250595],[-71.72496361195513,43.109450111782614],[-71.7251774155859,43.10940878964996],[-71.72538892069832,43.109361543432584],[-71.72559782260905,43.10930844081222],[-71.72580381787616,43.10924955937363],[-71.72619486360036,43.10909147093144],[-71.72592831488734,43.1091561310855],[-71.72573699589714,43.10903769760867],[-71.72568876307862,43.1090088318054],[-71.72564639243863,43.108975390138255],[-71.72561068316996,43.108938006816054],[-71.72558231044,43.10889738722415],[-71.72556181186913,43.10885429982945],[-71.7254702675897,43.108754596378745],[-71.72537115930623,43.108658853845455],[-71.72526480798786,43.10856737900089],[-71.72515155424213,43.10848046600395],[-71.72505918540976,43.10840384639071],[-71.72496017700757,43.10833181550931],[-71.72485495318735,43.10826468098237],[-71.72474396510317,43.108202729715536],[-71.72462768599786,43.10814622880065],[-71.72450661365286,43.108095417413125],[-71.72438126793908,43.10805051491524],[-71.72425641604673,43.1080027270121],[-71.72412884191947,43.10795897036449],[-71.72399878641588,43.107919328557834],[-71.72336473814451,43.106743921218744],[-71.72338304235603,43.10682784416607],[-71.72339273887124,43.10691253381419],[-71.72339377439066,43.10699751760645],[-71.72338723582133,43.10708643255939],[-71.72337340902482,43.10717489834123],[-71.7233523452735,43.10726259446618],[-71.72332411918711,43.107349204036296],[-71.72328679576441,43.107442736745504],[-71.72325702922075,43.107537712264325],[-71.72323492494644,43.10763380558793],[-71.72323258224404,43.10771003876587],[-71.7232400150915,43.10778609697934],[-71.72325715656385,43.10786130873877],[-71.72328385742576,43.10793500889391],[-71.72331988122444,43.10800654763831],[-71.72336490920573,43.10807529410764],[-71.72348701441827,43.108272874891405],[-71.72360176707753,43.10847280771907],[-71.72370908098779,43.108674945928996],[-71.72377678995439,43.10881805498994],[-71.72380383949184,43.10887584537738],[-71.72385337180728,43.1088644875958],[-71.72390474885988,43.10885909334214],[-71.72395664146006,43.10885980190445],[-71.72400770798711,43.108866595951085],[-71.72405662878603,43.108879299713266],[-71.7241021368846,43.1088975834703],[-71.72414305731772,43.108920975231506],[-71.72417833170722,43.108948870624886],[-71.72424644370565,43.10903418971197],[-71.72430884018502,43.10912182325206],[-71.72436537719035,43.10921156699021],[-71.72441591935794,43.10930321036557],[-71.724460350974,43.109396537405495]]],"crs":null},"id":659302,"type":"Feature","properties":{"town":"Weare","name":"CamaID: 202-086-0000","pid":"000202000086000000","streetaddress":"BUZZELL HILL ROAD","townid":"4224","displayid":"202-086-0000","nh_gis_id":"064224-000202000086000000","objectid":659302}},{"geometry":{"type":"Polygon","coordinates":[[[-71.74328226409243,43.10947661614053],[-71.74366897593555,43.1095664285374],[-71.74464305307039,43.10941607110256],[-71.74437997888786,43.10853524104227],[-71.74436545326193,43.108486607060456],[-71.74405049012815,43.10839775308089],[-71.74392448845063,43.10835696007268],[-71.74372041592781,43.1083065724895],[-71.74356936680475,43.108274923595104],[-71.74341552477705,43.1082615541616],[-71.74332910672611,43.10826655578099],[-71.74328956743031,43.108287256282416],[-71.74320838118079,43.10833510561327],[-71.74296752448517,43.10839947141864],[-71.74285434858774,43.10840715319755],[-71.74271954379509,43.10843690500806],[-71.74260964727597,43.108457824846],[-71.74261090656357,43.108480673718795],[-71.74261771965085,43.108603376558925],[-71.74261923490303,43.10864941252969],[-71.74262861863079,43.10869494548738],[-71.74264572498966,43.1087392571977],[-71.74267028283748,43.108781645711204],[-71.74270190435426,43.10882144246053],[-71.74274008996353,43.10885801855895],[-71.74278423571643,43.10889079559771],[-71.74283364436323,43.108919257341206],[-71.74288753641389,43.10894295242072],[-71.74295233132423,43.1089827134952],[-71.74301067755769,43.109027516140635],[-71.74306184832204,43.10907680275175],[-71.74310520766188,43.10912995805217],[-71.74314021416195,43.10918632259403],[-71.74316643200491,43.10924519274972],[-71.74318353713599,43.1093058369105],[-71.7431913135829,43.10936749908892],[-71.74318158480865,43.109470481393416],[-71.74328226409243,43.10947661614053]]],"crs":null},"id":659303,"type":"Feature","properties":{"town":"Weare","name":"CamaID: 201-056-0000","pid":"000201000056000000","streetaddress":"75 WOODBURY ROAD","townid":"4224","displayid":"201-056-0000","nh_gis_id":"064224-000201000056000000","objectid":659303}},{"geometry":{"type":"Polygon","coordinates":[[[-71.75034764153533,43.109404370304034],[-71.75058426384942,43.109584234752965],[-71.7505907239701,43.10958971830075],[-71.75079315564447,43.10935879249993],[-71.75075320664827,43.10905195673056],[-71.75082543413627,43.10904457091361],[-71.75137383523303,43.108988487654436],[-71.75150837633585,43.10883135835722],[-71.75158923927431,43.10873691910921],[-71.75156742028878,43.108740996830306],[-71.75145324571888,43.108744916176356],[-71.75134407710767,43.10874756697678],[-71.75124527821872,43.10875768585246],[-71.7511344276682,43.10876839864498],[-71.75103558356693,43.108784112778686],[-71.75096035997119,43.10878529522033],[-71.75088425979268,43.10878604257936],[-71.75084572058006,43.108810516631394],[-71.75082039606916,43.108835908119126],[-71.7507595050543,43.108845114731224],[-71.75070792521336,43.10882896771706],[-71.75069462911091,43.1088017952961],[-71.7507388043269,43.10875249069177],[-71.75078882215531,43.10872526814491],[-71.75092799956165,43.10866303027313],[-71.75100899305001,43.10862023271985],[-71.75110692929175,43.10858955858915],[-71.75121874635796,43.108568089975286],[-71.75132741360189,43.10855489336936],[-71.75146929669307,43.10855765622209],[-71.75156657980108,43.108553340720434],[-71.75168541319576,43.10857278960155],[-71.75172265202929,43.10858110552704],[-71.7517557088902,43.10854249911423],[-71.75179207138683,43.10850003033854],[-71.75186478028654,43.10841511346732],[-71.75198638003866,43.1082300657052],[-71.75214197760232,43.10792510795266],[-71.75031827443155,43.108146845943836],[-71.75018000078529,43.10893216711435],[-71.74992725314561,43.10910026657551],[-71.75003841254038,43.10917167378306],[-71.75014564128705,43.109246237916],[-71.75024877091323,43.109323843887644],[-71.75034764153533,43.109404370304034]]],"crs":null},"id":659304,"type":"Feature","properties":{"town":"Weare","name":"CamaID: 201-075-0001","pid":"000201000075000001","streetaddress":"301 NORTH STARK HIGHWAY","townid":"4224","displayid":"201-075-0001","nh_gis_id":"064224-000201000075000001","objectid":659304}},{"geometry":{"type":"Polygon","coordinates":[[[-71.75005857706552,43.10959851036664],[-71.75008419323265,43.10964628667882],[-71.75016287635714,43.10963511319489],[-71.75026894064331,43.109635141070164],[-71.7503437819746,43.109626748167585],[-71.75040416155775,43.10961848642181],[-71.75022805143743,43.10948341538149],[-71.75012558053767,43.10940070679643],[-71.75010897733762,43.109387218279906],[-71.75005857706552,43.10959851036664]]],"crs":null},"id":659305,"type":"Feature","properties":{"town":"Weare","name":"CamaID: 201-067-0000","pid":"000201000067000000","streetaddress":"NORTH STARK HIGHWAY","townid":"4224","displayid":"201-067-0000","nh_gis_id":"064224-000201000067000000","objectid":659305}},{"geometry":{"type":"Polygon","coordinates":[[[-71.79491983330321,43.10914494026698],[-71.79490678316886,43.10923733488187],[-71.79490124057952,43.109330134254776],[-71.79490322577134,43.10942301070532],[-71.7949127319532,43.109515637482026],[-71.79492972530258,43.10960768696209],[-71.79496038236368,43.109557540599],[-71.79499780442528,43.1095099214955],[-71.79504160549102,43.10946531976606],[-71.79509133929801,43.10942419228608],[-71.79514649316836,43.10938695999914],[-71.79520650397565,43.1093540051985],[-71.79606586958026,43.109070993477495],[-71.79737064438996,43.10864127933077],[-71.79726264758115,43.10812037370564],[-71.79489572753799,43.1089085857287],[-71.79489620040752,43.10891263952704],[-71.79491112266172,43.10898963073554],[-71.79491901241812,43.109067178922075],[-71.79491983330321,43.10914494026698]]],"crs":null},"id":659306,"type":"Feature","properties":{"town":"Weare","name":"CamaID: 401-008-0002","pid":"000401000008000002","streetaddress":"23 CHASE HILL ROAD","townid":"4224","displayid":"401-008-0002","nh_gis_id":"064224-000401000008000002","objectid":659306}},{"geometry":{"type":"Polygon","coordinates":[[[-71.79042612986234,43.109250482639375],[-71.79112008935488,43.109631820681194],[-71.79157834530982,43.10890371620324],[-71.79137527050611,43.108621167202514],[-71.79124249118777,43.10868052267304],[-71.79111317937038,43.10874385473304],[-71.79098755596456,43.10881105423454],[-71.79046932295088,43.10909346932673],[-71.79039490709445,43.109143530391485],[-71.79031659473793,43.10919029112462],[-71.79042612986234,43.109250482639375]]],"crs":null},"id":659307,"type":"Feature","properties":{"town":"Weare","name":"CamaID: 401-012-0000","pid":"000401000012000000","streetaddress":"516 RESERVOIR DRIVE","townid":"4224","displayid":"401-012-0000","nh_gis_id":"064224-000401000012000000","objectid":659307}},{"geometry":{"type":"Polygon","coordinates":[[[-71.73945702709281,43.10939398605505],[-71.73954816670206,43.109685636239554],[-71.7415002146791,43.10903357104706],[-71.74145300391446,43.108932973727896],[-71.7424806041699,43.108251549207736],[-71.74245616083867,43.107829705414744],[-71.74244930284675,43.10776886080856],[-71.74241756435401,43.1075090968748],[-71.74238124646693,43.1072496555081],[-71.7409319751393,43.1075891409296],[-71.74077966112428,43.10881897155941],[-71.73834944727153,43.10839879396545],[-71.73834182616146,43.10855548451357],[-71.73833812797872,43.10871225091391],[-71.73833111246425,43.10888786877552],[-71.73832503803551,43.109063505845526],[-71.73832638129669,43.1093766343682],[-71.73945702709281,43.10939398605505]]],"crs":null},"id":659308,"type":"Feature","properties":{"town":"Weare","name":"CamaID: 201-047-0000","pid":"000201000047000000","streetaddress":"CENTER/WOODBURY ROAD","townid":"4224","displayid":"201-047-0000","nh_gis_id":"064224-000201000047000000","objectid":659308}},{"geometry":{"type":"Polygon","coordinates":[[[-71.78295151242197,43.10945955744093],[-71.78306926040999,43.109654731383394],[-71.78353929553538,43.10959477859242],[-71.78337381044304,43.10931893723555],[-71.7828153163613,43.109268825491924],[-71.7828044329529,43.10928936022431],[-71.78279059274335,43.10930622979747],[-71.78277298647372,43.10932093920171],[-71.78273998581102,43.1093408293476],[-71.78270578160502,43.109354483484346],[-71.78267203848313,43.1093611797941],[-71.78264327671916,43.10936690427161],[-71.78273929911558,43.10948781743757],[-71.78295151242197,43.10945955744093]]],"crs":null},"id":659309,"type":"Feature","properties":{"town":"Weare","name":"CamaID: 101-073-0000","pid":"000101000073000000","streetaddress":"50 WATERMAN ROAD","townid":"4224","displayid":"101-073-0000","nh_gis_id":"064224-000101000073000000","objectid":659309}},{"geometry":{"type":"Polygon","coordinates":[[[-71.67489584365967,43.10972803538096],[-71.67512157178868,43.109735835023486],[-71.67506913281248,43.10880523633387],[-71.67502460738764,43.10787441545052],[-71.67489749512498,43.10809812662285],[-71.67362674177399,43.108351805527484],[-71.67400876200999,43.109725150430364],[-71.67415586370782,43.109709801237905],[-71.67430393548773,43.109700764625636],[-71.67445247612733,43.10969807122944],[-71.67460097703088,43.10970173098455],[-71.6747489345138,43.10971173042431],[-71.67489584365967,43.10972803538096]]],"crs":null},"id":659310,"type":"Feature","properties":{"town":"Weare","name":"CamaID: 406-023-0000","pid":"000406000023000000","streetaddress":"441 SOUTH SUGAR HILL RD","townid":"4224","displayid":"406-023-0000","nh_gis_id":"064224-000406000023000000","objectid":659310}},{"geometry":{"type":"Polygon","coordinates":[[[-71.7299205504415,43.11645278249386],[-71.7302493538273,43.11678342907574],[-71.73089299874493,43.1165339987738],[-71.73085089350917,43.11647061598719],[-71.73086732651944,43.11646456398996],[-71.73080119238551,43.11634967847144],[-71.7306161450216,43.11614867355122],[-71.73057204343357,43.116172465132244],[-71.7303198951642,43.11629753717463],[-71.73022502616955,43.11634329646677],[-71.7299205504415,43.11645278249386]]],"crs":null},"id":659311,"type":"Feature","properties":{"town":"Weare","name":"CamaID: 202-095-0000","pid":"000202000095000000","streetaddress":"272 CONCORD STAGE ROAD","townid":"4224","displayid":"202-095-0000","nh_gis_id":"064224-000202000095000000","objectid":659311}},{"geometry":{"type":"Polygon","coordinates":[[[-71.72575301462251,43.07124950139662],[-71.72590203914771,43.07124628276773],[-71.72605108410639,43.07124898343731],[-71.72619970996787,43.071257595532444],[-71.72634748209573,43.07127209407674],[-71.72649396706285,43.07129243609195],[-71.72663873510817,43.07131856239708],[-71.72693331516518,43.070687493533825],[-71.72476363246393,43.070790618141096],[-71.72484494680025,43.070982877879246],[-71.72490835628415,43.07112735135933],[-71.72493714506285,43.07118926014462],[-71.7249932081622,43.07124370973612],[-71.72507818739783,43.07128050755672],[-71.72516084665662,43.071301087277455],[-71.72528849029901,43.0713048881805],[-71.7254387666594,43.07126879268693],[-71.72561356127355,43.07125548381764],[-71.72575301462251,43.07124950139662]]],"crs":null},"id":659312,"type":"Feature","properties":{"town":"Weare","name":"CamaID: 408-019-0000","pid":"000408000019000000","streetaddress":"11 WALLINGFORD TERRACE","townid":"4224","displayid":"408-019-0000","nh_gis_id":"064224-000408000019000000","objectid":659312}},{"geometry":{"type":"Polygon","coordinates":[[[-71.71514431573853,43.07105870891827],[-71.71528065427803,43.071327221535824],[-71.71537754415161,43.07129598141941],[-71.71541653293272,43.071283562305],[-71.71545352138243,43.07125390581751],[-71.71549653242363,43.07122899423288],[-71.71554444678809,43.07120947794374],[-71.71559601863201,43.07119586337096],[-71.71586302103877,43.07112144634563],[-71.71585132917183,43.07109328782199],[-71.71582236895746,43.07103582095148],[-71.71580585017753,43.07099341123908],[-71.71579326745595,43.070958193975436],[-71.71576780940433,43.070904141723084],[-71.71575812101509,43.07086314143515],[-71.71575926441756,43.070852739505405],[-71.71531716989217,43.071000814182604],[-71.71514431573853,43.07105870891827]]],"crs":null},"id":659313,"type":"Feature","properties":{"town":"Weare","name":"CamaID: 108-070-0000","pid":"000108000070000000","streetaddress":"114 PONDVIEW ROAD","townid":"4224","displayid":"108-070-0000","nh_gis_id":"064224-000108000070000000","objectid":659313}},{"geometry":{"type":"Polygon","coordinates":[[[-71.73376259672285,43.066976607263484],[-71.73288886609213,43.071365912659104],[-71.73392235883054,43.07113441059458],[-71.7352133435332,43.067621997243386],[-71.73519579055599,43.067621244413495],[-71.73509706538921,43.067599800270905],[-71.73499937575114,43.067550028027725],[-71.73492245775466,43.06749378280512],[-71.73484665089579,43.06741748291781],[-71.73476621935264,43.06735680005186],[-71.73461851353112,43.06725000456315],[-71.73452336223963,43.06719321809149],[-71.73437649641807,43.06712938052565],[-71.73426252686892,43.06710196936217],[-71.73416081677482,43.06708595058777],[-71.73396173122525,43.06705325399591],[-71.73382413948374,43.06700623441313],[-71.73376259672285,43.066976607263484]]],"crs":null},"id":659314,"type":"Feature","properties":{"town":"Weare","name":"CamaID: 408-013-0001","pid":"000408000013000001","streetaddress":"158 MAPLEWOLD ROAD","townid":"4224","displayid":"408-013-0001","nh_gis_id":"064224-000408000013000001","objectid":659314}},{"geometry":{"type":"Polygon","coordinates":[[[-71.73965111790154,43.07122451145056],[-71.74133390563189,43.071361620482605],[-71.74140814104237,43.06996130335577],[-71.74041363983496,43.069416336955285],[-71.74039285330575,43.069310951474336],[-71.74130551908287,43.0684069502269],[-71.74092017819544,43.06599693707686],[-71.74090973974555,43.065999772179076],[-71.74069860057723,43.06606835058064],[-71.74042242988462,43.06609876467024],[-71.74017683158804,43.06614938434575],[-71.74001942187044,43.066180953443684],[-71.74009270163408,43.06683809875512],[-71.74044227269489,43.06670597494442],[-71.74078008380107,43.0682621558072],[-71.7393000001189,43.068784828763256],[-71.73941984488569,43.06951899902344],[-71.73939496512752,43.06952768975726],[-71.73943364399976,43.06972435457582],[-71.73938736244699,43.06988484433656],[-71.73965111790154,43.07122451145056]]],"crs":null},"id":659315,"type":"Feature","properties":{"town":"Weare","name":"CamaID: 408-007-0001","pid":"000408000007000001","streetaddress":"242 MAPLEWOLD ROAD","townid":"4224","displayid":"408-007-0001","nh_gis_id":"064224-000408000007000001","objectid":659315}},{"geometry":{"type":"Polygon","coordinates":[[[-71.66241190471152,43.07089820730294],[-71.66269419153313,43.07141434665489],[-71.66731477066935,43.070419393320805],[-71.66722140487227,43.07003666220598],[-71.66241190471152,43.07089820730294]]],"crs":null},"id":659316,"type":"Feature","properties":{"town":"Weare","name":"CamaID: 409-159-0010","pid":"000409000159000010","streetaddress":"45 TRACIE LANE","townid":"4224","displayid":"409-159-0010","nh_gis_id":"064224-000409000159000010","objectid":659316}},{"geometry":{"type":"Polygon","coordinates":[[[-71.76083171369082,43.07116493555539],[-71.76174199868454,43.07140737580464],[-71.76210923073991,43.070950476245436],[-71.76077780104991,43.070536072294416],[-71.76080123688477,43.07069275332972],[-71.76081804448519,43.07084989169367],[-71.76082820637961,43.07100733617524],[-71.76083171369082,43.07116493555539]]],"crs":null},"id":659317,"type":"Feature","properties":{"town":"Weare","name":"CamaID: 407-057-0000","pid":"000407000057000000","streetaddress":"153 HODGDON ROAD","townid":"4224","displayid":"407-057-0000","nh_gis_id":"064224-000407000057000000","objectid":659317}},{"geometry":{"type":"Polygon","coordinates":[[[-71.73208739393726,43.070768592939594],[-71.73221618025092,43.07143969513277],[-71.73288886609213,43.071365912659104],[-71.73376259672285,43.066976607263484],[-71.7337038056294,43.06694830441673],[-71.73361642487494,43.066887020795136],[-71.73353255925471,43.06683017468305],[-71.73342290487699,43.066754049345036],[-71.73331161049245,43.06668811566321],[-71.73319613852087,43.06663938922128],[-71.73307342503027,43.06660502095139],[-71.73289556160637,43.06656743847294],[-71.73279548195607,43.066547981596734],[-71.73265774118892,43.06904739547184],[-71.73149215286297,43.069186862208525],[-71.7318842345905,43.07005490547982],[-71.73194715993564,43.070053620167755],[-71.73195556067972,43.070096456167406],[-71.73208739393726,43.070768592939594]]],"crs":null},"id":659318,"type":"Feature","properties":{"town":"Weare","name":"CamaID: 408-013-0003","pid":"000408000013000003","streetaddress":"154 MAPLEWOLD ROAD","townid":"4224","displayid":"408-013-0003","nh_gis_id":"064224-000408000013000003","objectid":659318}},{"geometry":{"type":"Polygon","coordinates":[[[-71.72899881782614,43.07097893624267],[-71.72933842568928,43.07147216240697],[-71.73208739393726,43.070768592939594],[-71.73195556067972,43.070096456167406],[-71.72899881782614,43.07097893624267]]],"crs":null},"id":659319,"type":"Feature","properties":{"town":"Weare","name":"CamaID: 408-023-0000","pid":"000408000023000000","streetaddress":"62 WALLINGFORD TERRACE","townid":"4224","displayid":"408-023-0000","nh_gis_id":"064224-000408000023000000","objectid":659319}},{"geometry":{"type":"Polygon","coordinates":[[[-71.74253587182491,43.07033445948743],[-71.74266513520145,43.07147006770287],[-71.74590741224496,43.070778561473176],[-71.74551954393861,43.06962662169177],[-71.74254112117062,43.07014269234086],[-71.74253587182491,43.07033445948743]]],"crs":null},"id":659320,"type":"Feature","properties":{"town":"Weare","name":"CamaID: 407-119-0002","pid":"000407000119000002","streetaddress":"SPARROW LANE","townid":"4224","displayid":"407-119-0002","nh_gis_id":"064224-000407000119000002","objectid":659320}},{"geometry":{"type":"Polygon","coordinates":[[[-71.7596048190176,43.02966544522855],[-71.7597065737121,43.02973779507435],[-71.76064572087458,43.02946169323495],[-71.76027887113491,43.02857608728148],[-71.75999198809328,43.028436822443],[-71.75905757350745,43.02943668323932],[-71.75906663902545,43.02943941065013],[-71.75916587192722,43.02948526908572],[-71.75930942288706,43.02953580578162],[-71.75943723256675,43.02957885120512],[-71.7596048190176,43.02966544522855]]],"crs":null},"id":659321,"type":"Feature","properties":{"town":"Weare","name":"CamaID: 410-212-0000","pid":"000410000212000000","streetaddress":"99 MOUNTAIN SCHOOL ROAD","townid":"4224","displayid":"410-212-0000","nh_gis_id":"064224-000410000212000000","objectid":659321}},{"geometry":{"type":"Polygon","coordinates":[[[-71.72995168573925,43.02886680883838],[-71.7302222773877,43.02979479447238],[-71.73133154449089,43.029566531601354],[-71.73136070802862,43.02956072519818],[-71.73178030603003,43.02947571061942],[-71.73009230665107,43.0246173866519],[-71.72964071949141,43.024763605721034],[-71.7294732283141,43.025118033669116],[-71.72950136802208,43.025867785660665],[-71.72955269647844,43.026629516035655],[-71.72984175670781,43.028250408478755],[-71.72995168573925,43.02886680883838]]],"crs":null},"id":659322,"type":"Feature","properties":{"town":"Weare","name":"CamaID: 411-351-0000","pid":"000411000351000000","streetaddress":"147 OLD FRANCESTOWN ROAD","townid":"4224","displayid":"411-351-0000","nh_gis_id":"064224-000411000351000000","objectid":659322}},{"geometry":{"type":"Polygon","coordinates":[[[-71.67649992936,43.029207304406626],[-71.6780398420755,43.02987667989382],[-71.67829754572416,43.029611403216684],[-71.67865479109092,43.0294831031999],[-71.67818616986173,43.028468111916006],[-71.67797130805356,43.0280027286864],[-71.67789860493487,43.02805714420002],[-71.67745950277333,43.02838480770025],[-71.67676807977945,43.02898683822803],[-71.67649992936,43.029207304406626]]],"crs":null},"id":659323,"type":"Feature","properties":{"town":"Weare","name":"CamaID: 412-235-0000","pid":"000412000235000000","streetaddress":"206 TWIN BRIDGE ROAD","townid":"4224","displayid":"412-235-0000","nh_gis_id":"064224-000412000235000000","objectid":659323}},{"geometry":{"type":"Polygon","coordinates":[[[-71.7672512898816,43.02878377600465],[-71.76708119597474,43.02984068770161],[-71.76834354889401,43.02967206064563],[-71.76816755280596,43.02884622231543],[-71.7681599578391,43.02884554851916],[-71.7672512898816,43.02878377600465]]],"crs":null},"id":659324,"type":"Feature","properties":{"town":"Weare","name":"CamaID: 410-225-0000","pid":"000410000225000000","streetaddress":"158 BOGUE ROAD","townid":"4224","displayid":"410-225-0000","nh_gis_id":"064224-000410000225000000","objectid":659324}},{"geometry":{"type":"Polygon","coordinates":[[[-71.76064572087458,43.02946169323495],[-71.76082519455736,43.02989494722071],[-71.76108480001122,43.029802148621826],[-71.76149522841122,43.02965176463971],[-71.76122034005586,43.02911914199466],[-71.76087135998101,43.02844294241375],[-71.76027887113491,43.02857608728148],[-71.76064572087458,43.02946169323495]]],"crs":null},"id":659325,"type":"Feature","properties":{"town":"Weare","name":"CamaID: 410-214-0000","pid":"000410000214000000","streetaddress":"15 BOGUE ROAD","townid":"4224","displayid":"410-214-0000","nh_gis_id":"064224-000410000214000000","objectid":659325}},{"geometry":{"type":"Polygon","coordinates":[[[-71.68915360375748,43.0281937104808],[-71.68898433723189,43.029931493472475],[-71.69133916447257,43.029659791075815],[-71.69108271526004,43.02837352379542],[-71.69105343528057,43.02822665935748],[-71.69066331404653,43.02626981867819],[-71.69128996678963,43.02617728710698],[-71.69098009459972,43.02521355041998],[-71.68874238354951,43.02556665473374],[-71.68910315850577,43.02699334375412],[-71.68752943141308,43.02719826110431],[-71.68783638967447,43.02838678812985],[-71.68915360375748,43.0281937104808]]],"crs":null},"id":659326,"type":"Feature","properties":{"town":"Weare","name":"CamaID: 411-218-0000","pid":"000411000218000000","streetaddress":"DUSTIN TAVERN ROAD","townid":"4224","displayid":"411-218-0000","nh_gis_id":"064224-000411000218000000","objectid":659326}},{"geometry":{"type":"Polygon","coordinates":[[[-71.7768274673339,43.020646715428164],[-71.77935362609776,43.02989782563424],[-71.77951234748916,43.02985487406325],[-71.77981010698828,43.029743511189764],[-71.78009488986083,43.02963418039232],[-71.78029901933678,43.02955076039162],[-71.7804738215415,43.02945202482218],[-71.7806841787251,43.02932780654165],[-71.78087017129906,43.02917422149617],[-71.78100333647708,43.02902559488268],[-71.78109884305013,43.02885632156381],[-71.78119132247792,43.028637745037784],[-71.78124501848409,43.02843354254051],[-71.78128077861791,43.028245424287704],[-71.78133724529762,43.02792630088262],[-71.78138981908882,43.02763267607779],[-71.78147512085943,43.027226072600094],[-71.78153521959372,43.02684167013139],[-71.78160840886478,43.02648674148273],[-71.78165391567745,43.026161038650535],[-71.78169330702056,43.02590764036938],[-71.78173708213939,43.02560709729877],[-71.78176459513448,43.025343946713576],[-71.78178533082975,43.02506526500701],[-71.78179502308271,43.02484970566113],[-71.78180246773945,43.02457974468955],[-71.78178846041125,43.02429821193003],[-71.78177540277751,43.02412106160506],[-71.7817603258898,43.02395252347879],[-71.781774422883,43.02383233412063],[-71.78122579586291,43.02204356206109],[-71.78101860247976,43.021400727110375],[-71.78081086865639,43.02070156466016],[-71.78070821948442,43.02018503996155],[-71.78064269950161,43.01985848545996],[-71.7798332140398,43.01999031921235],[-71.77888503859204,43.02025172857595],[-71.7768274673339,43.020646715428164]]],"crs":null},"id":659327,"type":"Feature","properties":{"town":"Weare","name":"CamaID: 410-273-0000","pid":"000410000273000000","streetaddress":"EBEN PAIGE ROAD","townid":"4224","displayid":"410-273-0000","nh_gis_id":"064224-000410000273000000","objectid":659327}},{"geometry":{"type":"Polygon","coordinates":[[[-71.67472149325236,43.02964474185048],[-71.6748009528466,43.02997721291663],[-71.67559420326411,43.02973058882052],[-71.67565040570227,43.02966645690097],[-71.67570096866011,43.02962717111108],[-71.67345453612356,43.02786727016346],[-71.67293244931727,43.027940461643226],[-71.67316041000839,43.02804376017073],[-71.67336593164555,43.02808302743882],[-71.67392895502672,43.02849079106736],[-71.6740321033356,43.028587625249095],[-71.67438648308291,43.02892031268038],[-71.67445354315787,43.029075067928844],[-71.67448078876298,43.02919213735735],[-71.67450282229463,43.02929092009091],[-71.67468932780409,43.02959269512887],[-71.67472149325236,43.02964474185048]]],"crs":null},"id":659328,"type":"Feature","properties":{"town":"Weare","name":"CamaID: 412-234-0003","pid":"000412000234000003","streetaddress":"171 TWIN BRIDGE ROAD","townid":"4224","displayid":"412-234-0003","nh_gis_id":"064224-000412000234000003","objectid":659328}},{"geometry":{"type":"Polygon","coordinates":[[[-71.70691086494854,43.029107604014065],[-71.7087007050586,43.029992172270575],[-71.70849508526939,43.0292112869519],[-71.70725026840351,43.02863070765426],[-71.70722860130925,43.02867028160563],[-71.70710967491627,43.02883775254767],[-71.70701291610736,43.02898663954849],[-71.70691086494854,43.029107604014065]]],"crs":null},"id":659329,"type":"Feature","properties":{"town":"Weare","name":"CamaID: 411-257-0000","pid":"000411000257000000","streetaddress":"158 OAK HILL ROAD","townid":"4224","displayid":"411-257-0000","nh_gis_id":"064224-000411000257000000","objectid":659329}},{"geometry":{"type":"Polygon","coordinates":[[[-71.75602073221516,43.03062967215025],[-71.75606792977011,43.03080884015242],[-71.7598000101628,43.03003861851775],[-71.75974317144014,43.02997064219239],[-71.75957970268205,43.02982035680586],[-71.7593911649425,43.02970054078999],[-71.75926007817739,43.029643935041626],[-71.75710759574912,43.030074853942786],[-71.75709822409357,43.03007673010993],[-71.75593967911547,43.030321984766076],[-71.75602073221516,43.03062967215025]]],"crs":null},"id":659330,"type":"Feature","properties":{"town":"Weare","name":"CamaID: 410-156-0000","pid":"000410000156000000","streetaddress":"102 MOUNTAIN SCHOOL ROAD","townid":"4224","displayid":"410-156-0000","nh_gis_id":"064224-000410000156000000","objectid":659330}},{"geometry":{"type":"Polygon","coordinates":[[[-71.71976772331959,43.03085642860384],[-71.7198339467139,43.03089105636213],[-71.72054659635289,43.03029458091818],[-71.7209520977636,43.02995517572809],[-71.72124074750342,43.02971357299244],[-71.72129530035815,43.02966791172802],[-71.72186178797396,43.02919374582935],[-71.7214847659292,43.02713587774629],[-71.72013076577537,43.02722933890439],[-71.71981756106544,43.02725095575937],[-71.71766682894558,43.02739937221295],[-71.71726221978183,43.02760022144207],[-71.71696561624414,43.027747453324054],[-71.71553365007375,43.02845825385126],[-71.71562905042639,43.028512058815146],[-71.71583730226662,43.02864170177883],[-71.71605083791697,43.028795220108634],[-71.7162610690039,43.02894251296131],[-71.71643109465899,43.02906679645199],[-71.71663005182442,43.02922816144698],[-71.71664584914568,43.029241393414075],[-71.71846480483754,43.02893772991869],[-71.71867578377875,43.0302466965625],[-71.71883294652562,43.03030299214202],[-71.7189889720401,43.03036209476831],[-71.71919171503838,43.03047237945844],[-71.71934951711026,43.03058058167716],[-71.71956330607273,43.030729569008415],[-71.71976772331959,43.03085642860384]]],"crs":null},"id":659331,"type":"Feature","properties":{"town":"Weare","name":"CamaID: 411-338-0000","pid":"000411000338000000","streetaddress":"BUXTON SCHOOL ROAD","townid":"4224","displayid":"411-338-0000","nh_gis_id":"064224-000411000338000000","objectid":659331}},{"geometry":{"type":"Polygon","coordinates":[[[-71.8006321493838,43.10431510566773],[-71.80138037430443,43.10448453617515],[-71.80171756563152,43.10314022224325],[-71.80089665643065,43.103064129726945],[-71.80086885800927,43.10333384743866],[-71.80084802428641,43.10352343169828],[-71.80081168961982,43.10370242930622],[-71.80076987427138,43.10388078250276],[-71.80072260011498,43.104058403040305],[-71.80067957906046,43.10418717125855],[-71.8006321493838,43.10431510566773]]],"crs":null},"id":659332,"type":"Feature","properties":{"town":"Weare","name":"CamaID: 404-003-0002","pid":"000404000003000002","streetaddress":"668 RESERVOIR DRIVE","townid":"4224","displayid":"404-003-0002","nh_gis_id":"064224-000404000003000002","objectid":659332}},{"geometry":{"type":"Polygon","coordinates":[[[-71.71145826704475,43.10195040257316],[-71.7121415867423,43.10456233052876],[-71.71383871894238,43.10432367829816],[-71.71317166977295,43.1018421684675],[-71.71284786393232,43.10063749620573],[-71.71269681938102,43.0999031004217],[-71.71266167316486,43.09973221856045],[-71.71251440450621,43.09906403421872],[-71.71245111823897,43.098776309726084],[-71.71076284261656,43.099068992999285],[-71.70972503842317,43.09922948588747],[-71.7097484975947,43.099351046817155],[-71.71101156605906,43.09915507941938],[-71.71158735171704,43.09906574135542],[-71.71169101758242,43.09933127400597],[-71.71179281658006,43.100684863358566],[-71.71115223581481,43.100780551286725],[-71.71132465919379,43.10143966812581],[-71.71145826704475,43.10195040257316]]],"crs":null},"id":659333,"type":"Feature","properties":{"town":"Weare","name":"CamaID: 203-091-0001","pid":"000203000091000001","streetaddress":"17 PEASLEE HILL ROAD","townid":"4224","displayid":"203-091-0001","nh_gis_id":"064224-000203000091000001","objectid":659333}},{"geometry":{"type":"Polygon","coordinates":[[[-71.66569465104345,43.13571900898065],[-71.66616887141824,43.13590412402181],[-71.6669818338798,43.13481720857552],[-71.66528605281123,43.135092983847905],[-71.66530832886242,43.13561305830584],[-71.66569465104345,43.13571900898065]]],"crs":null},"id":659334,"type":"Feature","properties":{"town":"Weare","name":"CamaID: 403-239-0000","pid":"000403000239000000","streetaddress":"122 SHERWOOD FOREST ROAD","townid":"4224","displayid":"403-239-0000","nh_gis_id":"064224-000403000239000000","objectid":659334}},{"geometry":{"type":"Polygon","coordinates":[[[-71.7262282843301,43.13490017651193],[-71.7271389891071,43.13589311096493],[-71.72721066422545,43.135882731150694],[-71.72728358648844,43.13587941416714],[-71.72735646416346,43.135883219207265],[-71.72742577380423,43.13589087246894],[-71.72749585951378,43.13589155985695],[-71.72756542452376,43.13588526945791],[-71.7276331771099,43.13587211718113],[-71.72769786255228,43.13585234764182],[-71.72775828156637,43.135826326049255],[-71.72781331611421,43.13579453639224],[-71.72786194291096,43.1357575661284],[-71.72591969423368,43.13410993250538],[-71.7262282843301,43.13490017651193]]],"crs":null},"id":659335,"type":"Feature","properties":{"town":"Weare","name":"CamaID: 402-067-0004","pid":"000402000067000004","streetaddress":"61 MEADOW DRIVE","townid":"4224","displayid":"402-067-0004","nh_gis_id":"064224-000402000067000004","objectid":659335}},{"geometry":{"type":"Polygon","coordinates":[[[-71.72259964665867,43.135118352697525],[-71.72260209735416,43.13595019704572],[-71.72373061387646,43.13585128136788],[-71.72365953980584,43.135641239818845],[-71.72313391809132,43.13547330058058],[-71.72310219728939,43.135520498892355],[-71.72288695694465,43.135470884649365],[-71.72305219237137,43.135226992944034],[-71.72298623938272,43.134995530977875],[-71.72259964665867,43.135118352697525]]],"crs":null},"id":659336,"type":"Feature","properties":{"town":"Weare","name":"CamaID: 402-082-0001","pid":"000402000082000001","streetaddress":"28 HATFIELD ROAD","townid":"4224","displayid":"402-082-0001","nh_gis_id":"064224-000402000082000001","objectid":659336}},{"geometry":{"type":"Polygon","coordinates":[[[-71.71793463198249,43.07340238804101],[-71.71813039632933,43.073432697021154],[-71.71851854432784,43.073241734015184],[-71.71849803566367,43.07321619745418],[-71.71846731769314,43.073181017516504],[-71.71843632576186,43.073133954583646],[-71.71840416456601,43.07308936493068],[-71.71838234677492,43.07304593541106],[-71.71837205580226,43.073020915405436],[-71.7183467387596,43.07297618941802],[-71.71834005860786,43.072933183332076],[-71.7183482346252,43.0728874331275],[-71.71836416288436,43.07284691119358],[-71.71837219844728,43.07281815441239],[-71.71837676311013,43.07275323586901],[-71.7183568770716,43.0727012529773],[-71.71833772250116,43.072678055308884],[-71.71830687855113,43.07267958961494],[-71.71829090480965,43.072698101566296],[-71.71828994295174,43.07271659684234],[-71.71829230357731,43.07275980921965],[-71.7182924734491,43.072782258420844],[-71.7182895510306,43.072807018846795],[-71.71826830210496,43.072835515131764],[-71.71823672591495,43.07284541950658],[-71.71820187891937,43.072843900419656],[-71.71816322976699,43.07282691275443],[-71.71811684866366,43.07281570132694],[-71.71804350665508,43.07287432708209],[-71.71800274450398,43.07293841569774],[-71.71799696982917,43.07300462740741],[-71.71798826123694,43.07304520996333],[-71.71794748590032,43.07309221698539],[-71.7178763798061,43.07310713489749],[-71.71793463198249,43.07340238804101]]],"crs":null},"id":659337,"type":"Feature","properties":{"town":"Weare","name":"CamaID: 108-082-0000","pid":"000108000082000000","streetaddress":"PONDSIDE ROAD","townid":"4224","displayid":"108-082-0000","nh_gis_id":"064224-000108000082000000","objectid":659337}},{"geometry":{"type":"Polygon","coordinates":[[[-71.76747746011038,43.07336652627401],[-71.76748438740452,43.07340373128936],[-71.76766793402851,43.07337712432198],[-71.76762367587901,43.07322651226536],[-71.76745451661249,43.0732433054695],[-71.76747746011038,43.07336652627401]]],"crs":null},"id":659338,"type":"Feature","properties":{"town":"Weare","name":"CamaID: 407-038-0130","pid":"000407000038000130","streetaddress":"194 BUCKLEY ROAD #130","townid":"4224","displayid":"407-038-0130","nh_gis_id":"064224-000407000038000130","objectid":659338}},{"geometry":{"type":"Polygon","coordinates":[[[-71.76621920405279,43.07327446047584],[-71.76622132574178,43.073411708048006],[-71.76647312385906,43.07341107554032],[-71.76647047310937,43.073272756334944],[-71.76621920405279,43.07327446047584]]],"crs":null},"id":659339,"type":"Feature","properties":{"town":"Weare","name":"CamaID: 407-038-0029","pid":"000407000038000029","streetaddress":"194 BUCKLEY ROAD #029","townid":"4224","displayid":"407-038-0029","nh_gis_id":"064224-000407000038000029","objectid":659339}},{"geometry":{"type":"Polygon","coordinates":[[[-71.76604838444939,43.07328154294037],[-71.76605613199185,43.073420360922434],[-71.76622132574178,43.073411708048006],[-71.76621920405279,43.07327446047584],[-71.76604838444939,43.07328154294037]]],"crs":null},"id":659340,"type":"Feature","properties":{"town":"Weare","name":"CamaID: 407-038-0040","pid":"000407000038000040","streetaddress":"194 BUCKLEY ROAD #040","townid":"4224","displayid":"407-038-0040","nh_gis_id":"064224-000407000038000040","objectid":659340}},{"geometry":{"type":"Polygon","coordinates":[[[-71.72033013164823,43.07344389916827],[-71.72035709907821,43.07345312493687],[-71.7204040673911,43.073441156768645],[-71.72034428753936,43.07325637505139],[-71.72029138930323,43.07307046846363],[-71.72024541326368,43.0728835756216],[-71.72005061342861,43.07288571904472],[-71.72002939423068,43.07291360442864],[-71.71998942095165,43.07293351586354],[-71.71994358800951,43.07294607294375],[-71.71989456618049,43.0729627893625],[-71.7198667117703,43.07297257993469],[-71.71985221813277,43.072994074569934],[-71.71984840854594,43.07302447589653],[-71.71983923461305,43.07305799519514],[-71.7198301501019,43.07309838182894],[-71.71982355870449,43.073136549291014],[-71.71982733249833,43.073186883101855],[-71.71983931166311,43.07323090832694],[-71.71985541953832,43.07327842698162],[-71.71989692529377,43.0733490996311],[-71.71991926236181,43.073376854002625],[-71.7199529781181,43.073411571267656],[-71.72000052085528,43.07342902496954],[-71.72004066496521,43.07343156362818],[-71.72010291649144,43.07343482738825],[-71.72016106830799,43.07343688770694],[-71.7202207372473,43.07343550414564],[-71.72026949260666,43.07343534089192],[-71.72033013164823,43.07344389916827]]],"crs":null},"id":659341,"type":"Feature","properties":{"town":"Weare","name":"CamaID: 108-031-0000","pid":"000108000031000000","streetaddress":"24 MT WILLIAM POND ROAD","townid":"4224","displayid":"108-031-0000","nh_gis_id":"064224-000108000031000000","objectid":659341}},{"geometry":{"type":"Polygon","coordinates":[[[-71.76514399288169,43.07325851715606],[-71.7651573610394,43.07342352523287],[-71.76552136916891,43.07338317282254],[-71.7655124717429,43.073218785641785],[-71.76514399288169,43.07325851715606]]],"crs":null},"id":659342,"type":"Feature","properties":{"town":"Weare","name":"CamaID: 407-038-0073","pid":"000407000038000073","streetaddress":"194 BUCKLEY ROAD #073","townid":"4224","displayid":"407-038-0073","nh_gis_id":"064224-000407000038000073","objectid":659342}},{"geometry":{"type":"Polygon","coordinates":[[[-71.76578861397296,43.073302579211884],[-71.76579644684942,43.073470324915014],[-71.76598518122655,43.07346744456397],[-71.76597587114598,43.07330073714849],[-71.76578861397296,43.073302579211884]]],"crs":null},"id":659343,"type":"Feature","properties":{"town":"Weare","name":"CamaID: 407-038-0053","pid":"000407000038000053","streetaddress":"194 BUCKLEY ROAD #053","townid":"4224","displayid":"407-038-0053","nh_gis_id":"064224-000407000038000053","objectid":659343}},{"geometry":{"type":"Polygon","coordinates":[[[-71.76561151875248,43.07346014473649],[-71.76579644684942,43.073470324915014],[-71.76578861397296,43.073302579211884],[-71.76560373719973,43.07329345757275],[-71.76561151875248,43.07346014473649]]],"crs":null},"id":659344,"type":"Feature","properties":{"town":"Weare","name":"CamaID: 407-038-0065","pid":"000407000038000065","streetaddress":"194 BUCKLEY ROAD #065","townid":"4224","displayid":"407-038-0065","nh_gis_id":"064224-000407000038000065","objectid":659344}},{"geometry":{"type":"Polygon","coordinates":[[[-71.76773771017118,43.07334536332289],[-71.76777999710191,43.073490241207686],[-71.76807812150659,43.07344220552234],[-71.76798306310398,43.07331506456911],[-71.76773771017118,43.07334536332289]]],"crs":null},"id":659345,"type":"Feature","properties":{"town":"Weare","name":"CamaID: 407-038-0119","pid":"000407000038000119","streetaddress":"194 BUCKLEY ROAD #119","townid":"4224","displayid":"407-038-0119","nh_gis_id":"064224-000407000038000119","objectid":659345}},{"geometry":{"type":"Polygon","coordinates":[[[-71.76057780406441,43.072519680417855],[-71.76438638235376,43.07349738779599],[-71.7642669708951,43.07328006147784],[-71.76394582018087,43.071994290858996],[-71.76174199868454,43.07140737580464],[-71.76083171369082,43.07116493555539],[-71.76083141389127,43.07116881012389],[-71.76077273359759,43.07183118555805],[-71.76075726849629,43.07194815165018],[-71.76073492520925,43.07206451937952],[-71.76070574633991,43.072180070866615],[-71.76066978677434,43.0722945900209],[-71.76062711245494,43.07240786344225],[-71.76057780406441,43.072519680417855]]],"crs":null},"id":659346,"type":"Feature","properties":{"town":"Weare","name":"CamaID: 407-058-0000","pid":"000407000058000000","streetaddress":"173 HODGDON ROAD","townid":"4224","displayid":"407-058-0000","nh_gis_id":"064224-000407000058000000","objectid":659346}},{"geometry":{"type":"Polygon","coordinates":[[[-71.76698429652058,43.07335511165357],[-71.76699622348573,43.0735037413307],[-71.76720109956312,43.07348803273964],[-71.76718880482278,43.073338561750056],[-71.76698429652058,43.07335511165357]]],"crs":null},"id":659347,"type":"Feature","properties":{"town":"Weare","name":"CamaID: 407-038-0017","pid":"000407000038000017","streetaddress":"194 BUCKLEY ROAD #017","townid":"4224","displayid":"407-038-0017","nh_gis_id":"064224-000407000038000017","objectid":659347}},{"geometry":{"type":"Polygon","coordinates":[[[-71.67085116076207,43.03000194813341],[-71.67089707933592,43.03007287387731],[-71.67106747534967,43.030246617285854],[-71.67127923614076,43.03041515306721],[-71.67147821515998,43.03057105144438],[-71.67172974963403,43.030721123030155],[-71.67183512549681,43.030776648262176],[-71.67194092115766,43.030831742193854],[-71.67224982133685,43.030991132173696],[-71.6738028603556,43.03010161250089],[-71.67408207345959,43.02994131871018],[-71.67468932780409,43.02959269512887],[-71.67450282229463,43.02929092009091],[-71.67448078876298,43.02919213735735],[-71.67445354315787,43.029075067928844],[-71.67438648308291,43.02892031268038],[-71.6740321033356,43.028587625249095],[-71.67254291290567,43.02924977355535],[-71.67227341679714,43.0293695975951],[-71.67085116076207,43.03000194813341]]],"crs":null},"id":659348,"type":"Feature","properties":{"town":"Weare","name":"CamaID: 110-064-0000","pid":"000110000064000000","streetaddress":"NEWMAN WILSON ROAD","townid":"4224","displayid":"110-064-0000","nh_gis_id":"064224-000110000064000000","objectid":659348}},{"geometry":{"type":"Polygon","coordinates":[[[-71.70844809208138,43.0306126954638],[-71.7089706248585,43.031017213699414],[-71.7087007050586,43.029992172270575],[-71.70691086494854,43.029107604014065],[-71.70689459650778,43.029126886969046],[-71.70680236848186,43.029225608172716],[-71.7066870693327,43.02933264327976],[-71.7065732543559,43.02943952022061],[-71.70643085691177,43.029536613084126],[-71.7075461705866,43.029914453571074],[-71.70844809208138,43.0306126954638]]],"crs":null},"id":659349,"type":"Feature","properties":{"town":"Weare","name":"CamaID: 411-258-0000","pid":"000411000258000000","streetaddress":"154 OAK HILL ROAD","townid":"4224","displayid":"411-258-0000","nh_gis_id":"064224-000411000258000000","objectid":659349}},{"geometry":{"type":"Polygon","coordinates":[[[-71.70475051085661,43.030747020613],[-71.70516958321919,43.03103120129113],[-71.70521280694533,43.03092164545082],[-71.70533983306404,43.030683041140435],[-71.70220788308393,43.028259549515354],[-71.70139691725743,43.028718488728565],[-71.70117400599153,43.02990065707715],[-71.70475051085661,43.030747020613]]],"crs":null},"id":659350,"type":"Feature","properties":{"town":"Weare","name":"CamaID: 411-242-0001","pid":"000411000242000001","streetaddress":"OAK HILL ROAD","townid":"4224","displayid":"411-242-0001","nh_gis_id":"064224-000411000242000001","objectid":659350}},{"geometry":{"type":"Polygon","coordinates":[[[-71.75312545350835,43.03093793810259],[-71.75321371525425,43.03108722917265],[-71.75384342979245,43.03092963935533],[-71.75414399661649,43.03085442010929],[-71.75421899320745,43.0294872817078],[-71.7553951620783,43.029352422752055],[-71.75563237356796,43.02932522256914],[-71.75536632763533,43.02838365850745],[-71.75496101238765,43.02694914132761],[-71.75626672132839,43.02687043607036],[-71.75607337428241,43.02619743658367],[-71.75433838078254,43.02636639946092],[-71.7541959279595,43.025881217040485],[-71.75234237592781,43.02611568749275],[-71.75191334341882,43.02453795613598],[-71.75145506100094,43.024589047541085],[-71.75094840074503,43.02472887959946],[-71.750512993169,43.02483050601447],[-71.74989464449237,43.02496077879901],[-71.75015297277145,43.02579558124069],[-71.75175376174982,43.03096812456717],[-71.75311376115364,43.03080508664034],[-71.75312545350835,43.03093793810259]]],"crs":null},"id":659351,"type":"Feature","properties":{"town":"Weare","name":"CamaID: 410-165-0000","pid":"000410000165000000","streetaddress":"40 MOUNTAIN SCHOOL ROAD","townid":"4224","displayid":"410-165-0000","nh_gis_id":"064224-000410000165000000","objectid":659351}},{"geometry":{"type":"Polygon","coordinates":[[[-71.69761869092179,43.02920212948811],[-71.69821550192108,43.031158391754055],[-71.69890787665656,43.03106883310004],[-71.70100370671298,43.03080377929446],[-71.70108744639948,43.030359700007466],[-71.70117400599153,43.02990065707715],[-71.70139691725743,43.028718488728565],[-71.69667791196808,43.02869297674478],[-71.6965453010383,43.02869225709828],[-71.69387655610696,43.02908187554121],[-71.69388762166226,43.02916628316624],[-71.69393736334442,43.02939990618967],[-71.69405792732861,43.02986029317189],[-71.69761869092179,43.02920212948811]]],"crs":null},"id":659352,"type":"Feature","properties":{"town":"Weare","name":"CamaID: 411-224-0002","pid":"000411000224000002","streetaddress":"DUSTIN TAVERN ROAD","townid":"4224","displayid":"411-224-0002","nh_gis_id":"064224-000411000224000002","objectid":659352}},{"geometry":{"type":"Polygon","coordinates":[[[-71.67824503420152,43.02810118761869],[-71.68024263237304,43.03117268521266],[-71.68051451402879,43.03074923861931],[-71.68120620431311,43.029671960186924],[-71.68120842068637,43.029668435722684],[-71.6802035840256,43.0274814931868],[-71.67899391476512,43.027118189756855],[-71.6788544277547,43.027247063813604],[-71.6790959469515,43.027383557431726],[-71.67824503420152,43.02810118761869]]],"crs":null},"id":659353,"type":"Feature","properties":{"town":"Weare","name":"CamaID: 411-191-0002","pid":"000411000191000002","streetaddress":"226 TWIN BRIDGE ROAD","townid":"4224","displayid":"411-191-0002","nh_gis_id":"064224-000411000191000002","objectid":659353}},{"geometry":{"type":"Polygon","coordinates":[[[-71.7168485648973,43.03094243062043],[-71.71778712643551,43.03116921917176],[-71.71747928833165,43.03075149543656],[-71.71724078299698,43.0302269147482],[-71.71750535511534,43.03002125893692],[-71.7174102887684,43.029990467458624],[-71.7172550137455,43.02989646348744],[-71.71709479894203,43.02980658247875],[-71.71694872419359,43.02969657883703],[-71.7167912679548,43.02956812281749],[-71.71666720504187,43.029481673933304],[-71.7166035688497,43.029425653261676],[-71.71624792431558,43.02963164806036],[-71.71621682702661,43.02970487270673],[-71.71676537898729,43.030581463923156],[-71.7168485648973,43.03094243062043]]],"crs":null},"id":659354,"type":"Feature","properties":{"town":"Weare","name":"CamaID: 411-325-0000","pid":"000411000325000000","streetaddress":"136 BUXTON SCHOOL ROAD","townid":"4224","displayid":"411-325-0000","nh_gis_id":"064224-000411000325000000","objectid":659354}},{"geometry":{"type":"Polygon","coordinates":[[[-71.66779689166727,43.03106436873078],[-71.67018824681325,43.03119712545918],[-71.67109998151616,43.030518354328706],[-71.6710201426777,43.03046714918459],[-71.67080242678182,43.03026696931534],[-71.67075771291213,43.0302115967038],[-71.67073826182703,43.030187506934126],[-71.66778182126372,43.0306622592797],[-71.66779689166727,43.03106436873078]]],"crs":null},"id":659355,"type":"Feature","properties":{"town":"Weare","name":"CamaID: 110-066-0000","pid":"000110000066000000","streetaddress":"31 NEWMAN WILSON ROAD","townid":"4224","displayid":"110-066-0000","nh_gis_id":"064224-000110000066000000","objectid":659355}},{"geometry":{"type":"Polygon","coordinates":[[[-71.77152729053418,43.030295897256714],[-71.77181549304771,43.03116331332709],[-71.77389200591884,43.03092451309225],[-71.77388984099657,43.030916509872775],[-71.7738581005009,43.03086175051187],[-71.77380029680731,43.03077954853105],[-71.77365048242677,43.03066861799474],[-71.77352410851958,43.03058388294721],[-71.77339943718619,43.030497220698614],[-71.77330564698177,43.03041567763868],[-71.77321944364265,43.030321331461984],[-71.77315887386727,43.03022960698175],[-71.77311719134623,43.03010995050095],[-71.77152729053418,43.030295897256714]]],"crs":null},"id":659356,"type":"Feature","properties":{"town":"Weare","name":"CamaID: 410-250-0000","pid":"000410000250000000","streetaddress":"MARSH RIDGE ROAD","townid":"4224","displayid":"410-250-0000","nh_gis_id":"064224-000410000250000000","objectid":659356}},{"geometry":{"type":"Polygon","coordinates":[[[-71.70701106465059,43.03117476941783],[-71.7070376540881,43.03123578644366],[-71.7077541653839,43.03109349387075],[-71.70844809208138,43.0306126954638],[-71.7075461705866,43.029914453571074],[-71.70725663609971,43.03059639090866],[-71.70701106465059,43.03117476941783]]],"crs":null},"id":659357,"type":"Feature","properties":{"town":"Weare","name":"CamaID: 411-271-0000","pid":"000411000271000000","streetaddress":"82 OAK RIDGE ROAD","townid":"4224","displayid":"411-271-0000","nh_gis_id":"064224-000411000271000000","objectid":659357}},{"geometry":{"type":"Polygon","coordinates":[[[-71.72825796329812,43.03111639880195],[-71.72825697362137,43.03125928486579],[-71.729246446138,43.03110028144452],[-71.7293816670869,43.03079075727022],[-71.72949549389786,43.03053335394952],[-71.73119610165813,43.0302145399921],[-71.73133154449089,43.029566531601354],[-71.7302222773877,43.02979479447238],[-71.72964185195464,43.02991849141823],[-71.72923752194191,43.029995115483246],[-71.72865608729359,43.03009888532122],[-71.72791242369398,43.030238166393005],[-71.72791953608677,43.030253559166525],[-71.72793822989998,43.03030058686345],[-71.7280580646186,43.030523525498424],[-71.7282035701123,43.03084883240467],[-71.72824440005184,43.030947454223934],[-71.72825796329812,43.03111639880195]]],"crs":null},"id":659358,"type":"Feature","properties":{"town":"Weare","name":"CamaID: 411-355-0000","pid":"000411000355000000","streetaddress":"247 OLD FRANCESTOWN ROAD","townid":"4224","displayid":"411-355-0000","nh_gis_id":"064224-000411000355000000","objectid":659358}},{"geometry":{"type":"Polygon","coordinates":[[[-71.72208287169686,43.03044902656792],[-71.72218002093301,43.03126676518234],[-71.72235512386722,43.03123749106703],[-71.72271780903792,43.03117579251311],[-71.72307774706242,43.03110571804341],[-71.72423515608227,43.03091104794924],[-71.72438506248031,43.03088583418182],[-71.72453350881635,43.030860864903424],[-71.72621575380285,43.03058193994925],[-71.72614782444064,43.03005345148662],[-71.72602354840389,43.02908180572137],[-71.72721460040289,43.028855448646354],[-71.72718118128624,43.02875852383467],[-71.72715306443614,43.028660697835186],[-71.72535735648168,43.02900338404026],[-71.72368178912717,43.02932112124667],[-71.72338951809189,43.02911685667873],[-71.72315443113955,43.0287646698848],[-71.72281183862464,43.02833584230796],[-71.722451186216,43.02787051049534],[-71.72233368652282,43.02772134216122],[-71.72202746387664,43.02709841319196],[-71.7214847659292,43.02713587774629],[-71.72186178797396,43.02919374582935],[-71.72206644260797,43.03031073085618],[-71.72208287169686,43.03044902656792]]],"crs":null},"id":659359,"type":"Feature","properties":{"town":"Weare","name":"CamaID: 411-344-0000","pid":"000411000344000000","streetaddress":"OLD FRANCESTOWN ROAD","townid":"4224","displayid":"411-344-0000","nh_gis_id":"064224-000411000344000000","objectid":659359}},{"geometry":{"type":"Polygon","coordinates":[[[-71.77411334638752,43.031125404382564],[-71.77410513883157,43.03125278850921],[-71.7741944798407,43.03120229306057],[-71.77436142589892,43.03109982140856],[-71.77454581609129,43.03100291324839],[-71.77473481774302,43.03092187410437],[-71.77498434312577,43.03085458335043],[-71.77519493887253,43.03079338984655],[-71.77555058046747,43.0307177722891],[-71.77556135989329,43.030715672729166],[-71.77531044255815,43.029816415785014],[-71.77328078383387,43.03008109076792],[-71.77328188735734,43.03008488667461],[-71.7733262151181,43.03017519135239],[-71.77338986982366,43.03026975111733],[-71.77347468960222,43.030359335636355],[-71.77355968612659,43.03043396083245],[-71.77370304381523,43.030522673132516],[-71.77383037192735,43.03058734851054],[-71.77396288513077,43.03070098835522],[-71.77404660905994,43.03080235944979],[-71.7740937430282,43.03089452814671],[-71.7741141437602,43.03099586229112],[-71.77411334638752,43.031125404382564]]],"crs":null},"id":659360,"type":"Feature","properties":{"town":"Weare","name":"CamaID: 410-271-0000","pid":"000410000271000000","streetaddress":"MARSH RIDGE ROAD","townid":"4224","displayid":"410-271-0000","nh_gis_id":"064224-000410000271000000","objectid":659360}},{"geometry":{"type":"Polygon","coordinates":[[[-71.69662444790163,43.03119964131335],[-71.69663697181284,43.03136255694184],[-71.69821550192108,43.031158391754055],[-71.69761869092179,43.02920212948811],[-71.69405792732861,43.02986029317189],[-71.69423413672985,43.030533151824514],[-71.69656365139768,43.030122013684334],[-71.69673409156859,43.030677500753285],[-71.69673090798031,43.030683659681266],[-71.69673332189724,43.030759784076736],[-71.69666007450911,43.030866048153534],[-71.6966448295332,43.03091581107461],[-71.69660853260028,43.03096620062333],[-71.69662444790163,43.03119964131335]]],"crs":null},"id":659361,"type":"Feature","properties":{"town":"Weare","name":"CamaID: 411-224-0001","pid":"000411000224000001","streetaddress":"81A/B DUSTIN TAVERN ROAD","townid":"4224","displayid":"411-224-0001","nh_gis_id":"064224-000411000224000001","objectid":659361}},{"geometry":{"type":"Polygon","coordinates":[[[-71.75384342979245,43.03092963935533],[-71.7539861966136,43.031348688460476],[-71.75399746154237,43.03134051348648],[-71.7541347875764,43.03121721619871],[-71.75423778817233,43.031130345351606],[-71.75436241988325,43.03096072643965],[-71.75441955630257,43.03084586183915],[-71.7545314959601,43.030629921403886],[-71.75467430284111,43.0304318543815],[-71.75483039196807,43.03028226212487],[-71.75495954987024,43.03020723205642],[-71.75511426406555,43.03013068330349],[-71.75524227745072,43.030079354485444],[-71.75511127952478,43.02986889064083],[-71.75527835261893,43.029809574947905],[-71.7553951620783,43.029352422752055],[-71.75421899320745,43.0294872817078],[-71.75414399661649,43.03085442010929],[-71.75384342979245,43.03092963935533]]],"crs":null},"id":659362,"type":"Feature","properties":{"town":"Weare","name":"CamaID: 410-141-0001","pid":"000410000141000001","streetaddress":"91 ETTA LANE","townid":"4224","displayid":"410-141-0001","nh_gis_id":"064224-000410000141000001","objectid":659362}},{"geometry":{"type":"Polygon","coordinates":[[[-71.70697556098365,43.031314592466885],[-71.70708609942606,43.03137874669298],[-71.7070376540881,43.03123578644366],[-71.70701106465059,43.03117476941783],[-71.70725663609971,43.03059639090866],[-71.70579971689016,43.03020122679084],[-71.70554513520905,43.030744132112716],[-71.70605037659135,43.03077762496936],[-71.70697556098365,43.031314592466885]]],"crs":null},"id":659363,"type":"Feature","properties":{"town":"Weare","name":"CamaID: 411-260-0000","pid":"000411000260000000","streetaddress":"83 OAK RIDGE ROAD","townid":"4224","displayid":"411-260-0000","nh_gis_id":"064224-000411000260000000","objectid":659363}},{"geometry":{"type":"Polygon","coordinates":[[[-71.73723966023097,43.03119544194951],[-71.73760513400975,43.03138197240554],[-71.73792436683661,43.031248668050495],[-71.73823081507076,43.03113337607889],[-71.73854331976689,43.03102837027115],[-71.73882484559051,43.03093269904649],[-71.73907760041004,43.03083815254924],[-71.73931129373956,43.030762312409536],[-71.73966091174002,43.03067958899588],[-71.7399540238692,43.03060794224761],[-71.74021853697597,43.03054962040604],[-71.73993268937211,43.029564879013314],[-71.73925218211357,43.029362327824785],[-71.73863216067083,43.02806236697547],[-71.73713538925233,43.02836107431296],[-71.73603095523757,43.02859561975786],[-71.73517463795302,43.02877748830411],[-71.7365345448407,43.031230353954285],[-71.73653624127371,43.0312341840594],[-71.73669120798768,43.031353023042435],[-71.73695371340058,43.0312760637765],[-71.73700867435956,43.03132813208273],[-71.73723966023097,43.03119544194951]]],"crs":null},"id":659364,"type":"Feature","properties":{"town":"Weare","name":"CamaID: 410-076-0000","pid":"000410000076000000","streetaddress":"246 POOR FARM ROAD","townid":"4224","displayid":"410-076-0000","nh_gis_id":"064224-000410000076000000","objectid":659364}},{"geometry":{"type":"Polygon","coordinates":[[[-71.64560389295215,43.03223632311348],[-71.64573999964742,43.03233760054161],[-71.64605457356423,43.0321781999076],[-71.64610039446053,43.03197219883587],[-71.64612105345589,43.03187932349347],[-71.64538222690284,43.031984409835005],[-71.64548211034116,43.03212022950981],[-71.64560389295215,43.03223632311348]]],"crs":null},"id":659365,"type":"Feature","properties":{"town":"Weare","name":"CamaID: 412-207-0000","pid":"000412000207000000","streetaddress":"412 RIVERDALE ROAD","townid":"4224","displayid":"412-207-0000","nh_gis_id":"064224-000412000207000000","objectid":659365}},{"geometry":{"type":"Polygon","coordinates":[[[-71.70500864243866,43.03188819222027],[-71.70634921103743,43.03235012308304],[-71.70645612001037,43.0319207651015],[-71.70631130237227,43.03150976169909],[-71.70527799233817,43.031313814033005],[-71.70500864243866,43.03188819222027]]],"crs":null},"id":659366,"type":"Feature","properties":{"town":"Weare","name":"CamaID: 411-262-0000","pid":"000411000262000000","streetaddress":"116 OAK HILL ROAD","townid":"4224","displayid":"411-262-0000","nh_gis_id":"064224-000411000262000000","objectid":659366}},{"geometry":{"type":"Polygon","coordinates":[[[-71.74668798567235,43.032247244208236],[-71.74671955096308,43.032344785678404],[-71.74859010596742,43.03197794906353],[-71.74801441659918,43.03035719665135],[-71.74725487081048,43.027272260147015],[-71.74503476773963,43.027495876790155],[-71.74510320153574,43.02822902120292],[-71.7452330852169,43.0296204388195],[-71.74629082246213,43.03231417279258],[-71.74668798567235,43.032247244208236]]],"crs":null},"id":659367,"type":"Feature","properties":{"town":"Weare","name":"CamaID: 410-094-0000","pid":"000410000094000000","streetaddress":"POOR FARM ROAD","townid":"4224","displayid":"410-094-0000","nh_gis_id":"064224-000410000094000000","objectid":659367}},{"geometry":{"type":"Polygon","coordinates":[[[-71.77398650287043,43.0322685444376],[-71.77397353243434,43.03236621105657],[-71.77599763142103,43.032223979843366],[-71.7755993243725,43.03082747872686],[-71.77554315467769,43.030840057197985],[-71.7752822115149,43.03089918192565],[-71.7750170543877,43.03099049216926],[-71.77471864348745,43.03111521525069],[-71.77449667470232,43.03124621628224],[-71.77431753244693,43.0313456210065],[-71.77419511301139,43.03141457059383],[-71.77412431375504,43.031458843734214],[-71.77409028135877,43.03149735811966],[-71.77405012563058,43.03160817661053],[-71.77401624650747,43.031981823772625],[-71.77398650287043,43.0322685444376]]],"crs":null},"id":659368,"type":"Feature","properties":{"town":"Weare","name":"CamaID: 410-003-0000","pid":"000410000003000000","streetaddress":"EBEN PAIGE ROAD","townid":"4224","displayid":"410-003-0000","nh_gis_id":"064224-000410000003000000","objectid":659368}},{"geometry":{"type":"Polygon","coordinates":[[[-71.67864896722037,43.03198407934643],[-71.67941099891708,43.032451355621056],[-71.68024263237304,43.03117268521266],[-71.67824503420152,43.02810118761869],[-71.6790959469515,43.027383557431726],[-71.6788544277547,43.027247063813604],[-71.67847101395893,43.0276013002527],[-71.67809281700391,43.02791178457746],[-71.67797130805356,43.0280027286864],[-71.67818616986173,43.028468111916006],[-71.67865479109092,43.0294831031999],[-71.67829754572416,43.029611403216684],[-71.6780398420755,43.02987667989382],[-71.67803500733511,43.02988165563775],[-71.67775250648243,43.03016416435218],[-71.67758958996188,43.03131764881471],[-71.67864896722037,43.03198407934643]]],"crs":null},"id":659369,"type":"Feature","properties":{"town":"Weare","name":"CamaID: 411-191-0003","pid":"000411000191000003","streetaddress":"214 TWIN BRIDGE ROAD","townid":"4224","displayid":"411-191-0003","nh_gis_id":"064224-000411000191000003","objectid":659369}},{"geometry":{"type":"Polygon","coordinates":[[[-71.70769491046501,43.03188363839981],[-71.70786603469197,43.03244771683219],[-71.7092609284458,43.03211963017608],[-71.70915183209175,43.031705348550716],[-71.70769491046501,43.03188363839981]]],"crs":null},"id":659370,"type":"Feature","properties":{"town":"Weare","name":"CamaID: 411-274-0000","pid":"000411000274000000","streetaddress":"68 OAK RIDGE ROAD","townid":"4224","displayid":"411-274-0000","nh_gis_id":"064224-000411000274000000","objectid":659370}},{"geometry":{"type":"Polygon","coordinates":[[[-71.76308523341646,43.031738841864424],[-71.76313275553208,43.03241790379696],[-71.76481885335774,43.032294356197575],[-71.7661465101834,43.03219705599707],[-71.7650403778472,43.03033643607996],[-71.7649174710033,43.0301296879362],[-71.76499447205822,43.03011940392914],[-71.7649104513574,43.03007437555765],[-71.76484152748468,43.030000548404104],[-71.76477891443533,43.02994066579801],[-71.76474778597971,43.029895764783944],[-71.7647478934023,43.02982606330117],[-71.76475420484427,43.02973879860185],[-71.76477505279271,43.029639304275456],[-71.76479494366258,43.029559869347594],[-71.76478842100379,43.02948291003886],[-71.76475190379801,43.029427238555876],[-71.76471566943889,43.02938811292231],[-71.76469577942022,43.029366339441246],[-71.76466936692887,43.02926760663807],[-71.76465327219657,43.029188828160024],[-71.76464301869522,43.029159077174704],[-71.76462373788678,43.02921170166754],[-71.76457457298204,43.02922929983785],[-71.7635279677035,43.02960390136752],[-71.76336586625037,43.029660799834154],[-71.7630753281722,43.029283194987684],[-71.76241203651814,43.02951886833875],[-71.76180362332633,43.03143671871967],[-71.76028529388374,43.031113153809116],[-71.76037220120932,43.03142846765283],[-71.76053135546483,43.031961029567604],[-71.76097875258502,43.03179643942693],[-71.76161454737381,43.03184459512745],[-71.76308523341646,43.031738841864424]]],"crs":null},"id":659371,"type":"Feature","properties":{"town":"Weare","name":"CamaID: 410-240-0000","pid":"000410000240000000","streetaddress":"MOUNTAIN SCHOOL ROAD","townid":"4224","displayid":"410-240-0000","nh_gis_id":"064224-000410000240000000","objectid":659371}},{"geometry":{"type":"Polygon","coordinates":[[[-71.69890787665656,43.03106883310004],[-71.69915142082328,43.03246359826003],[-71.70048052200299,43.03224889355787],[-71.70133993509205,43.03232883649463],[-71.7012965693325,43.0321321427167],[-71.70100370671298,43.03080377929446],[-71.69890787665656,43.03106883310004]]],"crs":null},"id":659372,"type":"Feature","properties":{"town":"Weare","name":"CamaID: 411-241-0000","pid":"000411000241000000","streetaddress":"OAK HILL ROAD","townid":"4224","displayid":"411-241-0000","nh_gis_id":"064224-000411000241000000","objectid":659372}},{"geometry":{"type":"Polygon","coordinates":[[[-71.67437549938626,43.032177008697154],[-71.67502185509639,43.03247487858306],[-71.67611951706313,43.031665111875036],[-71.67559689967688,43.0314104487107],[-71.67478933582932,43.031626342728615],[-71.67437549938626,43.032177008697154]]],"crs":null},"id":659373,"type":"Feature","properties":{"town":"Weare","name":"CamaID: 110-009-0001","pid":"000110000009000001","streetaddress":"23 OLD TOWN ROAD","townid":"4224","displayid":"110-009-0001","nh_gis_id":"064224-000110000009000001","objectid":659373}},{"geometry":{"type":"Polygon","coordinates":[[[-71.67325602067856,43.03245542593714],[-71.67330847569498,43.03248244882498],[-71.67371548453707,43.03236405250109],[-71.67343739716824,43.03190115393684],[-71.67342516132764,43.031881867532235],[-71.67340863223527,43.031864389828904],[-71.67338829095326,43.03184922849491],[-71.67320799371842,43.03190433769694],[-71.67318727862674,43.032310085093805],[-71.67318086579594,43.032435698429204],[-71.67320897576518,43.032439308322814],[-71.67325602067856,43.03245542593714]]],"crs":null},"id":659374,"type":"Feature","properties":{"town":"Weare","name":"CamaID: 110-109-0000","pid":"000110000109000000","streetaddress":"4 OLD TOWN ROAD","townid":"4224","displayid":"110-109-0000","nh_gis_id":"064224-000110000109000000","objectid":659374}},{"geometry":{"type":"Polygon","coordinates":[[[-71.70634921103743,43.03235012308304],[-71.70617538543556,43.032501333225156],[-71.70763033628349,43.03235147743257],[-71.70733645889021,43.031344888865426],[-71.70708609942606,43.03137874669298],[-71.70697556098365,43.031314592466885],[-71.7068483357921,43.031601456065815],[-71.70631130237227,43.03150976169909],[-71.70645612001037,43.0319207651015],[-71.70634921103743,43.03235012308304]]],"crs":null},"id":659375,"type":"Feature","properties":{"town":"Weare","name":"CamaID: 411-270-0000","pid":"000411000270000000","streetaddress":"75 OAK RIDGE ROAD","townid":"4224","displayid":"411-270-0000","nh_gis_id":"064224-000411000270000000","objectid":659375}},{"geometry":{"type":"Polygon","coordinates":[[[-71.77224941491077,43.03246925431035],[-71.7722513332189,43.03247736490688],[-71.77265501029581,43.032403055100986],[-71.77264276474597,43.031838551212246],[-71.77384168720292,43.03180641025657],[-71.77386228344838,43.03163096057325],[-71.77388345472606,43.0314003350792],[-71.77390658016914,43.03120756545871],[-71.77392041913937,43.03102952327566],[-71.77389200591884,43.03092451309225],[-71.77181549304771,43.03116331332709],[-71.77224941491077,43.03246925431035]]],"crs":null},"id":659376,"type":"Feature","properties":{"town":"Weare","name":"CamaID: 410-249-0000","pid":"000410000249000000","streetaddress":"MARSH RIDGE ROAD","townid":"4224","displayid":"410-249-0000","nh_gis_id":"064224-000410000249000000","objectid":659376}},{"geometry":{"type":"Polygon","coordinates":[[[-71.68898433723189,43.029931493472475],[-71.68872810341156,43.032561935589506],[-71.69099733546994,43.03230540674507],[-71.69185684497688,43.0322082297332],[-71.69169530458275,43.03141302445395],[-71.69133916447257,43.029659791075815],[-71.68898433723189,43.029931493472475]]],"crs":null},"id":659377,"type":"Feature","properties":{"town":"Weare","name":"CamaID: 411-216-0000","pid":"000411000216000000","streetaddress":"DUSTIN TAVERN ROAD","townid":"4224","displayid":"411-216-0000","nh_gis_id":"064224-000411000216000000","objectid":659377}},{"geometry":{"type":"Polygon","coordinates":[[[-71.67045972345088,43.03211766715477],[-71.67085102968065,43.03258614902829],[-71.67107215256027,43.03248985902445],[-71.6712954284486,43.03239628162888],[-71.6714977952573,43.03231196477052],[-71.67114110229588,43.031844465826715],[-71.6708487770933,43.03194055066026],[-71.67045972345088,43.03211766715477]]],"crs":null},"id":659378,"type":"Feature","properties":{"town":"Weare","name":"CamaID: 110-071-0000","pid":"000110000071000000","streetaddress":"109 TWIN BRIDGE ROAD","townid":"4224","displayid":"110-071-0000","nh_gis_id":"064224-000110000071000000","objectid":659378}},{"geometry":{"type":"Polygon","coordinates":[[[-71.7446453657303,43.03215992315221],[-71.74480981922159,43.03256373520002],[-71.74629082246213,43.03231417279258],[-71.7452330852169,43.0296204388195],[-71.74510320153574,43.02822902120292],[-71.74351741912908,43.028328381691736],[-71.74365788300412,43.02882132994366],[-71.7436590149922,43.02895147189871],[-71.74361205121498,43.029053182682645],[-71.74356160285106,43.029099063371035],[-71.74427147706922,43.03154327998465],[-71.74445284946623,43.03158232612502],[-71.7446453657303,43.03215992315221]]],"crs":null},"id":659379,"type":"Feature","properties":{"town":"Weare","name":"CamaID: 410-095-0000","pid":"000410000095000000","streetaddress":"POOR FARM ROAD","townid":"4224","displayid":"410-095-0000","nh_gis_id":"064224-000410000095000000","objectid":659379}},{"geometry":{"type":"Polygon","coordinates":[[[-71.64615812085782,43.03258156123533],[-71.64619679262337,43.03259408327506],[-71.64629139443342,43.0325315317667],[-71.64650126506457,43.0323872098423],[-71.64678181416252,43.03220626905078],[-71.64703745116803,43.03205607503982],[-71.64716968095566,43.03195616932505],[-71.64722534748293,43.03186684102492],[-71.64723477752098,43.0318002747583],[-71.64718827494902,43.031807323318766],[-71.64610039446053,43.03197219883587],[-71.64605457356423,43.0321781999076],[-71.64573999964742,43.03233760054161],[-71.64579412766564,43.03237787790459],[-71.64600091475293,43.03250231045731],[-71.64615812085782,43.03258156123533]]],"crs":null},"id":659380,"type":"Feature","properties":{"town":"Weare","name":"CamaID: 412-208-0000","pid":"000412000208000000","streetaddress":"406 RIVERDALE ROAD","townid":"4224","displayid":"412-208-0000","nh_gis_id":"064224-000412000208000000","objectid":659380}},{"geometry":{"type":"Polygon","coordinates":[[[-71.76053135546483,43.031961029567604],[-71.76070659681531,43.032595633399126],[-71.76313275553208,43.03241790379696],[-71.76308523341646,43.031738841864424],[-71.76161454737381,43.03184459512745],[-71.76097875258502,43.03179643942693],[-71.76053135546483,43.031961029567604]]],"crs":null},"id":659381,"type":"Feature","properties":{"town":"Weare","name":"CamaID: 410-240-0001","pid":"000410000240000001","streetaddress":"141 MOUNTAIN SCHOOL ROAD","townid":"4224","displayid":"410-240-0001","nh_gis_id":"064224-000410000240000001","objectid":659381}},{"geometry":{"type":"Polygon","coordinates":[[[-71.66284042961526,43.03076994723263],[-71.66340712568758,43.03264214040795],[-71.66632521242555,43.03230989784184],[-71.66783945474512,43.032137460382245],[-71.66783576675327,43.03210162449449],[-71.66779689166727,43.03106436873078],[-71.66778182126372,43.0306622592797],[-71.67073826182703,43.030187506934126],[-71.67066527407017,43.03009711940944],[-71.67057423164852,43.02990112940633],[-71.67051807451652,43.02969867940367],[-71.67048902457186,43.02959197010944],[-71.66284042961526,43.03076994723263]]],"crs":null},"id":659382,"type":"Feature","properties":{"town":"Weare","name":"CamaID: 110-065-0000","pid":"000110000065000000","streetaddress":"37 NEWMAN WILSON ROAD","townid":"4224","displayid":"110-065-0000","nh_gis_id":"064224-000110000065000000","objectid":659382}},{"geometry":{"type":"Polygon","coordinates":[[[-71.67397480494594,43.03258395951745],[-71.67417432999066,43.032696715880945],[-71.67439885781276,43.0325395764747],[-71.67460043969864,43.03243053270938],[-71.67357641817323,43.03194064615965],[-71.67377591118,43.03231039029415],[-71.67397480494594,43.03258395951745]]],"crs":null},"id":659383,"type":"Feature","properties":{"town":"Weare","name":"CamaID: 110-113-0000","pid":"000110000113000000","streetaddress":"20 OLD TOWN ROAD","townid":"4224","displayid":"110-113-0000","nh_gis_id":"064224-000110000113000000","objectid":659383}},{"geometry":{"type":"Polygon","coordinates":[[[-71.64493128604958,43.03239978147929],[-71.64491793216689,43.03272230584693],[-71.64524497218122,43.032721936334625],[-71.64525196181738,43.032548267996084],[-71.64524610074747,43.03241237124579],[-71.64493128604958,43.03239978147929]]],"crs":null},"id":659384,"type":"Feature","properties":{"town":"Weare","name":"CamaID: 412-121-0000","pid":"000412000121000000","streetaddress":"6 RIVER ROAD","townid":"4224","displayid":"412-121-0000","nh_gis_id":"064224-000412000121000000","objectid":659384}},{"geometry":{"type":"Polygon","coordinates":[[[-71.64644870096642,43.03266133592821],[-71.64673162379654,43.032725590451605],[-71.646842899579,43.03256108769743],[-71.64733434970516,43.03241213175993],[-71.64762914135255,43.03212416871523],[-71.64835063208884,43.03198697209607],[-71.64912607823649,43.032310129073544],[-71.6492074892365,43.03225254569045],[-71.64962707731071,43.03200096438662],[-71.64987514397697,43.03154996795255],[-71.64973845526666,43.03136473520562],[-71.64724625267384,43.03171927274634],[-71.64723477752098,43.0318002747583],[-71.64722534748293,43.03186684102492],[-71.64716968095566,43.03195616932505],[-71.64703745116803,43.03205607503982],[-71.64678181416252,43.03220626905078],[-71.64650126506457,43.0323872098423],[-71.64629139443342,43.0325315317667],[-71.64619679262337,43.03259408327506],[-71.64644870096642,43.03266133592821]]],"crs":null},"id":659385,"type":"Feature","properties":{"town":"Weare","name":"CamaID: 412-211-0000","pid":"000412000211000000","streetaddress":"368 RIVERDALE ROAD","townid":"4224","displayid":"412-211-0000","nh_gis_id":"064224-000412000211000000","objectid":659385}},{"geometry":{"type":"Polygon","coordinates":[[[-71.67347644207162,43.03273373869382],[-71.67348304541872,43.03273810054311],[-71.6738721753871,43.032624872629476],[-71.67371548453707,43.03236405250109],[-71.67330847569498,43.03248244882498],[-71.6733128050215,43.03248468010467],[-71.67335085428589,43.032522536501716],[-71.67336880032929,43.03255823364804],[-71.67339197834279,43.032602731484],[-71.67341558891572,43.032652683442926],[-71.67344069473987,43.032697320681486],[-71.67347644207162,43.03273373869382]]],"crs":null},"id":659386,"type":"Feature","properties":{"town":"Weare","name":"CamaID: 110-110-0000","pid":"000110000110000000","streetaddress":"12 OLD TOWN ROAD","townid":"4224","displayid":"110-110-0000","nh_gis_id":"064224-000110000110000000","objectid":659386}},{"geometry":{"type":"Polygon","coordinates":[[[-71.70802440659696,43.03296975334336],[-71.70818712613486,43.03350610797388],[-71.70961119924708,43.033449717666144],[-71.70943050707955,43.03276357924626],[-71.70802440659696,43.03296975334336]]],"crs":null},"id":659387,"type":"Feature","properties":{"town":"Weare","name":"CamaID: 411-276-0000","pid":"000411000276000000","streetaddress":"56 OAK RIDGE ROAD","townid":"4224","displayid":"411-276-0000","nh_gis_id":"064224-000411000276000000","objectid":659387}},{"geometry":{"type":"Polygon","coordinates":[[[-71.64983945514892,43.033392463869994],[-71.6503518695031,43.033520849714904],[-71.65083483576278,43.03228886940023],[-71.6501864029821,43.032778310451924],[-71.65007608084488,43.03275047824329],[-71.64981490880751,43.03338713303071],[-71.64983945514892,43.033392463869994]]],"crs":null},"id":659388,"type":"Feature","properties":{"town":"Weare","name":"CamaID: 412-214-0000","pid":"000412000214000000","streetaddress":"17 NORTH RIVERDALE ROAD","townid":"4224","displayid":"412-214-0000","nh_gis_id":"064224-000412000214000000","objectid":659388}},{"geometry":{"type":"Polygon","coordinates":[[[-71.6716707796091,43.03336032500631],[-71.67200470178442,43.03354284264351],[-71.67205566874405,43.03316363575168],[-71.67163225101858,43.033169710385714],[-71.67163029529067,43.033218284748756],[-71.67163613641695,43.03326669044043],[-71.6716496946011,43.03331425683347],[-71.6716707796091,43.03336032500631]]],"crs":null},"id":659389,"type":"Feature","properties":{"town":"Weare","name":"CamaID: 110-104-0000","pid":"000110000104000000","streetaddress":"118 TWIN BRIDGE ROAD","townid":"4224","displayid":"110-104-0000","nh_gis_id":"064224-000110000104000000","objectid":659389}},{"geometry":{"type":"Polygon","coordinates":[[[-71.67503078451502,43.033523178060136],[-71.67506821228544,43.03355327622747],[-71.67535349519716,43.03333615821749],[-71.67531917789033,43.03330477535909],[-71.67526211217327,43.03325872496957],[-71.67520068348009,43.03321580388085],[-71.67513520720003,43.03317623170502],[-71.67506602325903,43.033140214550066],[-71.67478197337833,43.033384646636335],[-71.6747911821032,43.033389902997506],[-71.67485832776453,43.033424318153685],[-71.67491857879018,43.03346080236706],[-71.67498273916875,43.03349571546117],[-71.67503078451502,43.033523178060136]]],"crs":null},"id":659390,"type":"Feature","properties":{"town":"Weare","name":"CamaID: 110-122-0000","pid":"000110000122000000","streetaddress":"36 OLD TOWN ROAD","townid":"4224","displayid":"110-122-0000","nh_gis_id":"064224-000110000122000000","objectid":659390}},{"geometry":{"type":"Polygon","coordinates":[[[-71.7043584273485,43.03343274020231],[-71.70656995897534,43.03355751518125],[-71.70656385443567,43.03309188082818],[-71.70544732578114,43.03313465741663],[-71.7045385232184,43.03289067530575],[-71.70447483927072,43.03302647318074],[-71.70439206555206,43.03332080511466],[-71.7043584273485,43.03343274020231]]],"crs":null},"id":659391,"type":"Feature","properties":{"town":"Weare","name":"CamaID: 411-265-0000","pid":"000411000265000000","streetaddress":"94 OAK HILL ROAD","townid":"4224","displayid":"411-265-0000","nh_gis_id":"064224-000411000265000000","objectid":659391}},{"geometry":{"type":"Polygon","coordinates":[[[-71.7243376585241,43.03358933419417],[-71.72435617202312,43.03360158972995],[-71.72437711421178,43.033611520689746],[-71.72439994861217,43.03361887169344],[-71.7244240897242,43.03362345399902],[-71.7244489189832,43.0336251508954],[-71.724473799486,43.0336239185953],[-71.72449809194548,43.03361978802763],[-71.72452117432583,43.03361286662791],[-71.72454245533342,43.03360333022972],[-71.72467863039319,43.033530659573486],[-71.72483956366227,43.033449820598264],[-71.72500090431615,43.03336942047273],[-71.72511666077389,43.03331729086111],[-71.72523601304157,43.03326972587319],[-71.72617579211729,43.03307126944646],[-71.72648413893111,43.032995053012705],[-71.72673042973082,43.032915391861614],[-71.72686510200954,43.03283601038862],[-71.72699828097923,43.03268436538817],[-71.72725669642051,43.03239832734757],[-71.72728516387963,43.032366741373984],[-71.72737885130017,43.03228578138128],[-71.72684344401195,43.03187632928812],[-71.72656029385058,43.03168797778963],[-71.72653016289476,43.03165058142275],[-71.72647840027363,43.03157772499797],[-71.72649171623702,43.03152598053609],[-71.72647095719024,43.031422474972736],[-71.72621575380285,43.03058193994925],[-71.72453350881635,43.030860864903424],[-71.72438506248031,43.03088583418182],[-71.72423515608227,43.03091104794924],[-71.72307774706242,43.03110571804341],[-71.72271780903792,43.03117579251311],[-71.72235512386722,43.03123749106703],[-71.72218002093301,43.03126676518234],[-71.72182747371762,43.03132570261262],[-71.72153367692307,43.03137805393744],[-71.72133919174176,43.031411133890636],[-71.72169216223537,43.03158181325549],[-71.72193323300425,43.031713299833065],[-71.72216317890823,43.03185817058083],[-71.72238827478348,43.03202141037375],[-71.72278411842721,43.032332870673095],[-71.72307724214804,43.03257610567738],[-71.72326611634999,43.0327394227829],[-71.723677370691,43.03306479261781],[-71.72387579711202,43.03322017521362],[-71.72407851283985,43.03337255052954],[-71.7242060834418,43.033482231141434],[-71.7243376585241,43.03358933419417]]],"crs":null},"id":659392,"type":"Feature","properties":{"town":"Weare","name":"CamaID: 411-341-0000","pid":"000411000341000000","streetaddress":"298 OLD FRANCESTOWN ROAD","townid":"4224","displayid":"411-341-0000","nh_gis_id":"064224-000411000341000000","objectid":659392}},{"geometry":{"type":"Polygon","coordinates":[[[-71.6503518695031,43.033520849714904],[-71.650866250436,43.03364972682944],[-71.65113773335109,43.032600501589826],[-71.65091922374928,43.03236839520384],[-71.65083483576278,43.03228886940023],[-71.6503518695031,43.033520849714904]]],"crs":null},"id":659393,"type":"Feature","properties":{"town":"Weare","name":"CamaID: 412-215-0000","pid":"000412000215000000","streetaddress":"23 NORTH RIVERDALE ROAD","townid":"4224","displayid":"412-215-0000","nh_gis_id":"064224-000412000215000000","objectid":659393}},{"geometry":{"type":"Polygon","coordinates":[[[-71.75254182860391,43.03351423046528],[-71.75258512635102,43.03365411286096],[-71.75405795610911,43.033341790537754],[-71.75405534254443,43.033338415981916],[-71.75360811016748,43.032748879951086],[-71.75234648088548,43.0328831147519],[-71.75245670299314,43.03323921292893],[-71.75254182860391,43.03351423046528]]],"crs":null},"id":659394,"type":"Feature","properties":{"town":"Weare","name":"CamaID: 410-138-0000","pid":"000410000138000000","streetaddress":"49 ETTA LANE","townid":"4224","displayid":"410-138-0000","nh_gis_id":"064224-000410000138000000","objectid":659394}},{"geometry":{"type":"Polygon","coordinates":[[[-71.70657045337997,43.03359522058548],[-71.70802027659907,43.0336884490633],[-71.70801608532486,43.033672688536214],[-71.70783231423299,43.03304327048334],[-71.70656385443567,43.03309188082818],[-71.70656995897534,43.03355751518125],[-71.70657045337997,43.03359522058548]]],"crs":null},"id":659395,"type":"Feature","properties":{"town":"Weare","name":"CamaID: 411-268-0000","pid":"000411000268000000","streetaddress":"57 OAK RIDGE ROAD","townid":"4224","displayid":"411-268-0000","nh_gis_id":"064224-000411000268000000","objectid":659395}},{"geometry":{"type":"Polygon","coordinates":[[[-71.67616797751045,43.033513942608195],[-71.67618800564297,43.03373380567555],[-71.67789972525948,43.032874014177374],[-71.67727763062193,43.03256440924826],[-71.67716624523175,43.03250897421264],[-71.67714824124509,43.03252057190356],[-71.67713712769991,43.03252773020379],[-71.67610427202844,43.033193037732204],[-71.67613009691416,43.033255450949156],[-71.67614947004807,43.03331910783451],[-71.67616228337303,43.03338365193164],[-71.6761684644147,43.03344871867839],[-71.67616797751045,43.033513942608195]]],"crs":null},"id":659396,"type":"Feature","properties":{"town":"Weare","name":"CamaID: 110-009-0008","pid":"000110000009000008","streetaddress":"45 OLD TOWN ROAD","townid":"4224","displayid":"110-009-0008","nh_gis_id":"064224-000110000009000008","objectid":659396}},{"geometry":{"type":"Polygon","coordinates":[[[-71.6751608314425,43.03361482146814],[-71.67532464271027,43.03373681423404],[-71.67558469714281,43.033531328706005],[-71.67538308397708,43.03336321699094],[-71.67535349519716,43.03333615821749],[-71.67506821228544,43.03355327622747],[-71.6750867727816,43.03356820154392],[-71.6751608314425,43.03361482146814]]],"crs":null},"id":659397,"type":"Feature","properties":{"town":"Weare","name":"CamaID: 110-123-0000","pid":"000110000123000000","streetaddress":"40 OLD TOWN ROAD","townid":"4224","displayid":"110-123-0000","nh_gis_id":"064224-000110000123000000","objectid":659397}},{"geometry":{"type":"Polygon","coordinates":[[[-71.66814745934853,43.03338987950229],[-71.66867024033316,43.03378521253164],[-71.66887157400708,43.03364657487146],[-71.6690781686832,43.03351216755953],[-71.66855607175721,43.033105441062986],[-71.66814745934853,43.03338987950229]]],"crs":null},"id":659398,"type":"Feature","properties":{"town":"Weare","name":"CamaID: 110-075-0000","pid":"000110000075000000","streetaddress":"83 TWIN BRIDGE ROAD","townid":"4224","displayid":"110-075-0000","nh_gis_id":"064224-000110000075000000","objectid":659398}},{"geometry":{"type":"Polygon","coordinates":[[[-71.73625104944567,43.03315271932822],[-71.73659116978354,43.033777405409595],[-71.73672936212932,43.03365752578087],[-71.7368057063628,43.033588302470825],[-71.7368680262132,43.03352351746731],[-71.73691159778275,43.03347851355302],[-71.73693186127285,43.033411312148125],[-71.7369284861946,43.033336570095834],[-71.73666501021854,43.032473382065085],[-71.73662147449649,43.032286954769305],[-71.73662015750021,43.032204529350956],[-71.73655453119162,43.03213144741859],[-71.73651746340084,43.03207770626103],[-71.73633635838218,43.03184990071287],[-71.73615895152918,43.03159792925273],[-71.7359753499069,43.03136152796774],[-71.73595535887476,43.03129276317497],[-71.73653624127371,43.0312341840594],[-71.7365345448407,43.031230353954285],[-71.73517463795302,43.02877748830411],[-71.73400409750322,43.029026080244634],[-71.73332077594067,43.029171194092385],[-71.73241323138154,43.02935089516304],[-71.73216516216424,43.02940055419546],[-71.73242343167834,43.03020509439541],[-71.73245050986824,43.030280072348205],[-71.73253297560208,43.03056014112184],[-71.73266174423372,43.03095366178055],[-71.73277176037527,43.03130143005209],[-71.73318911468097,43.032785809985526],[-71.7333003310712,43.03322321444117],[-71.73330882382048,43.03325735578678],[-71.73571517378696,43.03317178281136],[-71.73625104944567,43.03315271932822]]],"crs":null},"id":659399,"type":"Feature","properties":{"town":"Weare","name":"CamaID: 410-073-0000","pid":"000410000073000000","streetaddress":"274 POOR FARM ROAD","townid":"4224","displayid":"410-073-0000","nh_gis_id":"064224-000410000073000000","objectid":659399}},{"geometry":{"type":"Polygon","coordinates":[[[-71.650866250436,43.03364972682944],[-71.65141240634247,43.03379941068249],[-71.6515815874969,43.033094399014736],[-71.65147009441755,43.03295354037153],[-71.65113773335109,43.032600501589826],[-71.650866250436,43.03364972682944]]],"crs":null},"id":659400,"type":"Feature","properties":{"town":"Weare","name":"CamaID: 412-216-0000","pid":"000412000216000000","streetaddress":"29 NORTH RIVERDALE ROAD","townid":"4224","displayid":"412-216-0000","nh_gis_id":"064224-000412000216000000","objectid":659400}},{"geometry":{"type":"Polygon","coordinates":[[[-71.67558469714281,43.033531328706005],[-71.67596066593535,43.03384482118695],[-71.67600050320449,43.033818690402505],[-71.67591325350256,43.03332976452222],[-71.67591214720888,43.033276118755325],[-71.67590300115243,43.03322288861736],[-71.67588592466056,43.03317071952221],[-71.67586112767756,43.03312024607197],[-71.67582890849125,43.03307208125621],[-71.67578965986645,43.0330268101504],[-71.67535349519716,43.03333615821749],[-71.67538308397708,43.03336321699094],[-71.67558469714281,43.033531328706005]]],"crs":null},"id":659401,"type":"Feature","properties":{"town":"Weare","name":"CamaID: 110-124-0000","pid":"000110000124000000","streetaddress":"44 OLD TOWN ROAD","townid":"4224","displayid":"110-124-0000","nh_gis_id":"064224-000110000124000000","objectid":659401}},{"geometry":{"type":"Polygon","coordinates":[[[-71.64867954053591,43.03378992212601],[-71.64894368490796,43.03391105379214],[-71.64910421383675,43.03352175250398],[-71.64881650638374,43.033458269156334],[-71.64867954053591,43.03378992212601]]],"crs":null},"id":659402,"type":"Feature","properties":{"town":"Weare","name":"CamaID: 412-201-0000","pid":"000412000201000000","streetaddress":"4 NORTH RIVERDALE ROAD","townid":"4224","displayid":"412-201-0000","nh_gis_id":"064224-000412000201000000","objectid":659402}},{"geometry":{"type":"Polygon","coordinates":[[[-71.69522326347531,43.032920275196155],[-71.69612218676846,43.033909969326835],[-71.69755233206881,43.03366227496199],[-71.69671485517097,43.032616070189974],[-71.69522326347531,43.032920275196155]]],"crs":null},"id":659403,"type":"Feature","properties":{"town":"Weare","name":"CamaID: 411-229-0000","pid":"000411000229000000","streetaddress":"DUSTIN TAVERN ROAD","townid":"4224","displayid":"411-229-0000","nh_gis_id":"064224-000411000229000000","objectid":659403}},{"geometry":{"type":"Polygon","coordinates":[[[-71.70431728598525,43.03371826544511],[-71.70433854378429,43.033982567444845],[-71.70657320425312,43.033805027611486],[-71.70657045337997,43.03359522058548],[-71.70656995897534,43.03355751518125],[-71.7043584273485,43.03343274020231],[-71.70435282852117,43.0334513711418],[-71.7043205056402,43.033595464488805],[-71.70431728598525,43.03371826544511]]],"crs":null},"id":659404,"type":"Feature","properties":{"town":"Weare","name":"CamaID: 411-266-0000","pid":"000411000266000000","streetaddress":"84 OAK HILL ROAD","townid":"4224","displayid":"411-266-0000","nh_gis_id":"064224-000411000266000000","objectid":659404}},{"geometry":{"type":"Polygon","coordinates":[[[-71.64346440675068,43.0337121810042],[-71.64356235138169,43.03399141488973],[-71.6437457295114,43.033767694684684],[-71.64372796531221,43.03323940886277],[-71.64386245346417,43.03322901532334],[-71.6438021805478,43.033017372438806],[-71.64412776889584,43.03299457079683],[-71.64414656470655,43.032992659826554],[-71.64399923342681,43.03236250273365],[-71.64350036509728,43.03234254681968],[-71.64348048885816,43.03225527903414],[-71.64297704863138,43.032327026032384],[-71.64346440675068,43.0337121810042]]],"crs":null},"id":659405,"type":"Feature","properties":{"town":"Weare","name":"CamaID: 412-123-0000","pid":"000412000123000000","streetaddress":"17 DEPOT STREET","townid":"4224","displayid":"412-123-0000","nh_gis_id":"064224-000412000123000000","objectid":659405}},{"geometry":{"type":"Polygon","coordinates":[[[-71.67618800564297,43.03373380567555],[-71.67621455352598,43.0340252400953],[-71.676590730342,43.03399198267503],[-71.67661222520958,43.033991002319816],[-71.67663318708864,43.03398737459625],[-71.67665301226268,43.03398120307726],[-71.67667113384046,43.03397266424708],[-71.67668702911854,43.03396200479981],[-71.67670024412116,43.033949529935086],[-71.6767103997353,43.03393559795622],[-71.67671720275193,43.033920607666715],[-71.67674349877224,43.033894457108666],[-71.67677509759197,43.033871682627606],[-71.67681120537623,43.03385285770021],[-71.67685091415768,43.033838454094074],[-71.67689322637675,43.03382883376441],[-71.67693707819399,43.03382423985088],[-71.6769813701646,43.033824785872646],[-71.6771158678362,43.033736941920125],[-71.67886205139996,43.03335293324564],[-71.67789972525948,43.032874014177374],[-71.67618800564297,43.03373380567555]]],"crs":null},"id":659406,"type":"Feature","properties":{"town":"Weare","name":"CamaID: 110-009-0007","pid":"000110000009000007","streetaddress":"53 OLD TOWN ROAD","townid":"4224","displayid":"110-009-0007","nh_gis_id":"064224-000110000009000007","objectid":659406}},{"geometry":{"type":"Polygon","coordinates":[[[-71.64549007724769,43.034016718069836],[-71.64548544674982,43.03403292934067],[-71.64576512150009,43.03400054389331],[-71.64618381746396,43.0339415141783],[-71.6465933186377,43.032837497499614],[-71.64622514274015,43.03279020922262],[-71.64605095412941,43.03272703078709],[-71.64592710877368,43.03286445866163],[-71.64577584837511,43.03302115141969],[-71.64577294097869,43.03302610724609],[-71.64567385716522,43.03319501123259],[-71.64564451995366,43.03327470273452],[-71.64549007724769,43.034016718069836]]],"crs":null},"id":659407,"type":"Feature","properties":{"town":"Weare","name":"CamaID: 412-206-0000","pid":"000412000206000000","streetaddress":"401 RIVERDALE ROAD","townid":"4224","displayid":"412-206-0000","nh_gis_id":"064224-000412000206000000","objectid":659407}},{"geometry":{"type":"Polygon","coordinates":[[[-71.69385279362696,43.03356192428214],[-71.69409879122551,43.034038206890116],[-71.6948302941247,43.033880452000886],[-71.69564629805267,43.03370446685185],[-71.6952230306934,43.033241265531124],[-71.69497045008768,43.03296168928848],[-71.69385279362696,43.03356192428214]]],"crs":null},"id":659408,"type":"Feature","properties":{"town":"Weare","name":"CamaID: 411-213-0000","pid":"000411000213000000","streetaddress":"132 DUSTIN TAVERN ROAD","townid":"4224","displayid":"411-213-0000","nh_gis_id":"064224-000411000213000000","objectid":659408}},{"geometry":{"type":"Polygon","coordinates":[[[-71.75668946764492,43.032934356717846],[-71.75697697552208,43.03401272460058],[-71.75780375074419,43.033862644882355],[-71.75855433785055,43.03372638944001],[-71.75928738888503,43.03359331097659],[-71.76074260881944,43.033329115781235],[-71.76073462952439,43.03329966325578],[-71.7606469703437,43.032966622386986],[-71.76054066386021,43.032608294643154],[-71.76044389543722,43.03227502070324],[-71.76043892678653,43.03225791066906],[-71.75668946764492,43.032934356717846]]],"crs":null},"id":659409,"type":"Feature","properties":{"town":"Weare","name":"CamaID: 410-151-0000","pid":"000410000151000000","streetaddress":"140 MOUNTAIN SCHOOL ROAD","townid":"4224","displayid":"410-151-0000","nh_gis_id":"064224-000410000151000000","objectid":659409}},{"geometry":{"type":"Polygon","coordinates":[[[-71.67561374086914,43.034011473691045],[-71.6756496658583,43.03404881638081],[-71.67596066593535,43.03384482118695],[-71.67558469714281,43.033531328706005],[-71.67532464271027,43.03373681423404],[-71.67533601556653,43.0337468458088],[-71.67535478523361,43.033764905470264],[-71.67541326703659,43.033815960667006],[-71.67545847940599,43.03386876409094],[-71.67551446707229,43.033913787362806],[-71.67556689938523,43.033963546697315],[-71.67561374086914,43.034011473691045]]],"crs":null},"id":659410,"type":"Feature","properties":{"town":"Weare","name":"CamaID: 110-126-0000","pid":"000110000126000000","streetaddress":"48 OLD TOWN ROAD","townid":"4224","displayid":"110-126-0000","nh_gis_id":"064224-000110000126000000","objectid":659410}},{"geometry":{"type":"Polygon","coordinates":[[[-71.64779524566706,43.03373861928347],[-71.64857495887007,43.03405440457663],[-71.64868857626959,43.03349753991931],[-71.64871610188463,43.03343561858628],[-71.64832913500594,43.03334831870981],[-71.64758960752303,43.03308064459622],[-71.64727509503811,43.033003887937035],[-71.64710014990412,43.033702363303924],[-71.64775755715006,43.033941421296106],[-71.64779524566706,43.03373861928347]]],"crs":null},"id":659411,"type":"Feature","properties":{"town":"Weare","name":"CamaID: 412-204-0000","pid":"000412000204000000","streetaddress":"389 RIVERDALE ROAD","townid":"4224","displayid":"412-204-0000","nh_gis_id":"064224-000412000204000000","objectid":659411}},{"geometry":{"type":"Polygon","coordinates":[[[-71.77347211425428,43.03397677486268],[-71.7735626538134,43.03401401692902],[-71.77359733809338,43.033894112914965],[-71.77364145733327,43.03371132924458],[-71.77365916268684,43.03353102322114],[-71.77368863589531,43.03332896339079],[-71.77371410064761,43.03312089413478],[-71.77373358843685,43.032991340008714],[-71.77266611529183,43.03291502495],[-71.77265501029581,43.032403055100986],[-71.7722513332189,43.03247736490688],[-71.77249692607893,43.03351542183974],[-71.77250879311418,43.0335253550837],[-71.772572339413,43.03358840747056],[-71.77259009810349,43.033631384228165],[-71.7726328586051,43.033679981924735],[-71.77268784866463,43.033729474751134],[-71.77277003162932,43.03377141419157],[-71.77285457011608,43.033798056537705],[-71.77292171477205,43.033815522398775],[-71.77295831719113,43.03381168157618],[-71.77301299265324,43.033813073761856],[-71.77307199367205,43.03381378856998],[-71.77315259023116,43.03383435008737],[-71.77323967517694,43.03385389551136],[-71.7733174732746,43.03388816826179],[-71.77338552165679,43.033935582683156],[-71.77347211425428,43.03397677486268]]],"crs":null},"id":659412,"type":"Feature","properties":{"town":"Weare","name":"CamaID: 410-247-0000","pid":"000410000247000000","streetaddress":"EBEN PAIGE ROAD","townid":"4224","displayid":"410-247-0000","nh_gis_id":"064224-000410000247000000","objectid":659412}},{"geometry":{"type":"Polygon","coordinates":[[[-71.64356235138169,43.03399141488973],[-71.64358850965205,43.03406598965245],[-71.64382104660353,43.03378229615634],[-71.64380444688513,43.03328867717237],[-71.64444382797889,43.033239261126575],[-71.64444420732823,43.033170729169306],[-71.64522665875381,43.03305517366063],[-71.64523868803809,43.032878065812454],[-71.64524497218122,43.032721936334625],[-71.64491793216689,43.03272230584693],[-71.64493128604958,43.03239978147929],[-71.64436445353115,43.03237711138365],[-71.644429517781,43.03296389608047],[-71.64414656470655,43.032992659826554],[-71.64412776889584,43.03299457079683],[-71.6438021805478,43.033017372438806],[-71.64386245346417,43.03322901532334],[-71.64372796531221,43.03323940886277],[-71.6437457295114,43.033767694684684],[-71.64356235138169,43.03399141488973]]],"crs":null},"id":659413,"type":"Feature","properties":{"town":"Weare","name":"CamaID: 412-120-0000","pid":"000412000120000000","streetaddress":"10 RIVER ROAD","townid":"4224","displayid":"412-120-0000","nh_gis_id":"064224-000412000120000000","objectid":659413}},{"geometry":{"type":"Polygon","coordinates":[[[-71.645348861521,43.03412759685204],[-71.64545619087161,43.03413469665613],[-71.64545789099941,43.0341293985491],[-71.64548544674982,43.03403292934067],[-71.64549007724769,43.034016718069836],[-71.64564451995366,43.03327470273452],[-71.64555271362197,43.03327418534054],[-71.64538250556895,43.0332732239386],[-71.64534932401797,43.03353578584673],[-71.64525191112521,43.03411304185098],[-71.64525024929647,43.03412107468969],[-71.645348861521,43.03412759685204]]],"crs":null},"id":659414,"type":"Feature","properties":{"town":"Weare","name":"CamaID: 412-132-0000","pid":"000412000132000000","streetaddress":"21 RIVER ROAD","townid":"4224","displayid":"412-132-0000","nh_gis_id":"064224-000412000132000000","objectid":659414}},{"geometry":{"type":"Polygon","coordinates":[[[-71.72807683629244,43.03299044673733],[-71.72997571243849,43.03412990603248],[-71.72987751768473,43.03373184771558],[-71.73194482415231,43.03341449040168],[-71.7333003310712,43.03322321444117],[-71.73318911468097,43.032785809985526],[-71.73277176037527,43.03130143005209],[-71.73122726449614,43.0315844055889],[-71.7311744611146,43.03159273856911],[-71.73067980902337,43.031683770956924],[-71.72993943800101,43.03181729860625],[-71.7298806030991,43.03182903698129],[-71.72985650692927,43.03182969751343],[-71.72951188556131,43.03189210999964],[-71.72937746569437,43.031909117807324],[-71.72926851638739,43.03151994402138],[-71.72916490103205,43.03126607505771],[-71.7288558530355,43.031316530734635],[-71.72828008967481,43.031396502157335],[-71.72824872212414,43.031399543625085],[-71.72821642316147,43.03150196209801],[-71.72817504707923,43.03160260939552],[-71.72812477377967,43.031701051527385],[-71.72800962455854,43.031853376834874],[-71.7278892453338,43.03200351109656],[-71.72776371574227,43.03215135703473],[-71.72763311542712,43.032296820972114],[-71.72724483075247,43.032717739619436],[-71.72735795535314,43.03273374058556],[-71.72746940549133,43.03275514877347],[-71.72757870132125,43.03278187442603],[-71.72768537278414,43.032813800777355],[-71.72778896084242,43.03285079125339],[-71.72788901870241,43.032892685870515],[-71.7279851142717,43.032939304834656],[-71.72807683629244,43.03299044673733]]],"crs":null},"id":659415,"type":"Feature","properties":{"town":"Weare","name":"CamaID: 411-356-0000","pid":"000411000356000000","streetaddress":"OLD FRANCESTOWN ROAD","townid":"4224","displayid":"411-356-0000","nh_gis_id":"064224-000411000356000000","objectid":659415}},{"geometry":{"type":"Polygon","coordinates":[[[-71.65197318818736,43.03400053692864],[-71.65244453119868,43.034214253574355],[-71.65198329139407,43.03360189990361],[-71.6515815874969,43.033094399014736],[-71.65141240634247,43.03379941068249],[-71.6515373587768,43.0338336554697],[-71.65197318818736,43.03400053692864]]],"crs":null},"id":659416,"type":"Feature","properties":{"town":"Weare","name":"CamaID: 412-217-0000","pid":"000412000217000000","streetaddress":"35 NORTH RIVERDALE ROAD","townid":"4224","displayid":"412-217-0000","nh_gis_id":"064224-000412000217000000","objectid":659416}},{"geometry":{"type":"Polygon","coordinates":[[[-71.6769813701646,43.033824785872646],[-71.67702727547238,43.03383090470655],[-71.67707115333842,43.033842540870936],[-71.67711178153421,43.033859370417225],[-71.67714802615339,43.03388092266188],[-71.67717887842664,43.033906599086144],[-71.67720347803777,43.033935682335155],[-71.67722113767006,43.033967362319984],[-71.67723136755255,43.034000756018685],[-71.67723388160103,43.03403493358023],[-71.67722860969455,43.03406894082751],[-71.67721569890985,43.034101831663364],[-71.6771955086181,43.03413268787509],[-71.677168603129,43.0341606497412],[-71.67713572960818,43.03418493853848],[-71.67709780581008,43.034204877247504],[-71.67705588940387,43.034219909460106],[-71.67767456656392,43.03421577202421],[-71.67849890618693,43.03410653289202],[-71.67886205139996,43.03335293324564],[-71.6771158678362,43.033736941920125],[-71.6769813701646,43.033824785872646]]],"crs":null},"id":659417,"type":"Feature","properties":{"town":"Weare","name":"CamaID: 110-009-0000","pid":"000110000009000000","streetaddress":"12 JOSEF DRIVE","townid":"4224","displayid":"110-009-0000","nh_gis_id":"064224-000110000009000000","objectid":659417}},{"geometry":{"type":"Polygon","coordinates":[[[-71.73571517378696,43.03317178281136],[-71.7362732471201,43.03420029824421],[-71.73633448523549,43.0340742240757],[-71.73650190942018,43.03385483703846],[-71.73659116978354,43.033777405409595],[-71.73625104944567,43.03315271932822],[-71.73571517378696,43.03317178281136]]],"crs":null},"id":659418,"type":"Feature","properties":{"town":"Weare","name":"CamaID: 410-099-0000","pid":"000410000099000000","streetaddress":"291 POOR FARM ROAD","townid":"4224","displayid":"410-099-0000","nh_gis_id":"064224-000410000099000000","objectid":659418}},{"geometry":{"type":"Polygon","coordinates":[[[-71.67324323581762,43.03403989906996],[-71.67334488025017,43.034235704354046],[-71.67351017588169,43.03419470697921],[-71.67358169984789,43.033932828658486],[-71.6735541489474,43.033931162298686],[-71.67344349311723,43.03390723959025],[-71.67337573392618,43.033904334222825],[-71.6733242740592,43.033922611655086],[-71.67327464188737,43.033969180517005],[-71.6732489927681,43.034011479356096],[-71.67324323581762,43.03403989906996]]],"crs":null},"id":659419,"type":"Feature","properties":{"town":"Weare","name":"CamaID: 110-098-0000","pid":"000110000098000000","streetaddress":"45 DANIELS ROAD","townid":"4224","displayid":"110-098-0000","nh_gis_id":"064224-000110000098000000","objectid":659419}},{"geometry":{"type":"Polygon","coordinates":[[[-71.67024630881795,43.0330066416649],[-71.67037506115832,43.03425236997936],[-71.67086358660646,43.03401286549658],[-71.67113936635744,43.03338583184104],[-71.67123441264151,43.03305660482344],[-71.67120356000561,43.03282013398542],[-71.67110090180904,43.03259674096144],[-71.67058028693671,43.03283397017939],[-71.67024630881795,43.0330066416649]]],"crs":null},"id":659420,"type":"Feature","properties":{"town":"Weare","name":"CamaID: 110-077-0001","pid":"000110000077000001","streetaddress":"104/8 TWIN BRIDGE ROAD","townid":"4224","displayid":"110-077-0001","nh_gis_id":"064224-000110000077000001","objectid":659420}},{"geometry":{"type":"Polygon","coordinates":[[[-71.70485457118001,43.034225344277644],[-71.70507624883695,43.03424638636375],[-71.70521946524102,43.034239043199726],[-71.70654166800915,43.0340589937978],[-71.70668689385172,43.03404797448845],[-71.70684088187043,43.034056934873995],[-71.70699991717855,43.03409430005314],[-71.70732388704283,43.03419506157342],[-71.70739523730778,43.03420150935134],[-71.70746712822066,43.034201618769494],[-71.70753851426853,43.0341953865997],[-71.70760836227358,43.03418290503012],[-71.70767565752503,43.034164354461936],[-71.70773942464147,43.03414000350136],[-71.70779873861352,43.03411020535478],[-71.70785273952616,43.034075392421826],[-71.70790064482635,43.034036069989284],[-71.70794175790778,43.03399280902616],[-71.70797548282899,43.033946235375375],[-71.70800133167195,43.03389702525007],[-71.7080189294409,43.033845891728596],[-71.70802801896495,43.03379357845106],[-71.70802847070225,43.03374084251246],[-71.70802027659907,43.0336884490633],[-71.70657045337997,43.03359522058548],[-71.70657320425312,43.033805027611486],[-71.70433854378429,43.033982567444845],[-71.70435068375885,43.03413350096416],[-71.70463043908173,43.034195700517145],[-71.70485457118001,43.034225344277644]]],"crs":null},"id":659421,"type":"Feature","properties":{"town":"Weare","name":"CamaID: 411-267-0000","pid":"000411000267000000","streetaddress":"49 OAK RIDGE ROAD","townid":"4224","displayid":"411-267-0000","nh_gis_id":"064224-000411000267000000","objectid":659421}},{"geometry":{"type":"Polygon","coordinates":[[[-71.75840171366167,43.07456727114777],[-71.76143627053854,43.07509249069877],[-71.763708391349,43.0746447751195],[-71.76375965808316,43.074638052393354],[-71.75930915821513,43.0735792762713],[-71.75926396256854,43.07361374785211],[-71.75910931081717,43.07373164807825],[-71.75899423072269,43.073822431039396],[-71.75888615726926,43.07391773067765],[-71.7587854215623,43.07401725689228],[-71.75869233013495,43.074120705199384],[-71.75860716741296,43.074227763030855],[-71.75853019079071,43.07433810163656],[-71.75846163678494,43.07445138598085],[-71.75840171366167,43.07456727114777]]],"crs":null},"id":659422,"type":"Feature","properties":{"town":"Weare","name":"CamaID: 407-060-0000","pid":"000407000060000000","streetaddress":"201 HODGDON ROAD","townid":"4224","displayid":"407-060-0000","nh_gis_id":"064224-000407000060000000","objectid":659422}},{"geometry":{"type":"Polygon","coordinates":[[[-71.65700734516443,43.07605466087149],[-71.65703038837316,43.07605595455323],[-71.65706554462247,43.07603704589812],[-71.65709165456805,43.076002981263656],[-71.65712350509727,43.07588165940895],[-71.65716872476935,43.07568348418784],[-71.65721516401753,43.07548179208979],[-71.65729097549878,43.07521894861926],[-71.65736257957141,43.07498002218703],[-71.65746508957861,43.07470792342497],[-71.65757290948342,43.07447648373572],[-71.65769582801059,43.07429575874553],[-71.65776285477686,43.07413839132682],[-71.65641322311794,43.07496950095071],[-71.65639248260513,43.07498327074905],[-71.65654552312931,43.075112442170685],[-71.65671312002107,43.075294823531685],[-71.65684941550634,43.07549383614945],[-71.65695071523932,43.07568184649146],[-71.65699129888252,43.075818140625024],[-71.65701127685556,43.0759461100603],[-71.65700408035282,43.07599043007752],[-71.65699566517657,43.07603826694357],[-71.65700734516443,43.07605466087149]]],"crs":null},"id":659423,"type":"Feature","properties":{"town":"Weare","name":"CamaID: 409-134-0000","pid":"000409000134000000","streetaddress":"107 CLOUGH PARK ROAD","townid":"4224","displayid":"409-134-0000","nh_gis_id":"064224-000409000134000000","objectid":659423}},{"geometry":{"type":"Polygon","coordinates":[[[-71.65564140086123,43.07569282603396],[-71.655187008941,43.07617993736926],[-71.6568225402349,43.07609832213263],[-71.65680510224185,43.07602227362117],[-71.65674375599232,43.07581624708746],[-71.6566885439824,43.07563082317264],[-71.65665527081556,43.07557086373772],[-71.65564140086123,43.07569282603396]]],"crs":null},"id":659424,"type":"Feature","properties":{"town":"Weare","name":"CamaID: 409-106-0000","pid":"000409000106000000","streetaddress":"122 CLOUGH PARK ROAD","townid":"4224","displayid":"409-106-0000","nh_gis_id":"064224-000409000106000000","objectid":659424}},{"geometry":{"type":"Polygon","coordinates":[[[-71.72029919529838,43.07612770457197],[-71.7213148319938,43.076188696457386],[-71.72130242374396,43.07606989204208],[-71.72127488754997,43.075908366615224],[-71.72121864162904,43.075693205810964],[-71.72121623243454,43.075686281974235],[-71.72015756043737,43.075642234273666],[-71.72004258738521,43.075636689820406],[-71.72019500686518,43.07612282944237],[-71.72029919529838,43.07612770457197]]],"crs":null},"id":659425,"type":"Feature","properties":{"town":"Weare","name":"CamaID: 408-139-0000","pid":"000408000139000000","streetaddress":"66 MT WILLIAM POND ROAD","townid":"4224","displayid":"408-139-0000","nh_gis_id":"064224-000408000139000000","objectid":659425}},{"geometry":{"type":"Polygon","coordinates":[[[-71.79007136008852,43.07491684200219],[-71.79029854716293,43.07615260164292],[-71.79214713243343,43.07603177655271],[-71.79221624112728,43.076027258429825],[-71.79221621723995,43.076023376936384],[-71.7921964328675,43.07597348978747],[-71.79217968985532,43.07593069621483],[-71.79215689983357,43.07587913354351],[-71.79214743403455,43.07580225706657],[-71.79214543240877,43.07572096158565],[-71.79215670730885,43.07560666132689],[-71.79214597458412,43.07548657552058],[-71.7920732504801,43.074672847530806],[-71.79007136008852,43.07491684200219]]],"crs":null},"id":659426,"type":"Feature","properties":{"town":"Weare","name":"CamaID: 404-029-0000","pid":"000404000029000000","streetaddress":"WILDWOOD ROAD","townid":"4224","displayid":"404-029-0000","nh_gis_id":"064224-000404000029000000","objectid":659426}}],"type":"FeatureCollection","properties":{"exceededTransferLimit":false}}